Date,Open,High,Low,Close,Adj Close,Volume,RSI_14,MA_9,MA_21,MA_51,MACD,MACD_Signal,MACD_Hist
2015-03-17,208.066666,210.333328,206.699997,209.466660,125.061394,3799833,39.373858,125.278103,127.960391,134.454150,-3.116296,-3.121765,0.005469
2015-03-18,210.000000,210.300003,205.333328,206.133331,123.071243,4852030,35.327031,124.776143,127.385142,134.182162,-3.128039,-3.123020,-0.005019
2015-03-19,206.600006,209.266663,206.133331,207.933334,124.145920,5367529,38.974524,124.420125,126.844008,133.891052,-3.015863,-3.101589,0.085725
2015-03-20,208.133331,208.666672,205.600006,207.566666,123.926994,4793802,38.498186,124.214475,126.441237,133.564823,-2.911072,-3.063485,0.152414
2015-03-23,207.333328,210.233337,207.233337,209.600006,125.141014,4589812,42.681705,124.214475,126.080166,133.418488,-2.698950,-2.990578,0.291628
2015-03-24,207.066666,210.000000,206.000000,208.933334,126.350479,3764554,46.580294,124.565565,125.828812,133.257626,-2.405520,-2.873567,0.468047
2015-03-25,210.433334,210.966660,205.800003,206.433334,124.838631,4139605,42.673075,124.629265,125.616345,133.037853,-2.268814,-2.752616,0.483802
2015-03-26,207.333328,207.600006,199.199997,201.066666,121.593208,11858041,35.742113,124.257178,125.435084,132.682643,-2.394747,-2.681042,0.286295
2015-03-27,201.966660,205.566666,200.933334,203.300003,122.943787,5891944,40.102093,124.119186,125.278332,132.379669,-2.358383,-2.616510,0.258127
2015-03-30,203.333328,211.600006,202.566666,210.133331,127.076172,6601768,51.046813,124.343050,125.276662,132.218207,-1.973368,-2.487882,0.514514
2015-03-31,210.633331,213.066666,203.000000,204.233337,123.508186,6853342,43.633388,124.391599,125.002735,131.954787,-1.933855,-2.377077,0.443221
2015-04-01,204.666672,206.166672,203.666672,204.300003,123.548523,3321565,43.732875,124.325222,124.819813,131.673036,-1.877642,-2.277190,0.399548
2015-04-06,205.399994,212.166672,205.333328,211.500000,127.902657,5556453,53.312193,124.766962,124.835702,131.471979,-1.464864,-2.114725,0.649860
2015-04-07,213.333328,213.666672,210.000000,212.666672,128.608170,3490815,54.659161,125.152201,124.884239,131.281633,-1.068489,-1.905477,0.836989
2015-04-08,212.666672,212.666672,207.933334,208.666672,126.189224,5976249,49.397043,125.134284,124.828961,131.022004,-0.938726,-1.712127,0.773401
2015-04-09,209.666672,210.533340,205.666672,206.766663,125.040192,5713269,47.078520,125.156680,124.793834,130.773013,-0.918023,-1.553306,0.635283
2015-04-10,206.800003,210.533340,206.100006,206.500000,124.878944,8693394,46.746925,125.521762,124.781355,130.467401,-0.904204,-1.423486,0.519282
2015-04-13,209.000000,209.000000,206.733337,207.899994,125.725578,2797114,48.786582,125.830850,124.902065,130.210387,-0.815535,-1.301896,0.486360
2015-04-15,208.533340,215.133331,207.666672,211.433334,127.862350,9083739,53.615326,125.918203,125.073351,129.983954,-0.566317,-1.154780,0.588463
2015-04-16,212.399994,219.166672,212.333328,218.433334,132.095551,9836785,61.383495,126.872354,125.413997,129.812039,-0.026915,-0.929207,0.902292
2015-04-17,219.666672,221.899994,218.666672,220.000000,133.042953,6401871,62.881738,127.927291,125.835770,129.674309,0.471576,-0.649051,1.120626
2015-04-20,219.899994,221.933334,210.800003,214.533340,129.737045,4536202,54.880323,128.131112,126.058420,129.476050,0.593038,-0.400633,0.993671
2015-04-21,215.066666,218.266663,212.199997,213.566666,129.152481,4822603,53.581986,128.191591,126.348003,129.278036,0.634811,-0.193544,0.828355
2015-04-22,214.033340,215.899994,206.366669,208.199997,125.907036,7356646,46.942111,128.160237,126.431866,128.941462,0.401409,-0.074553,0.475962
2015-04-23,210.000000,210.266663,204.533340,205.300003,124.153282,5199051,43.784623,128.061691,126.442641,128.499480,0.074069,-0.044829,0.118898
2015-04-24,206.666672,212.600006,205.100006,211.233337,127.741409,7401441,51.040647,128.379743,126.566469,128.220727,0.102994,-0.015264,0.118258
2015-04-27,211.966660,211.966660,205.399994,206.233337,124.717720,3309372,45.688760,128.267759,126.488719,127.926781,-0.116724,-0.035556,-0.081167
2015-04-28,206.000000,209.066666,202.699997,205.033340,123.991951,5021299,44.483081,127.837714,126.448401,127.576851,-0.345433,-0.097532,-0.247901
2015-04-29,205.033340,206.366669,202.733337,204.199997,123.488045,4445740,43.622350,126.881325,126.538631,127.230308,-0.560882,-0.190202,-0.370680
2015-04-30,204.566666,205.866669,202.066666,202.666672,122.560776,9699340,42.011407,125.716638,126.520393,126.941287,-0.797260,-0.311613,-0.485646
2015-05-04,204.066666,220.333328,204.066666,218.899994,132.377731,16873108,59.192952,126.010048,126.772848,126.833049,-0.190251,-0.287341,0.097090
2015-05-05,220.666672,228.800003,219.000000,228.100006,137.941345,24530452,65.442234,126.986588,127.460141,126.887752,0.731314,-0.083610,0.814924
2015-05-06,226.399994,227.199997,216.733337,218.600006,132.196304,10301064,55.919174,127.685396,127.871940,126.822783,0.986711,0.130454,0.856256
2015-05-07,220.000000,220.866669,211.000000,213.366669,129.031525,5843113,51.475388,128.227423,127.925696,126.757024,0.923102,0.288984,0.634118
2015-05-08,213.966660,216.266663,209.233337,210.333328,127.197098,6429162,49.042583,128.166944,127.858502,126.648664,0.716410,0.374469,0.341941
2015-05-11,211.266663,213.866669,210.033340,212.666672,128.608170,5431555,50.962445,128.599216,127.973690,126.589433,0.658872,0.431350,0.227523
2015-05-12,213.399994,213.633331,204.800003,206.433334,124.838631,4464550,45.978833,128.693292,127.964092,126.501947,0.305580,0.406196,-0.100616
2015-05-13,208.100006,211.800003,205.666672,207.399994,125.423210,5646844,46.846918,128.908310,127.990009,126.502408,0.071935,0.339344,-0.267409
2015-05-14,208.066666,211.333328,206.100006,210.766663,127.459175,4257052,49.868410,129.452577,128.072561,126.526400,0.050473,0.281570,-0.231096
2015-05-15,210.600006,213.133331,208.333328,212.600006,128.567871,3325147,51.485705,129.029259,128.106158,126.554961,0.121526,0.249561,-0.128035
2015-05-18,213.533340,216.399994,213.100006,214.500000,129.716888,4586017,53.171809,128.115430,127.992888,126.563907,0.267469,0.253142,0.014326
2015-05-19,212.899994,214.199997,210.366669,211.733337,128.043777,4366932,50.423711,127.654038,127.754832,126.576729,0.245296,0.251573,-0.006277
2015-05-20,211.333328,212.833328,209.333328,209.699997,126.814095,3059541,48.442064,127.407657,127.615644,126.561927,0.127034,0.226665,-0.099631
2015-05-21,210.933334,212.633331,209.600006,212.199997,128.325943,3139372,50.992162,127.533084,127.576285,126.576379,0.153535,0.212039,-0.058505
2015-05-22,215.666672,216.666672,212.800003,215.366669,130.240982,3893322,54.089760,127.714508,127.782663,126.633063,0.325314,0.234694,0.090620
2015-05-25,216.000000,220.500000,215.466660,219.699997,132.861542,5574003,58.001701,128.605943,128.197342,126.771959,0.665239,0.320803,0.344436
2015-05-26,220.000000,220.566666,214.333328,215.000000,130.019257,2979945,52.751501,129.116614,128.305811,126.867611,0.697246,0.396092,0.301155
2015-05-27,216.000000,222.233337,213.766663,221.333328,133.849243,3477921,58.237279,129.826622,128.740646,127.076603,1.019903,0.520854,0.499049
2015-05-28,223.333328,224.800003,216.199997,218.600006,132.196304,8512186,55.255536,130.229781,129.131329,127.232112,1.129216,0.642527,0.486690
2015-05-29,212.000000,221.199997,208.800003,219.899994,132.982483,13023642,56.398980,130.592625,129.583445,127.389769,1.264706,0.766963,0.497744
2015-06-01,219.333328,219.933334,214.933334,216.066666,130.664307,2889510,52.165758,130.883795,129.969328,127.516800,1.171522,0.847874,0.323647
2015-06-02,219.166672,219.166672,212.199997,213.533340,129.132309,4511451,49.520425,131.141374,129.814784,127.596622,0.962952,0.870890,0.092062
2015-06-03,213.533340,215.533340,204.333328,205.233337,124.112938,5149029,42.004732,130.673263,129.156288,127.617047,0.388164,0.774345,-0.386181
2015-06-04,206.533340,206.533340,200.166672,200.899994,121.492401,7210408,38.702207,129.701198,128.646578,127.565017,-0.275639,0.564348,-0.839987
2015-06-05,201.633331,208.300003,198.199997,205.466660,124.254059,8311552,43.723751,128.744811,128.419080,127.571430,-0.572267,0.337025,-0.909292
2015-06-08,206.666672,206.666672,203.399994,204.266663,123.528389,3424894,42.733122,128.023604,128.244380,127.539810,-0.856035,0.098413,-0.954448
2015-06-09,203.399994,204.533340,200.233337,200.966660,121.532730,3158752,40.046016,126.655102,127.907454,127.445345,-1.227803,-0.166830,-1.060973
2015-06-10,201.333328,205.333328,201.333328,203.566666,123.105049,4509799,43.082726,125.644963,127.824902,127.411353,-1.379655,-0.409395,-0.970260
2015-06-11,204.066666,205.633331,200.266663,200.666672,121.351303,3997858,40.611862,124.352609,127.631002,127.406610,-1.622804,-0.652077,-0.970727
2015-06-12,200.666672,201.966660,199.666672,200.266663,121.109360,2924445,40.268743,123.290949,127.328630,127.370640,-1.814113,-0.884484,-0.929629
2015-06-15,200.666672,204.600006,199.033340,202.633331,122.540649,4211761,43.319614,122.558542,127.041619,127.281709,-1.829148,-1.073417,-0.755731
2015-06-16,202.633331,203.533340,200.000000,202.966660,122.742210,3878482,43.755293,122.406239,126.709492,127.266690,-1.804004,-1.219534,-0.584469
2015-06-17,203.333328,204.833328,202.233337,204.000000,123.367126,7374735,45.162672,122.614542,126.486794,127.263133,-1.713894,-1.318406,-0.395488
2015-06-18,204.266663,210.133331,203.500000,208.566666,126.128731,6067755,50.998026,122.822839,126.454158,127.228350,-1.403466,-1.335418,-0.068047
2015-06-19,209.833328,214.000000,209.399994,212.766663,128.668686,5823981,55.670365,123.393983,126.470479,127.229536,-0.941641,-1.256663,0.315022
2015-06-22,213.333328,213.333328,209.333328,212.266663,128.366287,4448203,54.997998,124.153267,126.381208,127.272224,-0.593204,-1.123971,0.530767
2015-06-23,212.666672,215.600006,211.866669,212.600006,128.567871,3509530,55.384833,124.760247,126.176747,127.341394,-0.297371,-0.958651,0.661280
2015-06-24,213.300003,215.333328,210.766663,211.933334,128.164688,3734515,54.378022,125.517290,126.088434,127.405821,-0.094368,-0.785794,0.691427
2015-06-25,211.133331,213.533340,207.800003,208.633331,126.169052,7207431,49.574304,126.079478,125.722711,127.414516,-0.093440,-0.647323,0.553884
2015-06-26,208.666672,210.333328,207.066666,208.800003,126.269875,1821207,49.815508,126.493836,125.440500,127.383291,-0.083605,-0.534580,0.450975
2015-06-29,206.066666,207.199997,204.000000,206.033340,124.596764,2261232,45.892441,126.699898,125.041180,127.236256,-0.208415,-0.469347,0.260932
2015-06-30,205.466660,207.566666,205.000000,206.399994,124.818459,3225894,46.493728,126.861157,124.762806,127.074991,-0.286140,-0.432705,0.146566
2015-07-01,206.000000,211.399994,205.800003,209.266663,126.552094,4331775,51.072636,126.908197,124.639939,127.012541,-0.205479,-0.387260,0.181781
2015-07-02,209.333328,210.066666,206.300003,206.666672,124.979752,3314205,47.132998,126.498316,124.681216,126.930723,-0.265371,-0.362882,0.097512
2015-07-03,208.000000,208.533340,205.566666,206.133331,124.657234,4952577,46.343327,126.086199,124.831922,126.906217,-0.334998,-0.357305,0.022307
2015-07-06,203.699997,206.000000,202.800003,205.500000,124.274208,3164748,45.371116,125.609125,124.832882,126.908588,-0.416286,-0.369101,-0.047185
2015-07-07,205.666672,206.033340,203.066666,203.300003,122.943787,3602245,42.069786,125.029025,124.805044,126.814517,-0.581360,-0.411553,-0.169807
2015-07-08,202.000000,205.166672,201.199997,201.966660,122.137444,3476700,40.162375,124.581068,124.833839,126.763924,-0.768390,-0.482921,-0.285470
2015-07-09,202.166672,203.266663,198.266663,199.133331,120.424049,5336425,36.387139,123.931532,124.706173,126.693965,-1.042848,-0.594906,-0.447942
2015-07-10,201.199997,201.199997,194.266663,195.933334,118.488846,10773607,32.653685,123.252875,124.569865,126.595941,-1.400370,-0.755999,-0.644371
2015-07-13,196.866669,197.266663,191.766663,193.733337,117.158424,7725928,30.348294,122.401760,124.381725,126.490013,-1.770652,-0.958930,-0.811722
2015-07-14,193.333328,195.266663,191.800003,193.133331,116.795578,4437270,29.731769,121.317702,124.108151,126.184480,-2.069525,-1.181049,-0.888477
2015-07-15,194.166672,196.833328,193.800003,194.133331,117.400345,4577782,32.203900,120.475546,123.853776,125.781716,-2.231858,-1.391210,-0.840647
2015-07-16,194.333328,196.500000,193.399994,194.399994,117.561600,3341661,32.881950,119.687142,123.577322,125.494761,-2.320743,-1.577117,-0.743626
2015-07-17,195.133331,196.233337,193.899994,195.199997,118.045387,2702260,34.982877,118.995051,123.192401,125.279346,-2.325343,-1.726762,-0.598580
2015-07-20,195.333328,196.066666,193.666672,194.566666,117.662369,1863025,34.073512,118.408227,122.668291,125.092391,-2.333001,-1.848010,-0.484991
2015-07-21,194.533340,194.600006,186.800003,187.500000,113.388893,4128988,25.963917,117.436166,121.955082,124.793974,-2.653318,-2.009072,-0.644247
2015-07-22,187.666672,191.966660,187.666672,189.899994,114.840271,3767242,31.892628,116.815746,121.301387,124.597927,-2.758262,-2.158910,-0.599353
2015-07-23,190.000000,190.300003,186.366669,189.233337,114.437103,5707321,31.146496,116.365552,120.647692,124.382513,-2.841212,-2.295370,-0.545842
2015-07-24,189.000000,190.600006,187.766663,188.566666,114.033928,3961647,30.381038,116.018386,120.069829,124.119273,-2.905984,-2.417493,-0.488491
2015-07-27,188.000000,188.566666,180.000000,181.000000,109.458092,10950876,23.363173,115.203110,119.269268,123.744572,-3.288639,-2.591722,-0.696917
2015-07-28,181.399994,181.666672,175.633331,179.899994,108.792839,8345236,22.547707,114.246720,118.516700,123.334296,-3.604032,-2.794184,-0.809847
2015-07-29,180.666672,181.066666,176.666672,179.833328,108.752541,10220164,22.496483,113.267936,117.751656,122.956037,-3.813277,-2.998003,-0.815274
2015-07-30,181.933334,182.933334,180.066666,180.600006,109.216179,5602353,24.618329,112.286913,116.926137,122.610980,-3.896774,-3.177757,-0.719017
2015-07-31,181.000000,184.333328,180.800003,181.800003,109.941833,3895096,27.943405,111.429075,116.210045,122.250507,-3.859897,-3.314185,-0.545712
2015-08-03,181.933334,185.000000,178.699997,182.433334,110.324860,4666620,29.705939,111.088627,115.527551,121.859995,-3.756463,-3.402640,-0.353822
2015-08-04,182.500000,182.500000,176.466660,177.566666,107.381783,7648746,24.705430,110.259906,114.723150,121.360392,-3.867391,-3.495591,-0.371801
2015-08-05,179.333328,181.333328,178.600006,180.000000,108.853317,3759064,30.963009,109.639486,114.052175,120.945373,-3.792841,-3.555041,-0.237800
2015-08-06,180.666672,182.333328,179.633331,180.633331,109.236328,3982426,32.534633,109.106419,113.437836,120.462767,-3.660656,-3.576164,-0.084492
2015-08-07,180.000000,189.300003,179.699997,188.566666,114.033928,14143717,48.385032,109.614845,113.133545,120.106642,-3.132660,-3.487463,0.354803
2015-08-10,189.333328,189.800003,182.666672,183.366669,110.889282,4017831,41.502259,109.847783,112.771661,119.673442,-2.934144,-3.376799,0.442655
2015-08-11,184.433334,184.433334,179.366669,180.033340,108.873497,2668081,37.791181,109.861223,112.377141,119.246171,-2.905977,-3.282635,0.376658
2015-08-12,180.000000,181.666672,177.066666,179.566666,108.591270,6082657,37.288444,109.791789,111.986459,118.843406,-2.873306,-3.200769,0.327463
2015-08-13,180.666672,182.666672,177.100006,179.833328,108.752541,6835678,37.797655,109.659645,111.574659,118.542221,-2.802100,-3.121035,0.318935
2015-08-14,181.366669,182.333328,178.699997,180.266663,109.014587,3797374,38.669099,109.514059,111.167658,118.297558,-2.693475,-3.035523,0.342048
2015-08-17,180.066666,180.100006,174.300003,176.000000,106.434387,7815285,33.667562,109.408793,110.614754,117.948153,-2.783503,-2.985119,0.201616
2015-08-18,177.333328,177.699997,173.333328,173.866669,105.144249,4157310,31.475374,108.996674,110.018653,117.587680,-2.925234,-2.973142,0.047908
2015-08-19,173.333328,175.199997,171.399994,173.733337,105.063606,5711535,31.338017,108.533039,109.622211,117.264756,-3.009374,-2.980388,-0.028985
2015-08-20,172.000000,172.466660,169.399994,170.533340,103.128479,7178769,28.162065,107.321322,109.064506,116.873058,-3.195370,-3.023385,-0.171985
2015-08-21,169.366669,171.600006,167.399994,170.633331,103.188927,6613182,28.406145,106.465727,108.528879,116.516933,-3.299856,-3.078679,-0.221177
2015-08-24,166.666672,167.199997,150.800003,151.800003,91.799637,19008639,16.814189,104.568631,107.470103,115.942233,-4.252661,-3.313475,-0.939186
2015-08-25,153.833328,156.966660,149.500000,153.766663,92.988953,10863165,20.464185,102.835041,106.685858,115.362788,-4.855823,-3.621945,-1.233878
2015-08-26,154.000000,157.733337,148.666672,149.899994,90.650650,7245826,18.724607,100.823719,105.821944,114.733541,-5.459580,-3.989472,-1.470108
2015-08-27,154.666672,155.600006,150.699997,153.533340,92.847862,11633059,25.162241,99.027417,105.064579,114.135125,-5.695116,-4.330601,-1.364515
2015-08-28,159.266663,164.266663,158.600006,162.433334,98.230057,10958608,38.096820,98.115824,104.541430,113.588092,-5.385402,-4.541561,-0.843841
2015-08-31,165.133331,165.600006,158.466660,159.533340,96.476295,9689886,35.918387,97.152718,103.900214,112.956868,-5.221277,-4.677504,-0.543773
2015-09-01,161.866669,162.233337,155.133331,156.066666,94.379860,10033095,33.455637,95.965636,103.140928,112.290468,-5.200425,-4.782088,-0.418337
2015-09-02,156.100006,157.000000,149.566666,150.133331,90.791718,9458158,29.701924,94.594884,102.350925,111.549759,-5.411057,-4.907882,-0.503175
2015-09-03,152.500000,154.533340,151.000000,152.766663,92.384216,3640380,33.279940,93.394361,101.566682,110.848181,-5.387381,-5.003782,-0.383599
2015-09-04,155.100006,155.100006,147.500000,150.366669,90.932846,7345293,31.696527,93.298051,100.695088,110.157275,-5.423215,-5.087669,-0.335547
2015-09-07,151.333328,152.233337,149.033340,150.699997,91.336891,5324035,32.657121,93.114488,99.614277,109.472315,-5.357256,-5.141586,-0.215670
2015-09-08,151.966660,153.666672,149.399994,153.266663,92.892532,6841087,36.367677,93.363586,98.757289,108.850663,-5.120431,-5.137355,0.016924
2015-09-09,155.366669,155.733337,152.833328,153.600006,93.094551,11075230,36.854261,93.390996,98.005910,108.228626,-4.860416,-5.081967,0.221551
2015-09-10,152.333328,153.233337,149.133331,151.266663,91.680359,6478407,34.845499,92.663252,97.200629,107.544866,-4.714124,-5.008399,0.294274
2015-09-11,152.433334,154.600006,151.466660,152.233337,92.266243,5834527,36.392314,92.195468,96.415567,106.903425,-4.499049,-4.906529,0.407480
2015-09-14,153.266663,153.600006,150.666672,153.100006,92.791519,3143677,37.817665,92.018986,95.643040,106.278607,-4.237369,-4.772697,0.535328
2015-09-15,153.266663,154.600006,150.533340,152.833328,92.629860,3661399,37.538866,92.223224,94.985681,105.658129,-3.996956,-4.617549,0.620593
2015-09-16,155.199997,155.199997,152.166672,153.666672,93.134964,4234243,39.050787,92.306641,94.413811,105.073643,-3.722755,-4.438590,0.715835
2015-09-18,154.066666,160.800003,153.266663,159.466660,96.650238,9682537,48.410157,92.941906,94.013174,104.573894,-3.185081,-4.187888,1.002807
2015-09-21,157.199997,159.899994,156.666672,159.300003,96.549225,2754552,48.181197,93.521055,93.699876,104.105760,-2.735586,-3.897428,1.161841
2015-09-22,161.199997,161.199997,155.433334,156.333328,94.751167,5576616,44.176035,93.727570,93.298078,103.640315,-2.495679,-3.617078,1.121399
2015-09-23,153.399994,158.633331,153.166672,157.699997,95.579460,3247758,46.386979,94.003671,93.478070,103.217198,-2.213201,-3.336303,1.123101
2015-09-24,157.733337,157.733337,150.733337,151.666672,91.922798,8968651,39.036530,94.030608,93.427301,102.729497,-2.258365,-3.120715,0.862350
2015-09-28,152.166672,152.300003,149.399994,150.066666,90.953033,4326612,37.346352,93.884696,93.441700,102.210922,-2.345373,-2.965647,0.620273
2015-09-29,149.199997,151.600006,145.133331,150.933334,91.478317,7599778,38.889783,93.738785,93.376483,101.699485,-2.344911,-2.841500,0.496588
2015-09-30,152.333328,153.866669,148.066666,152.899994,92.670265,7694695,42.359670,93.743274,93.111731,101.201933,-2.222743,-2.717748,0.495006
2015-10-01,152.899994,156.000000,152.000000,154.899994,93.882462,4161730,45.734307,93.826330,92.988215,100.735661,-2.004997,-2.575198,0.570201
2015-10-05,156.000000,160.800003,152.666672,160.333328,97.175507,5283105,53.669805,93.884693,93.121342,100.417751,-1.548856,-2.369929,0.821074
2015-10-06,160.666672,165.766663,159.733337,164.899994,99.943268,7663977,59.085363,94.261809,93.557130,100.125653,-0.953040,-2.086552,1.133512
2015-10-07,167.333328,173.899994,167.333328,171.833328,104.145485,9901197,65.650376,95.305622,94.117190,99.923857,-0.140152,-1.697272,1.557120
2015-10-08,173.600006,173.600006,168.166672,171.766663,104.105064,5335414,65.541437,96.252911,94.744439,99.729173,0.495099,-1.258797,1.753896
2015-10-09,174.000000,176.666672,173.466660,175.766663,106.529404,8515356,68.877224,97.875867,95.467892,99.671748,1.180555,-0.770927,1.951482
2015-10-12,175.833328,178.500000,174.866669,175.600006,106.428398,4243084,68.579351,99.595352,96.112457,99.625386,1.696082,-0.277525,1.973607
2015-10-13,173.033340,174.166672,168.166672,169.266663,102.589867,4640856,58.266498,100.829969,96.564614,99.504550,1.774449,0.132870,1.641579
2015-10-14,169.333328,175.533340,168.933334,170.000000,103.034332,4440331,59.034672,101.981532,97.105280,99.383337,1.851082,0.476512,1.374570
2015-10-15,171.399994,174.000000,169.399994,173.433334,105.115211,3456408,62.513574,103.229615,97.717135,99.288697,2.056023,0.792414,1.263609
2015-10-16,174.000000,176.866669,171.333328,176.000000,106.670830,3212586,64.912512,104.284651,98.378055,99.217050,2.317254,1.097382,1.219872
2015-10-19,176.066666,176.233337,170.666672,171.899994,104.185867,2694019,58.475019,104.756051,98.928341,99.154385,2.297284,1.337362,0.959921
2015-10-20,170.399994,171.500000,168.000000,168.766663,102.286819,3579358,54.062513,104.549533,99.364144,99.025630,2.103967,1.490683,0.613283
2015-10-21,168.000000,171.933334,167.666672,168.966660,102.408043,2408055,54.299580,104.360975,99.638325,98.891742,1.938201,1.580187,0.358014
2015-10-23,170.000000,174.000000,169.966660,171.533340,103.963661,3416214,57.341907,104.075892,99.991393,98.694286,1.910335,1.646216,0.264118
2015-10-26,171.333328,173.866669,169.600006,170.966660,103.620209,3776110,56.448425,103.763871,100.413729,98.551755,1.839334,1.684840,0.154494
2015-10-27,168.966660,169.466660,164.833328,165.266663,100.165520,7387659,48.296562,103.494499,100.632112,98.381010,1.487158,1.645303,-0.158146
2015-10-28,163.733337,168.333328,162.233337,167.866669,101.741379,8681943,51.721494,103.350838,101.099664,98.246698,1.319998,1.580242,-0.260244
2015-10-29,170.000000,170.166672,166.699997,167.233337,101.357513,11317210,50.838073,102.933316,101.595115,98.101698,1.143368,1.492868,-0.349499
2015-10-30,166.600006,167.000000,162.733337,164.633331,99.781670,5076523,47.268720,102.167853,101.990513,97.920660,0.866245,1.367543,-0.501298
2015-11-02,164.633331,165.866669,161.433334,164.933334,99.963486,2028091,47.724757,101.698700,102.337809,97.793780,0.653758,1.224786,-0.571028
2015-11-03,164.800003,167.666672,163.533340,167.133331,101.296875,2764398,51.067037,101.588706,102.690877,97.718341,0.586196,1.097068,-0.510872
2015-11-04,169.033340,169.466660,166.533340,168.066666,101.862556,3672546,52.455850,101.528097,102.914069,97.655575,0.571708,0.991996,-0.420288
2015-11-05,166.666672,169.199997,166.433334,167.100006,101.276649,4845283,50.846162,101.229540,102.977564,97.619265,0.507103,0.895017,-0.387914
2015-11-06,165.800003,171.066666,165.333328,167.633331,101.599937,6014388,51.726406,101.005065,102.856347,97.588108,0.476497,0.811313,-0.334816
2015-11-09,164.133331,167.333328,163.366669,166.199997,100.731201,4072977,49.177828,101.067919,102.695687,97.763237,0.377787,0.724608,-0.346821
2015-11-10,163.399994,165.199997,157.066666,157.800003,97.398201,5841889,40.859903,100.585343,102.260868,97.849693,0.030264,0.585739,-0.555475
2015-11-13,155.366669,155.666672,152.000000,152.600006,94.188583,6878205,34.762328,99.788795,101.678020,97.919064,-0.498394,0.368913,-0.867307
2015-11-16,152.266663,153.933334,147.500000,153.433334,94.702988,6538864,36.400463,99.224497,101.302454,97.955439,-0.865870,0.121956,-0.987826
2015-11-17,154.000000,155.500000,151.133331,154.899994,95.608208,9435519,39.289476,98.740578,100.948829,97.904030,-1.071700,-0.116775,-0.954925
2015-11-18,154.033340,155.166672,152.633331,153.800003,94.929298,3862231,37.898994,98.033069,100.463785,97.873697,-1.274908,-0.348402,-0.926506
2015-11-19,155.166672,155.800003,152.833328,155.333328,95.875710,2849844,41.031981,97.367864,99.949732,97.903028,-1.344090,-0.547539,-0.796551
2015-11-20,155.866669,157.166672,154.233337,156.033340,96.307762,2601568,42.459157,96.815765,99.574584,98.011185,-1.348510,-0.707733,-0.640776
2015-11-23,156.666672,157.266663,154.000000,154.466660,95.340767,2296134,40.118804,96.120302,99.243820,98.069157,-1.413744,-0.848935,-0.564808
2015-11-24,154.666672,158.899994,153.166672,155.199997,95.793419,5179723,41.737712,95.571660,98.928838,98.164462,-1.412633,-0.961675,-0.450958
2015-11-26,155.399994,157.933334,154.533340,156.566666,96.636932,8200903,44.736087,95.487074,98.579946,98.268385,-1.328376,-1.035015,-0.293361
2015-11-27,157.666672,159.166672,156.233337,156.933334,96.863258,2854024,45.545847,95.784260,98.258186,98.346242,-1.229170,-1.073846,-0.155324
2015-11-30,156.000000,157.266663,153.466660,156.100006,96.348923,5898439,43.969110,95.967142,98.076444,98.410053,-1.178466,-1.094770,-0.083696
2015-12-01,156.366669,158.966660,155.366669,157.066666,96.945580,3545680,46.291915,96.115739,97.848072,98.513293,-1.077715,-1.091359,0.013644
2015-12-02,158.066666,158.666672,155.533340,157.199997,97.027855,3121284,46.620532,96.348912,97.641898,98.606658,-0.979933,-1.069074,0.089141
2015-12-03,155.399994,155.933334,152.066666,153.133331,94.517784,7426180,38.817278,96.198031,97.391237,98.640506,-1.092390,-1.073737,-0.018653
2015-12-04,151.833328,154.066666,150.699997,151.466660,93.489105,5123203,36.147041,95.884847,97.082933,98.657354,-1.250109,-1.109011,-0.141097
2015-12-07,152.033340,152.333328,148.533340,149.266663,92.131203,3621073,32.927075,95.528229,96.646472,98.637672,-1.467753,-1.180760,-0.286994
2015-12-08,148.000000,148.166672,142.699997,143.833328,88.777596,8794702,26.620153,94.748693,96.023379,98.483307,-1.889071,-1.322422,-0.566649
2015-12-09,143.333328,145.333328,141.933334,144.733337,89.333122,6323689,29.044678,93.937158,95.454640,98.341815,-2.153319,-1.488601,-0.664718
2015-12-10,145.266663,147.266663,143.199997,146.533340,90.444115,6848703,33.758477,93.223920,94.923410,98.257363,-2.247186,-1.640318,-0.606868
2015-12-11,146.333328,147.199997,142.933334,143.566666,88.613007,6528895,30.197680,92.364374,94.346353,98.120766,-2.441191,-1.800493,-0.640698
2015-12-14,141.666672,143.066666,140.833328,142.266663,87.810631,4778763,28.765854,91.349380,93.889802,98.040135,-2.629376,-1.966269,-0.663107
2015-12-15,143.333328,145.733337,142.199997,145.199997,89.621155,4919511,36.125475,90.526413,93.672306,98.014020,-2.602421,-2.093500,-0.508921
2015-12-16,146.466660,151.733337,144.899994,151.100006,93.262772,8363692,47.806001,90.386967,93.603724,98.049009,-2.261146,-2.127029,-0.134117
2015-12-17,150.666672,150.866669,146.666672,149.866669,92.501541,9229494,45.915819,90.277238,93.455787,98.045701,-2.028722,-2.107368,0.078646
2015-12-18,148.666672,149.866669,147.466660,148.833328,91.863739,7201576,44.334155,90.247520,93.309808,98.006118,-1.874383,-2.060771,0.186388
2015-12-21,148.666672,154.033340,147.800003,153.633331,94.826424,4999317,52.516515,90.919612,93.259842,97.960057,-1.495762,-1.947769,0.452007
2015-12-22,153.633331,155.000000,152.199997,153.699997,94.867561,4596822,52.620655,91.534549,93.191261,97.860534,-1.178794,-1.793974,0.615180
2015-12-23,155.266663,157.600006,154.166672,157.033340,96.924995,6021352,57.626119,92.254647,93.266701,97.718955,-0.752898,-1.585759,0.832860
2015-12-24,158.666672,159.866669,155.533340,155.899994,96.225464,4388542,55.479981,93.100476,93.287274,97.564453,-0.466442,-1.361896,0.895453
2015-12-28,156.000000,160.866669,156.000000,160.133331,98.838356,5296623,61.280500,94.325779,93.392104,97.413649,-0.028260,-1.095168,1.066909
2015-12-29,160.000000,161.233337,158.300003,159.833328,98.653206,3552853,60.677212,95.329340,93.477340,97.261194,0.300598,-0.816015,1.116613
2015-12-30,160.000000,161.866669,159.600006,159.933334,98.714935,3927882,60.815718,95.935136,93.590007,97.185215,0.559749,-0.540862,1.100611
2015-12-31,159.666672,162.533340,156.766663,161.166672,99.476189,6598665,62.566779,96.710097,93.710512,97.115447,0.817135,-0.269263,1.086398
2016-01-01,159.933334,162.266663,158.733337,161.666672,99.784805,2771977,63.283137,97.590215,93.841795,97.010929,1.034098,-0.008591,1.042689
2016-01-04,160.666672,163.199997,157.100006,158.699997,97.953697,3125131,56.388059,97.937690,94.005410,96.840005,1.046227,0.202373,0.843854
2016-01-05,160.000000,162.833328,159.366669,161.233337,99.517319,3646312,60.359870,98.454330,94.292468,96.748465,1.168541,0.395607,0.772934
2016-01-06,161.333328,161.533340,156.433334,158.366669,97.747955,3007210,54.330187,98.545770,94.559933,96.659468,1.109908,0.538467,0.571441
2016-01-07,154.000000,155.933334,149.366669,151.066666,93.242210,7609386,42.646840,98.214297,94.772533,96.479746,0.691889,0.569151,0.122738
2016-01-08,152.000000,154.533340,150.433334,153.433334,94.702988,6898318,46.652227,97.754812,95.028241,96.298164,0.473026,0.549926,-0.076900
2016-01-11,150.666672,151.500000,148.100006,150.333328,92.789566,6413395,42.468482,97.103296,95.139929,96.085798,0.143524,0.468646,-0.325122
2016-01-12,149.333328,149.533340,146.666672,147.566666,91.081902,5543673,39.098487,96.255181,95.257496,95.907688,-0.252492,0.324418,-0.576911
2016-01-13,148.666672,149.300003,145.033340,148.800003,91.843178,5384575,41.333485,95.407069,95.449522,95.713606,-0.499156,0.159704,-0.658859
2016-01-14,147.300003,150.333328,144.399994,148.833328,91.863739,6523576,41.396041,94.526950,95.556311,95.527453,-0.685082,-0.009254,-0.675828
2016-01-15,149.600006,149.600006,145.199997,146.300003,90.300095,4512582,38.071365,93.676550,95.415232,95.341540,-0.947678,-0.196938,-0.750740
2016-01-18,144.666672,145.333328,140.833328,142.933334,88.222099,5734035,34.146473,92.421526,95.211449,95.111317,-1.308383,-0.419227,-0.889155
2016-01-19,143.733337,146.266663,141.000000,145.333328,89.703438,3797908,38.976203,91.527690,95.108577,94.883994,-1.457906,-0.626963,-0.830943
2016-01-20,142.733337,143.399994,139.466660,142.199997,87.769455,6518908,35.332818,90.919607,94.772531,94.607659,-1.712717,-0.844114,-0.868603
2016-01-21,142.433334,143.166672,137.300003,138.199997,85.300560,8879593,31.309237,89.874892,94.316960,94.294402,-2.089787,-1.093248,-0.996538
2016-01-22,141.300003,144.666672,139.866669,144.166672,88.983360,7253737,41.931878,89.451981,93.938786,94.047019,-2.067611,-1.288121,-0.779490
2016-01-25,146.933334,147.500000,144.366669,146.433334,90.382401,4864044,45.387026,89.374258,93.660545,93.844101,-1.915071,-1.413511,-0.501560
2016-01-27,146.466660,147.833328,144.666672,145.600006,89.868042,6744064,44.342382,89.154799,93.233388,93.696451,-1.814766,-1.493762,-0.321004
2016-01-28,145.333328,147.199997,143.500000,146.600006,90.485268,8761006,45.950044,89.001635,92.844438,93.623837,-1.666262,-1.528262,-0.138000
2016-01-29,147.533340,151.899994,147.333328,150.833328,93.098167,12759739,52.239363,89.312532,92.576973,93.592370,-1.322487,-1.487107,0.164620
2016-02-01,151.866669,151.866669,147.699997,150.033340,92.604408,3822741,51.030940,89.799455,92.249745,93.533472,-1.077464,-1.405178,0.327714
2016-02-02,148.133331,149.600006,143.600006,144.366669,89.106781,6900480,43.376422,89.733160,91.741268,93.419305,-1.152229,-1.354589,0.202359
2016-02-03,142.466660,144.666672,140.199997,142.033340,87.666603,4843966,40.671225,89.721732,91.251406,93.258342,-1.312561,-1.346183,0.033622
2016-02-04,145.266663,147.000000,144.166672,146.666672,90.526413,6016540,47.652671,90.302383,90.823268,93.144982,-1.195087,-1.315964,0.120877
2016-02-05,146.866669,147.899994,145.033340,146.633331,90.505844,5710669,47.609277,90.471547,90.478406,93.050180,-1.091069,-1.270985,0.179915
2016-02-08,146.666672,146.800003,141.100006,142.699997,88.078079,2764110,42.670179,90.215512,90.232495,92.898898,-1.190809,-1.254950,0.064141
2016-02-09,140.600006,146.366669,140.333328,145.433334,89.765167,3651745,46.800461,90.204081,89.997360,92.764158,-1.120799,-1.228120,0.107321
2016-02-10,142.566666,144.000000,140.533340,142.333328,87.851768,4066759,43.015379,89.911470,89.762227,92.587462,-1.205811,-1.223658,0.017847
2016-02-11,142.533340,142.600006,133.366669,135.433334,83.592903,8787048,36.030370,88.855330,89.405608,92.337344,-1.598413,-1.298609,-0.299804
2016-02-12,133.333328,133.333328,125.166664,128.833328,79.519218,10102654,30.867177,87.401420,88.818753,91.995651,-2.212758,-1.481439,-0.731319
2016-02-15,132.399994,134.133331,129.766663,133.566666,82.440742,7157805,37.756126,86.660749,88.370039,91.709629,-2.435810,-1.672313,-0.763497
2016-02-16,135.766663,137.399994,132.066666,133.300003,82.276154,10491013,37.529237,86.061810,87.987946,91.469597,-2.595937,-1.857038,-0.738899
2016-02-17,133.333328,134.666672,131.466660,133.566666,82.440742,7290019,37.930923,85.163402,87.712644,91.252962,-2.678679,-2.021366,-0.657313
2016-02-18,135.766663,140.399994,135.333328,139.399994,86.041237,7799662,46.096275,84.667335,87.538253,91.133551,-2.425761,-2.102245,-0.323516
2016-02-19,137.966660,141.399994,137.333328,140.766663,86.884766,5419069,47.827926,84.534744,87.496125,91.096437,-2.132671,-2.108330,-0.024341
2016-02-22,141.333328,143.399994,140.466660,142.933334,88.222099,3601842,50.540702,84.363292,87.635246,91.074652,-1.772057,-2.041076,0.269019
2016-02-23,143.800003,145.199997,141.233337,143.066666,88.304405,3593367,50.710568,84.413585,87.602915,91.032697,-1.462764,-1.925413,0.462649
2016-02-24,141.866669,141.866669,138.800003,139.600006,86.164688,2618155,46.262263,84.699339,87.402071,90.984691,-1.374461,-1.815223,0.440762
2016-02-25,141.600006,145.199997,139.733337,144.166672,88.983360,5778484,52.209442,85.750910,87.359944,91.007685,-1.064763,-1.665131,0.600368
2016-02-26,144.933334,145.699997,142.733337,144.033340,88.901054,4205824,52.028374,86.468723,87.284505,90.993566,-0.816553,-1.495415,0.678862
2016-02-29,144.833328,147.399994,128.333328,129.399994,79.868980,23809857,36.903229,86.201259,86.654544,90.730943,-1.333289,-1.462990,0.129701
2016-03-01,129.266663,129.266663,125.699997,127.666664,78.799126,23118147,35.583661,85.796635,85.997149,90.462268,-1.808289,-1.532050,-0.276239
2016-03-02,129.600006,131.533340,128.066666,129.966660,80.218735,15524956,38.715139,85.149690,85.573909,90.233934,-2.046588,-1.634958,-0.411631
2016-03-03,131.000000,133.899994,129.166672,131.466660,81.144577,16866745,40.738525,84.511892,85.263336,89.965663,-2.136110,-1.735188,-0.400922
2016-03-04,133.266663,136.266663,132.666672,133.800003,82.584785,22523046,43.844452,83.885523,84.885163,89.724824,-2.067017,-1.801554,-0.265463
2016-03-08,135.166672,137.566666,134.000000,134.566666,83.057983,12258796,44.866882,83.302588,84.530503,89.452922,-1.951580,-1.831559,-0.120021
2016-03-09,134.666672,137.333328,134.199997,136.833328,84.457047,7688815,47.887934,83.112850,84.358073,89.222169,-1.727292,-1.810706,0.083414
2016-03-10,139.300003,139.300003,136.233337,137.133331,84.642174,13467873,48.291695,82.630496,84.114121,88.943812,-1.517116,-1.751988,0.234872
2016-03-11,138.399994,138.399994,134.800003,136.733337,84.395294,14262115,47.760258,82.129856,83.949527,88.664245,-1.354852,-1.672561,0.317708
2016-03-14,138.333328,139.333328,137.166672,138.833328,85.691467,7498647,50.820301,82.776799,84.049459,88.408883,-1.108885,-1.559826,0.450941
2016-03-15,137.333328,138.600006,136.699997,138.266663,85.341713,5504455,49.969715,83.503753,84.326720,88.131736,-0.931439,-1.434148,0.502709
2016-03-16,138.199997,139.166672,136.600006,137.666672,85.279785,5188654,49.810746,84.066092,84.461913,87.847324,-0.786740,-1.304666,0.517927
2016-03-17,139.033340,143.266663,139.000000,141.500000,87.654373,8394324,55.638461,84.789402,84.718019,87.645377,-0.474980,-1.138729,0.663749
2016-03-18,142.500000,143.333328,141.666672,143.066666,88.624901,6776230,57.795465,85.460526,85.012502,87.431800,-0.147890,-0.940561,0.792672
2016-03-21,142.666672,145.000000,142.000000,144.433334,89.471474,5801745,59.638984,86.173136,85.175847,87.269516,0.177596,-0.716930,0.894526
2016-03-22,144.433334,146.100006,143.333328,144.066666,89.244362,6610557,58.895738,86.705060,85.288209,87.191127,0.412465,-0.491051,0.903516
2016-03-23,144.266663,145.166672,141.266663,143.066666,88.624901,5978227,56.815893,87.147586,85.307390,87.071949,0.542363,-0.284368,0.826731
2016-03-28,144.333328,145.800003,141.600006,142.633331,88.356461,7205974,55.894731,87.587715,85.309869,86.985025,0.616540,-0.104187,0.720726
2016-03-29,143.966660,144.000000,140.466660,141.500000,87.654373,5003185,53.453704,87.805816,85.380806,86.917819,0.611623,0.038975,0.572647
2016-03-30,142.000000,146.000000,141.533340,145.266663,89.987686,5849823,59.745599,88.322035,85.428631,86.881436,0.786933,0.188567,0.598366
2016-03-31,143.133331,145.033340,141.433334,142.733337,88.418396,18261630,54.417751,88.670770,85.405647,86.813881,0.790132,0.308880,0.481252
2016-04-01,143.000000,143.300003,138.733337,139.199997,86.229622,10266195,47.989739,88.512464,85.708535,86.734067,0.609030,0.368910,0.240120
2016-04-04,138.966660,139.100006,136.366669,138.199997,85.610146,5494027,46.321986,88.177491,86.032869,86.682853,0.410784,0.377285,0.033499
2016-04-05,137.333328,139.000000,136.033340,137.000000,84.866806,4906771,44.331132,87.665861,86.254206,86.588017,0.191484,0.340124,-0.148641
2016-04-06,137.800003,138.666672,136.000000,137.399994,85.114555,4317508,45.176851,87.206994,86.443253,86.535960,0.037249,0.279549,-0.242301
2016-04-07,139.366669,139.666672,137.800003,138.500000,85.795998,5045077,47.537669,86.892671,86.596167,86.545674,-0.029655,0.217708,-0.247364
2016-04-08,138.533340,139.633331,137.100006,137.433334,85.135231,2418253,45.491991,86.534757,86.695084,86.470221,-0.134445,0.147278,-0.281723
2016-04-11,139.066666,139.500000,136.800003,138.399994,85.734024,5192644,47.688873,86.321385,86.755892,86.379076,-0.167247,0.084373,-0.251620
2016-04-12,138.566666,141.766663,138.100006,140.899994,87.282684,6343279,52.968458,86.020829,86.881631,86.328383,-0.067500,0.053998,-0.121498
2016-04-13,143.333328,143.600006,141.866669,142.233337,88.108650,6437622,55.545447,85.986413,87.058458,86.281783,0.077307,0.058660,0.018647
2016-04-18,141.166672,141.166672,137.399994,138.366669,85.713394,4950201,47.429385,85.929054,87.059502,86.136983,-0.001196,0.046689,-0.047884
2016-04-20,139.266663,140.466660,138.699997,139.899994,86.663239,4820409,50.517100,86.046065,87.122431,86.020490,0.013084,0.039968,-0.026884
2016-04-21,141.433334,142.966660,141.166672,141.966660,87.943474,7037139,54.404327,86.387917,87.249274,85.997680,0.126250,0.057224,0.069026
2016-04-22,143.933334,144.899994,141.766663,144.066666,89.244362,4497202,58.013664,86.846784,87.324988,86.028616,0.317248,0.109229,0.208019
2016-04-25,144.300003,144.300003,141.133331,141.533340,87.675041,2813826,52.603901,87.055567,87.279756,85.972707,0.338088,0.155001,0.183087
2016-04-26,141.466660,143.733337,140.633331,142.866669,88.500992,4140094,54.983203,87.429540,87.233543,85.933396,0.416450,0.207291,0.209159
2016-04-27,144.000000,149.166672,143.933334,147.866669,91.598320,10536442,62.571252,88.081128,87.345636,86.002420,0.720179,0.309868,0.410311
2016-04-28,148.199997,150.266663,143.500000,144.566666,89.554092,11597841,55.876818,88.333507,87.389883,85.998282,0.786864,0.405267,0.381597
2016-04-29,145.366669,147.166672,143.733337,144.833328,89.719269,6088467,56.283809,88.512465,87.454779,86.034899,0.843320,0.492878,0.350442
2016-05-02,145.333328,147.266663,144.000000,145.166672,89.925781,4911861,56.820078,88.980508,87.562941,86.159073,0.894415,0.573185,0.321229
2016-05-03,146.033340,146.466660,142.000000,143.533340,88.913979,5806392,53.365946,89.230590,87.511812,86.343284,0.843540,0.627256,0.216284
2016-05-04,143.199997,143.533340,140.000000,140.433334,86.993614,4247746,47.467882,89.125050,87.443965,86.432556,0.640876,0.629980,0.010896
2016-05-05,141.300003,142.166672,140.000000,140.333328,86.931679,4590195,47.286363,88.868085,87.477397,86.523841,0.469850,0.597954,-0.128104
2016-05-06,140.366669,140.433334,138.066666,138.966660,86.085060,3327823,44.766329,88.691421,87.500012,86.595298,0.262964,0.530956,-0.267992
2016-05-09,139.933334,141.666672,139.399994,141.066666,87.385941,4008649,49.242484,88.567526,87.619970,86.621665,0.201652,0.465095,-0.263444
2016-05-10,141.300003,141.300003,137.533340,138.600006,85.857933,3924151,44.663905,87.929705,87.655369,86.601531,0.029424,0.377961,-0.348537
2016-05-11,137.966660,137.966660,135.399994,136.833328,84.763565,5481087,41.675150,87.397424,87.606206,86.533717,-0.193147,0.263739,-0.456887
2016-05-12,138.733337,138.966660,136.500000,137.533340,85.197182,7061337,43.294302,86.894970,87.609156,86.472791,-0.330735,0.144845,-0.475579
2016-05-13,137.300003,137.300003,134.666672,135.833328,84.144081,7262070,40.363594,86.252559,87.533444,86.433171,-0.518771,0.012122,-0.530892
2016-05-16,136.266663,136.600006,133.333328,135.066666,83.669144,10092505,39.078799,85.669800,87.361371,86.328971,-0.698067,-0.129916,-0.568151
2016-05-17,137.066666,141.333328,136.733337,140.166672,86.828445,14657428,50.390938,85.651448,87.300409,86.288331,-0.578562,-0.219645,-0.358916
2016-05-18,140.199997,143.533340,139.733337,142.833328,88.480347,8832225,55.086923,85.823522,87.432169,86.457182,-0.346563,-0.245029,-0.101535
2016-05-19,142.000000,142.166672,139.466660,140.033340,86.745850,6740377,49.760622,85.896943,87.436102,86.613000,-0.299213,-0.255866,-0.043348
2016-05-20,141.199997,143.100006,140.300003,142.066666,88.005424,4576983,53.292449,85.965775,87.439052,86.765680,-0.158227,-0.236338,0.078111
2016-05-23,142.800003,143.000000,138.333328,138.766663,85.961197,5845633,47.460934,85.977248,87.282711,86.860123,-0.209037,-0.230878,0.021841
2016-05-24,139.000000,139.133331,136.366669,137.766663,85.341721,4087501,45.824518,86.041488,87.171601,86.914181,-0.295880,-0.243878,-0.052002
2016-05-25,139.133331,140.500000,138.766663,140.100006,86.787140,3108448,50.143973,86.218150,87.089989,86.987302,-0.245243,-0.244151,-0.001092
2016-05-26,140.666672,147.433334,140.466660,144.033340,89.223709,13519851,56.447820,86.782553,86.976912,87.080766,-0.008406,-0.197002,0.188596
2016-05-27,145.333328,145.933334,141.199997,142.000000,87.964134,10044087,52.735695,87.259774,86.901200,87.145902,0.076768,-0.142248,0.219016
2016-05-30,142.666672,143.800003,142.000000,142.300003,88.149963,4589130,53.224425,87.406609,86.826471,87.219523,0.157448,-0.082309,0.239757
2016-05-31,143.333328,143.666672,139.866669,140.500000,87.034935,8791201,49.890827,87.246008,86.688812,87.245866,0.129917,-0.039864,0.169781
2016-06-01,140.933334,142.199997,140.066666,140.433334,86.993614,4521807,49.766431,87.273538,86.597366,87.278256,0.103570,-0.011177,0.114747
2016-06-02,140.333328,142.566666,139.433334,141.866669,87.881554,4079509,52.506843,87.259774,86.639648,87.329271,0.152580,0.021574,0.131006
2016-06-03,142.533340,143.000000,140.733337,141.233337,87.489189,4345935,51.178231,87.429551,86.666197,87.326032,0.157940,0.048848,0.109093
2016-06-06,141.800003,142.233337,140.199997,140.533340,87.055573,3665349,49.682055,87.619979,86.712411,87.295261,0.125749,0.064228,0.061521
2016-06-07,141.333328,142.633331,141.166672,141.966660,87.943474,5568472,52.729469,87.748461,86.738961,87.265300,0.169925,0.085367,0.084558
2016-06-08,143.000000,144.833328,142.666672,143.833328,89.099792,5491938,56.430232,87.734692,86.893335,87.262465,0.294841,0.127262,0.167579
2016-06-09,144.699997,148.199997,144.666672,147.100006,91.123405,10532686,62.032314,88.085722,87.196184,87.311456,0.550778,0.211965,0.338812
2016-06-10,146.666672,148.466660,144.666672,145.466660,90.111610,4451983,58.015705,88.303683,87.430205,87.345870,0.664308,0.302434,0.361874
2016-06-13,144.000000,144.266663,141.666672,142.166672,88.067368,2914852,50.851471,88.418398,87.617028,87.353968,0.582612,0.358470,0.224143
2016-06-14,142.633331,143.199997,140.800003,141.866669,87.881554,3050001,50.244119,88.517058,87.817619,87.312672,0.497144,0.386204,0.110939
2016-06-15,142.199997,143.000000,141.699997,142.466660,88.253197,2865534,51.492026,88.558351,87.885464,87.309432,0.454162,0.399796,0.054366
2016-06-16,142.000000,142.033340,140.366669,141.133331,87.427254,3296191,48.576148,88.551470,87.835317,87.332915,0.349425,0.389722,-0.040297
2016-06-17,141.766663,141.833328,140.133331,140.500000,87.034935,4717605,47.208656,88.549177,87.849083,87.360852,0.232087,0.358195,-0.126108
2016-06-20,140.433334,143.500000,140.233337,142.566666,88.315147,5253388,51.961153,88.590474,87.863832,87.428467,0.239636,0.334483,-0.094847
2016-06-21,143.866669,145.466660,143.333328,145.033340,89.843170,4754095,56.943462,88.673071,88.048688,87.521185,0.364713,0.340529,0.024184
2016-06-22,144.966660,146.266663,144.000000,145.566666,90.173546,4300168,57.958722,88.567531,88.278774,87.607019,0.484907,0.369405,0.115502
2016-06-23,145.333328,146.366669,142.800003,145.666672,90.235512,4451146,58.158009,88.581298,88.442983,87.707025,0.578493,0.411222,0.167270
2016-06-24,142.399994,142.600006,138.000000,139.600006,86.477409,6098569,44.408908,88.404636,88.312206,87.721601,0.345431,0.398064,-0.052633
2016-06-27,138.666672,141.566666,138.466660,140.100006,86.787140,3541858,45.551396,88.283034,88.256159,87.711884,0.183604,0.355172,-0.171568
2016-06-28,140.000000,141.233337,139.666672,140.899994,87.282684,3242284,47.413500,88.175200,88.214860,87.695689,0.094254,0.302988,-0.208734
2016-06-29,141.833328,143.433334,141.399994,143.166672,88.686852,3248850,52.382870,88.315155,88.293523,87.753992,0.135191,0.269429,-0.134238
2016-06-30,143.866669,146.333328,143.333328,144.199997,89.326958,7536646,54.493993,88.569824,88.404634,87.806222,0.216785,0.258900,-0.042115
2016-07-01,144.600006,153.199997,144.300003,150.000000,92.919838,8428420,64.111826,89.081457,88.644553,87.903798,0.564853,0.320091,0.244763
2016-07-04,153.000000,156.866669,153.000000,154.699997,95.831322,16861305,69.700407,89.746807,89.041797,88.032954,1.063375,0.468748,0.594627
2016-07-05,153.733337,157.600006,152.366669,153.833328,95.294464,6551590,67.609721,90.315798,89.434125,88.182354,1.399009,0.654800,0.744209
2016-07-07,153.833328,154.566666,150.766663,151.066666,93.580620,5971878,61.289445,90.687476,89.702561,88.281955,1.509311,0.825702,0.683609
2016-07-08,150.000000,150.199997,148.166672,148.866669,92.217773,3248257,56.746608,91.325294,89.851036,88.294101,1.469812,0.954524,0.515288
2016-07-11,150.000000,151.733337,149.033340,150.000000,92.919838,6210183,58.454953,92.006705,89.936580,88.360096,1.478121,1.059244,0.418878
2016-07-12,150.066666,152.966660,150.066666,151.933334,94.117500,4319643,61.265527,92.766129,90.127337,88.446336,1.563327,1.160060,0.403266
2016-07-13,155.766663,161.033340,154.766663,156.100006,96.698601,17397438,66.521958,93.656324,90.538348,88.579136,1.818167,1.291682,0.526485
2016-07-14,156.266663,156.500000,152.733337,153.699997,95.211861,9416404,61.356940,94.310202,90.887410,88.702624,1.878508,1.409047,0.469461
2016-07-15,154.066666,154.866669,152.366669,153.500000,95.087982,8673333,60.932417,94.551107,91.212876,88.861337,1.894494,1.506136,0.388358
2016-07-18,152.666672,152.666672,144.733337,145.733337,90.276794,11088225,47.256909,93.933937,91.348569,88.926927,1.501631,1.505235,-0.003604
2016-07-19,145.000000,148.333328,144.666672,147.333328,91.267914,10601104,49.758498,93.486543,91.550139,89.028552,1.255783,1.455345,-0.199562
2016-07-20,147.333328,149.600006,146.500000,149.266663,92.465584,9715894,52.679271,93.362650,91.747779,89.128153,1.144397,1.393155,-0.248758
2016-07-21,149.866669,151.166672,148.000000,148.399994,91.928703,4614313,51.241203,93.330531,91.847090,89.247188,1.001259,1.314776,-0.313517
2016-07-22,148.600006,149.100006,147.199997,148.300003,91.866760,4734196,51.067986,93.213522,91.927719,89.386466,0.872762,1.226373,-0.353611
2016-07-25,147.866669,151.466660,147.800003,151.199997,93.663193,5161390,55.740771,93.163044,92.090942,89.552466,0.905447,1.162188,-0.256741
2016-07-26,151.266663,153.066666,148.733337,149.566666,92.651413,6075612,52.688930,92.713356,92.384943,89.719277,0.840025,1.097755,-0.257731
2016-07-27,149.466660,151.666672,146.699997,148.833328,92.197144,3982969,51.330076,92.378387,92.642562,89.886492,0.742957,1.026796,-0.283839
2016-07-28,148.833328,150.199997,147.066666,147.566666,91.412468,12199317,48.980249,91.969997,92.839218,89.976375,0.595845,0.940605,-0.344761
2016-07-29,148.000000,149.233337,146.433334,146.733337,90.896263,4943548,47.441599,92.038827,92.944428,90.023746,0.432617,0.839008,-0.406391
2016-08-01,148.199997,148.966660,145.333328,145.866669,90.359383,4868154,45.829096,91.937879,92.993591,90.094600,0.256974,0.722601,-0.465627
2016-08-02,145.833328,147.933334,145.066666,147.399994,91.309242,5714404,49.123842,91.809397,92.916896,90.159380,0.192205,0.616522,-0.424317
2016-08-03,148.000000,148.600006,145.333328,145.833328,90.338730,6926821,46.042492,91.632733,92.655344,90.245214,0.061851,0.505587,-0.443737
2016-08-04,149.266663,149.266663,145.766663,146.566666,90.793015,5368087,47.696329,91.513428,92.440990,90.352102,-0.004745,0.403521,-0.408266
2016-08-05,147.333328,151.133331,146.866669,150.633331,93.312180,4722490,55.788879,91.474426,92.428207,90.480044,0.144092,0.351635,-0.207543
2016-08-08,150.933334,151.333328,149.433334,150.733337,93.374123,3995137,55.969276,91.554727,92.483271,90.561425,0.264002,0.334109,-0.070107
2016-08-09,152.533340,153.233337,151.399994,152.666672,94.571732,11431887,59.417124,91.818570,92.561933,90.690986,0.450476,0.357382,0.093094
2016-08-10,152.666672,154.000000,151.000000,152.699997,94.592415,10287928,59.476143,92.171898,92.584547,90.817308,0.593089,0.404524,0.188566
2016-08-11,152.500000,154.600006,151.500000,154.266663,95.562912,9320215,62.250248,92.690414,92.530467,90.984524,0.775484,0.478716,0.296768
2016-08-12,154.866669,156.266663,153.199997,155.733337,96.471451,5870230,64.687364,93.369533,92.590448,91.170363,0.982024,0.579377,0.402646
2016-08-16,156.666672,157.566666,154.866669,156.800003,97.132217,5039550,66.387011,94.016530,92.687792,91.351749,1.185362,0.700574,0.484788
2016-08-17,156.933334,158.933334,156.166672,158.533340,98.205978,5430909,68.998317,94.890669,93.065372,91.561882,1.416821,0.843824,0.572997
2016-08-18,158.866669,161.433334,158.333328,160.899994,99.672020,5751255,72.176546,95.877225,93.465568,91.809263,1.698966,1.014852,0.684114
2016-08-19,161.533340,162.333328,160.366669,161.066666,99.775291,5606353,72.391262,96.595349,93.813649,92.041260,1.908897,1.193661,0.715236
2016-08-22,161.066666,162.600006,158.866669,159.566666,98.846062,3785410,67.354535,97.203342,94.143047,92.232363,1.977492,1.350427,0.627065
2016-08-23,158.333328,159.800003,157.733337,158.933334,98.453735,5012451,65.289098,97.634676,94.456713,92.376095,1.977403,1.475822,0.501580
2016-08-24,159.866669,162.000000,159.500000,160.666672,99.527489,3600733,68.166322,98.183017,94.735965,92.560720,2.040454,1.588749,0.451705
2016-08-25,161.000000,161.833328,158.000000,158.533340,98.205978,4189737,61.418583,98.476691,95.000468,92.759517,1.961180,1.663235,0.297945
2016-08-26,158.733337,159.233337,157.333328,158.933334,98.453735,2902111,62.174567,98.696945,95.298401,92.966814,1.896485,1.709885,0.186600
2016-08-29,158.933334,159.666672,157.833328,158.199997,97.999474,2465332,59.858634,98.793307,95.612068,93.157918,1.787949,1.725498,0.062451
2016-08-30,159.033340,161.666672,158.133331,161.133331,99.816559,4245724,65.409093,98.972260,96.036844,93.400845,1.827491,1.745896,0.081594
2016-08-31,159.333328,160.800003,156.766663,157.533340,98.916580,9766926,60.916344,98.888323,96.444329,93.633819,1.765851,1.749887,0.015964
2016-09-01,158.000000,159.433334,156.733337,157.733337,99.042152,4602483,61.315604,98.806863,96.812563,93.844152,1.707452,1.741400,-0.033949
2016-09-02,158.000000,160.100006,156.766663,159.166672,99.942146,4273123,64.142872,98.928650,97.269869,94.042171,1.714033,1.735927,-0.021894
2016-09-06,159.833328,161.133331,158.666672,159.033340,99.858429,3884562,63.676672,99.084727,97.701555,94.232071,1.692978,1.727337,-0.034359
2016-09-07,159.466660,164.199997,158.866669,163.300003,102.537514,17504218,70.952576,99.419174,98.140857,94.473287,1.870905,1.756051,0.114855
2016-09-08,166.666672,169.933334,162.733337,164.199997,103.102638,15232855,72.216805,99.963248,98.604119,94.799272,2.034067,1.811654,0.222413
2016-09-09,164.666672,171.666672,164.666672,169.966660,106.723549,17437126,78.633484,100.882116,99.182777,95.190182,2.427568,1.934837,0.492731
2016-09-12,166.666672,168.566666,165.466660,167.333328,105.070068,7995681,70.613362,101.667737,99.681713,95.538954,2.576300,2.063129,0.513170
2016-09-14,166.699997,168.399994,163.466660,165.466660,103.897964,8058135,65.512437,102.121227,100.078621,95.837211,2.569967,2.164497,0.405470
2016-09-15,166.699997,166.866669,163.399994,165.666672,104.023575,3706279,65.797581,102.688671,100.438246,96.125380,2.545738,2.240745,0.304993
2016-09-16,166.266663,168.666672,165.333328,166.866669,104.777046,12910044,67.531726,103.325881,100.802285,96.357874,2.557850,2.304166,0.253684
2016-09-19,167.166672,170.333328,166.866669,169.433334,106.388664,6271972,70.927167,104.042161,101.191937,96.564881,2.666753,2.376683,0.290069
2016-09-20,169.666672,173.600006,168.833328,171.833328,107.895668,12886207,73.697147,104.935187,101.583539,96.811963,2.841901,2.469727,0.372174
2016-09-21,171.333328,173.000000,169.133331,170.233337,106.891006,6438340,68.978747,105.418909,101.922383,97.072951,2.866596,2.549101,0.317495
2016-09-22,172.600006,174.100006,172.000000,173.000000,108.628220,8053006,72.283238,106.032862,102.388200,97.394725,2.991857,2.637652,0.354205
2016-09-23,172.699997,175.566666,172.300003,173.699997,109.067764,7589790,73.065039,106.293331,102.893630,97.711351,3.090964,2.728314,0.362650
2016-09-26,173.000000,173.666672,165.433334,166.366669,104.463089,13915599,55.426832,106.225889,103.128658,97.914205,2.766063,2.735864,0.030199
2016-09-27,166.600006,167.866669,164.233337,165.033340,103.625870,10949967,52.925151,106.195656,103.386748,98.050034,2.413202,2.671332,-0.258130
2016-09-28,165.333328,168.266663,163.600006,167.766663,105.342163,9666958,57.190807,106.342166,103.714769,98.248668,2.246155,2.586296,-0.340141
2016-09-29,170.666672,172.000000,165.500000,166.766663,104.714249,14336461,55.219374,106.335188,104.034520,98.437418,2.039591,2.476955,-0.437364
2016-09-30,167.600006,171.566666,166.399994,171.100006,107.435188,9438718,61.424744,106.451469,104.397312,98.773857,2.071565,2.395877,-0.324312
2016-10-03,171.333328,174.633331,168.266663,173.500000,108.942184,6960220,64.369676,106.567748,104.874721,99.120411,2.193224,2.355347,-0.162123
2016-10-04,174.666672,183.266663,174.233337,182.366669,114.509621,17825014,72.670569,107.414261,105.611267,99.552647,2.707673,2.425812,0.281861
2016-10-05,182.666672,183.500000,177.100006,177.766663,111.621269,9426820,64.301015,107.746822,106.167416,99.938776,2.849465,2.510542,0.338922
2016-10-06,179.333328,182.300003,177.333328,179.433334,112.667747,9511054,65.836247,108.146820,106.777384,100.346639,3.011563,2.610747,0.400816
2016-10-07,180.266663,182.466660,177.800003,178.233337,111.914284,11598678,63.711757,108.974731,107.223897,100.704503,3.044137,2.697425,0.346713
2016-10-10,179.600006,180.000000,175.699997,177.966660,111.746864,7032378,63.223558,109.877063,107.635526,101.078924,3.021612,2.762262,0.259350
2016-10-13,178.933334,183.266663,176.833328,181.833328,114.174744,14122951,67.154196,110.858461,107.990345,101.509857,3.163207,2.842451,0.320756
2016-10-14,182.666672,186.133331,181.199997,184.699997,115.974739,9532546,69.736687,112.109627,108.509615,101.991470,3.381684,2.950298,0.431387
2016-10-17,184.699997,186.666672,183.699997,185.633331,116.560814,7432578,70.548639,113.123585,109.112608,102.494697,3.561071,3.072452,0.488619
2016-10-18,186.133331,187.333328,183.100006,184.333328,115.744537,7430623,67.819428,113.879402,109.670749,102.992445,3.595918,3.177145,0.418772
2016-10-19,184.666672,186.933334,184.266663,185.699997,116.602654,7137429,69.169695,114.111961,110.233873,103.488394,3.650694,3.271855,0.378839
2016-10-20,187.266663,188.766663,185.366669,187.566666,117.774757,6078450,70.961944,114.795682,110.776068,104.026355,3.745508,3.366586,0.378922
2016-10-21,187.333328,187.366669,184.033340,186.533340,117.125908,3639472,68.585036,115.291033,111.215603,104.542687,3.725348,3.438338,0.287010
2016-10-24,186.699997,195.766663,185.666672,194.899994,122.379402,15753549,75.686189,116.453824,111.953146,105.112632,4.086182,3.567907,0.518275
2016-10-25,195.333328,195.800003,191.733337,192.500000,120.872437,11650041,70.746102,117.467777,112.536204,105.651815,4.202106,3.694747,0.507359
2016-10-26,192.333328,195.233337,190.866669,193.399994,121.437561,6344125,71.497426,118.274757,113.125242,106.178596,4.290124,3.813822,0.476302
2016-10-27,194.666672,198.266663,189.399994,193.866669,121.730591,24448257,71.900418,118.914296,113.947504,106.710717,4.333569,3.917771,0.415797
2016-10-28,195.300003,196.300003,190.533340,191.266663,120.098030,10070332,66.277995,119.307320,114.731893,107.191798,4.187989,3.971815,0.216174
2016-11-01,193.533340,193.533340,187.866669,192.766663,121.039902,11064357,67.840456,119.895693,115.479404,107.673532,4.101339,3.997720,0.103619
2016-11-02,190.000000,190.533340,183.833328,184.833328,116.058495,14774770,53.675461,119.835231,116.019606,108.044635,3.589335,3.916043,-0.326708
2016-11-03,182.433334,182.666672,178.000000,178.366669,113.845825,10778124,48.801215,119.398683,116.324875,108.351299,2.970779,3.726990,-0.756211
2016-11-04,178.533340,181.300003,176.666672,179.666672,114.675552,7203463,50.612360,119.126422,116.597892,108.645486,2.518489,3.485290,-0.966801
2016-11-07,182.000000,182.666672,177.566666,178.133331,113.696884,4419261,48.435923,118.161697,116.559190,108.918458,2.057360,3.199704,-1.142344
2016-11-08,178.933334,181.133331,176.899994,180.399994,115.143616,5654563,51.739743,117.525162,116.726921,109.238018,1.788040,2.917371,-1.129331
2016-11-09,168.133331,180.666672,166.666672,179.933334,114.845749,7471795,51.014997,116.792738,116.830635,109.559430,1.532896,2.640476,-1.107580
2016-11-10,182.000000,186.300003,180.800003,184.000000,117.441376,5849239,56.706061,116.316159,117.093830,109.910683,1.522586,2.416898,-0.894312
2016-11-11,182.000000,185.866669,180.066666,182.300003,116.356369,6617526,53.887711,115.900419,117.313331,110.266573,1.410604,2.215639,-0.805035
2016-11-15,180.166672,190.966660,179.666672,183.733337,117.271172,12179968,55.878808,115.481671,117.460779,110.635542,1.379770,2.048465,-0.668696
2016-11-16,186.000000,189.733337,180.733337,181.600006,115.909554,8986996,52.261619,115.465122,117.457675,110.986720,1.231268,1.885026,-0.653758
2016-11-17,180.833328,185.333328,180.133331,182.166672,116.271248,5879166,53.129568,115.734613,117.443887,111.309361,1.129743,1.733969,-0.604226
2016-11-18,182.300003,185.166672,182.300003,183.399994,117.058403,6513859,55.045173,115.999374,117.506452,111.665083,1.100119,1.607199,-0.507081
2016-11-21,183.733337,185.466660,181.766663,184.033340,117.462646,7038115,56.038846,116.417792,117.547404,112.026270,1.096619,1.505083,-0.408464
2016-11-22,187.300003,189.000000,183.399994,185.266663,118.249870,8852827,57.986432,116.762932,117.570028,112.385244,1.144179,1.432902,-0.288724
2016-11-23,186.000000,187.633331,184.000000,186.600006,119.100899,6432657,60.047093,117.235726,117.664075,112.762548,1.236290,1.393580,-0.157290
2016-11-24,186.666672,187.800003,183.399994,184.833328,117.973267,7236183,56.119396,117.294825,117.454259,113.065210,1.204414,1.355747,-0.151333
2016-11-25,184.500000,186.566666,183.600006,184.966660,118.058388,4391635,56.351493,117.483938,117.320257,113.358460,1.172505,1.319098,-0.146593
2016-11-28,183.533340,190.333328,183.033340,189.333328,120.845482,6170169,63.212616,117.881084,117.292063,113.635360,1.356475,1.326574,0.029902
2016-11-29,189.500000,191.866669,187.533340,189.866669,121.185883,6467512,63.957796,118.467343,117.266124,113.951357,1.512308,1.363721,0.148587
2016-11-30,189.333328,194.133331,188.433334,192.600006,122.930496,10633435,67.582216,119.207259,117.401004,114.324544,1.756336,1.442244,0.314092
2016-12-01,196.666672,199.066666,194.000000,194.766663,124.313393,12753523,70.145040,120.013369,117.556884,114.722383,2.037828,1.561360,0.476467
2016-12-02,195.800003,197.199997,193.600006,194.166672,123.930428,7668508,68.529320,120.732012,117.931738,115.097940,2.204596,1.690008,0.514589
2016-12-05,192.800003,197.766663,192.800003,196.933334,125.696304,5358345,71.759505,121.559393,118.496047,115.476521,2.451000,1.842206,0.608794
2016-12-06,198.199997,199.833328,197.766663,199.166672,127.121788,6281910,74.072958,122.450603,119.088724,115.853504,2.729833,2.019731,0.710101
2016-12-07,199.933334,200.300003,197.466660,198.066666,126.419708,6324726,70.988456,123.389097,119.694573,116.236419,2.861176,2.188020,0.673156
2016-12-08,198.699997,202.933334,198.699997,202.199997,129.057877,7229704,75.172194,124.611262,120.357157,116.637001,3.141927,2.378802,0.763125
2016-12-09,202.766663,205.199997,202.733337,204.533340,130.547211,5012332,77.173473,125.689232,121.104846,117.058166,3.444890,2.592019,0.852871
2016-12-12,206.666672,209.733337,206.666672,207.633331,132.525787,7390621,79.533702,126.949221,121.823151,117.608415,3.800832,2.833782,0.967050
2016-12-13,209.300003,209.300003,205.833328,208.000000,132.759857,11867766,79.799803,128.041373,122.604269,118.179670,4.055061,3.078038,0.977023
2016-12-14,206.766663,207.633331,202.733337,203.533340,129.908920,14303529,68.173303,128.663098,123.206067,118.661371,3.980607,3.258551,0.722055
2016-12-15,202.800003,208.600006,201.350006,206.449997,131.770493,10011138,71.131014,129.534216,123.961350,119.191886,4.025412,3.411924,0.613489
2016-12-16,207.699997,207.949997,200.800003,201.699997,128.738708,6046045,61.162066,129.872261,124.555038,119.609602,3.772791,3.484097,0.288694
2016-12-19,203.100006,203.399994,200.100006,201.399994,128.547256,6134651,60.584636,130.030646,125.102127,119.994015,3.516601,3.490598,0.026003
2016-12-20,201.399994,201.449997,197.500000,199.850006,127.557953,4487663,57.560536,130.157118,125.582856,120.249865,3.196888,3.431856,-0.234968
2016-12-21,200.600006,202.350006,199.649994,201.500000,128.611099,4699901,59.857639,130.107476,126.076247,120.582999,2.993981,3.344281,-0.350300
2016-12-22,200.899994,200.899994,194.100006,194.899994,124.398521,5073928,48.540034,129.424288,126.328515,120.813014,2.464843,3.168393,-0.703551
2016-12-23,196.949997,197.250000,192.500000,192.949997,123.153893,5637468,45.785552,128.382967,126.575212,121.033398,1.922899,2.919295,-0.996395
2016-12-26,192.000000,192.750000,188.149994,189.000000,120.632706,4468708,40.742045,127.035506,126.697798,121.207630,1.275266,2.590489,-1.315223
2016-12-27,190.000000,190.899994,187.699997,190.300003,121.462486,4972743,42.968736,126.097013,126.727179,121.350527,0.819522,2.236296,-1.416774
2016-12-28,189.500000,192.100006,189.250000,189.899994,121.207184,4245082,42.440330,124.923312,126.728194,121.453124,0.432752,1.875587,-1.442835
2016-12-29,190.000000,193.750000,189.949997,191.600006,122.292236,13079156,45.507468,124.207037,126.697800,121.565505,0.211352,1.542740,-1.331388
2016-12-30,192.699997,193.350006,190.250000,191.350006,122.132668,3664012,45.126639,123.494305,126.593956,121.690763,0.022753,1.238743,-1.215989
2017-01-02,191.800003,193.000000,191.350006,192.250000,122.707153,2690448,46.851116,122.955327,126.535705,121.810459,-0.079441,0.975106,-1.054547
2017-01-03,193.399994,193.750000,191.149994,192.500000,122.866661,4764310,47.345900,122.317056,126.400960,121.910300,-0.145878,0.750909,-0.896787
2017-01-04,193.500000,196.750000,192.100006,194.800003,124.334709,7507779,51.793914,122.309966,126.268242,122.051649,-0.079158,0.584896,-0.664054
2017-01-05,195.300003,200.250000,195.300003,199.649994,127.430260,6831388,59.552881,122.785118,126.316364,122.150685,0.220956,0.512108,-0.291152
2017-01-06,200.000000,206.949997,200.000000,202.550003,129.281265,8399536,63.351397,123.746069,126.327001,122.315564,0.601228,0.529932,0.071297
2017-01-09,203.949997,204.949997,197.100006,198.000000,126.377159,4783989,54.675600,124.292144,126.128427,122.412419,0.660645,0.556074,0.104570
2017-01-10,198.899994,203.000000,197.699997,198.449997,126.664383,6865373,55.327212,124.898499,125.849313,122.509160,0.722579,0.589375,0.133204
2017-01-11,198.600006,200.000000,197.300003,197.649994,126.153748,3657809,53.845110,125.327556,125.534736,122.627900,0.722135,0.615927,0.106208
2017-01-12,198.500000,201.699997,198.500000,199.550003,127.366432,7180398,56.804483,125.909086,125.413665,122.751949,0.810296,0.654801,0.155495
2017-01-13,203.000000,203.949997,200.050003,201.300003,128.483429,7173268,59.387518,126.550894,125.257139,122.995576,0.959238,0.715688,0.243550
2017-01-16,201.000000,201.800003,198.050003,198.350006,126.600548,4070898,53.572039,126.965770,125.155321,123.245668,0.914799,0.755510,0.159288
2017-01-17,199.000000,199.649994,193.000000,194.800003,124.334709,4631529,47.539062,126.965770,124.954724,123.435063,0.688805,0.742169,-0.053364
2017-01-18,195.500000,198.399994,193.750000,198.000000,126.377159,9444964,52.708934,126.848759,124.898496,123.683696,0.666826,0.727101,-0.060275
2017-01-19,197.850006,201.449997,196.850006,200.850006,128.196259,11378619,56.792954,126.728203,124.878741,123.939630,0.787120,0.739105,0.048015
2017-01-20,200.850006,202.000000,195.449997,197.300003,125.930351,7834336,50.896790,126.678558,124.951686,124.156976,0.691641,0.729612,-0.037971
2017-01-23,197.300003,201.800003,197.300003,199.899994,127.589836,5350419,54.613175,126.781386,125.162921,124.355965,0.741334,0.731956,0.009378
2017-01-24,201.149994,202.199997,199.350006,201.600006,128.674911,3600754,56.909653,127.061515,125.545883,124.597505,0.858378,0.757241,0.101138
2017-01-25,201.949997,205.699997,201.949997,204.899994,130.781174,11413512,61.031426,127.440931,125.989630,124.862407,1.108318,0.827456,0.280862
2017-01-27,206.000000,208.000000,203.149994,204.500000,130.525894,5089894,60.278838,127.667871,126.433378,125.149002,1.271145,0.916194,0.354951
2017-01-30,204.500000,205.449997,200.800003,201.850006,128.834503,4594038,55.404028,127.916089,126.744915,125.395340,1.249305,0.982816,0.266489
2017-01-31,210.000000,211.800003,201.000000,202.550003,129.281265,39669868,56.406859,128.465706,127.085324,125.635004,1.253595,1.036972,0.216623
2017-02-01,203.000000,205.000000,199.500000,200.199997,127.781334,11271144,52.165586,128.621725,127.326952,125.837331,1.123018,1.054181,0.068837
2017-02-02,201.000000,204.500000,200.399994,200.850006,128.196259,8549969,53.213599,128.621725,127.580742,126.032359,1.041016,1.051548,-0.010532
2017-02-03,201.699997,203.199997,200.550003,200.949997,128.260025,4940894,53.382636,128.880578,127.767662,126.211949,0.969992,1.035237,-0.065245
2017-02-06,202.800003,202.850006,198.750000,199.000000,127.015419,5926274,49.614756,128.816754,127.747908,126.389246,0.804008,0.988991,-0.184983
2017-02-07,198.000000,199.500000,192.649994,193.300003,124.788193,10805646,43.674056,128.384896,127.533952,126.521203,0.487130,0.888619,-0.401489
2017-02-08,194.000000,196.000000,192.550003,194.399994,125.498337,7106853,45.898409,127.797914,127.492103,126.612436,0.289963,0.768888,-0.478925
2017-02-09,195.449997,196.199997,192.449997,192.899994,124.529991,6092204,43.382590,127.131703,127.390466,126.678007,0.054936,0.626097,-0.571162
2017-02-10,194.000000,195.449997,193.100006,193.649994,125.014145,6287846,45.005660,126.707219,127.336199,126.718862,-0.091207,0.482637,-0.573843
2017-02-13,194.300003,194.500000,190.800003,192.250000,124.110382,4083916,42.553342,126.132676,127.181149,126.714882,-0.276761,0.330757,-0.607518
2017-02-14,193.000000,196.199997,191.850006,195.699997,126.337563,7785934,49.811106,125.972257,127.078965,126.762081,-0.241318,0.216342,-0.457660
2017-02-15,195.899994,197.800003,194.149994,194.949997,125.853401,5793110,48.380155,125.711939,127.043386,126.765161,-0.249422,0.123189,-0.372611
2017-02-16,196.050003,196.300003,193.750000,194.100006,125.304688,3343438,46.741304,125.383569,127.089576,126.729532,-0.296700,0.039211,-0.335912
2017-02-17,195.000000,195.199997,193.500000,194.399994,125.498337,3230898,47.418262,125.215004,127.047727,126.711465,-0.314913,-0.031614,-0.283299
2017-02-20,194.699997,196.199997,192.250000,195.300003,126.079346,8954741,49.492594,125.358465,126.946922,126.653063,-0.279245,-0.081140,-0.198105
2017-02-21,195.750000,196.750000,194.500000,196.250000,126.692657,3280290,51.660444,125.491168,126.983222,126.577483,-0.199193,-0.104750,-0.094442
2017-02-22,198.000000,198.500000,195.100006,195.600006,126.273064,5671343,50.076851,125.684842,126.920518,126.454881,-0.167675,-0.117335,-0.050340
2017-02-23,195.899994,197.600006,194.350006,196.000000,126.531250,20504597,51.070752,125.853410,126.818439,126.332751,-0.120476,-0.117963,-0.002512
2017-02-27,197.000000,198.000000,193.800003,194.699997,125.692009,7881156,47.743445,126.029146,126.576098,126.250067,-0.149071,-0.124185,-0.024886
2017-02-28,197.100006,197.300003,192.649994,193.550003,124.949593,10367585,44.953295,125.874927,126.310560,126.116324,-0.229000,-0.145148,-0.083852
2017-03-01,196.699997,196.699997,193.399994,193.850006,125.143272,11243767,45.842484,125.796024,126.134787,126.045825,-0.273562,-0.170831,-0.102731
2017-03-02,194.800003,194.899994,192.149994,192.699997,124.400856,6978509,42.976698,125.695598,125.902387,125.964523,-0.364582,-0.209581,-0.155001
2017-03-03,192.350006,193.500000,191.600006,193.050003,124.626823,4294857,44.121689,125.598763,125.752172,125.907050,-0.413713,-0.250407,-0.163306
2017-03-06,193.500000,194.750000,193.000000,193.800003,125.110970,3847930,46.595914,125.491166,125.605253,125.838420,-0.408871,-0.282100,-0.126771
2017-03-07,194.000000,196.949997,193.500000,196.399994,126.789459,7768654,54.172132,125.501922,125.535226,125.885301,-0.266520,-0.278984,0.012464
2017-03-08,197.000000,197.199997,192.300003,192.949997,124.562241,6553289,45.041170,125.311830,125.418408,125.912916,-0.329625,-0.289112,-0.040513
2017-03-09,191.500000,191.699997,189.100006,189.649994,122.431877,6323875,38.377770,124.856344,125.306203,125.948194,-0.545253,-0.340340,-0.204913
2017-03-10,189.699997,192.449997,188.300003,191.600006,123.690727,7822853,43.679948,124.633980,125.220126,125.991885,-0.607558,-0.393784,-0.213774
2017-03-14,194.600006,194.600006,191.500000,191.899994,123.884438,8850096,44.471710,124.515629,125.189386,126.044380,-0.633995,-0.441826,-0.192169
2017-03-15,191.300003,192.949997,190.500000,190.699997,123.109749,4219974,41.932815,124.289682,125.098700,126.060409,-0.709282,-0.495317,-0.213965
2017-03-16,193.000000,193.600006,191.250000,191.800003,123.819870,6732778,45.030738,124.225128,125.084866,126.093492,-0.703537,-0.536961,-0.166575
2017-03-17,192.000000,192.399994,189.449997,190.000000,122.657829,7462534,41.160855,124.006351,124.909641,126.092525,-0.783716,-0.586312,-0.197404
2017-03-20,190.050003,191.699997,189.699997,190.850006,123.206581,5070076,43.624720,123.794752,124.783602,126.099190,-0.793828,-0.627815,-0.166013
2017-03-21,191.000000,194.449997,191.000000,194.050003,125.272385,6715278,51.806320,123.626188,124.782063,126.117576,-0.627911,-0.627835,-0.000077
2017-03-22,192.500000,193.899994,191.000000,192.500000,124.271759,4960436,48.160402,123.593913,124.723655,126.055644,-0.570586,-0.616385,0.045799
2017-03-23,193.550003,194.500000,192.750000,193.600006,124.981865,4208188,50.806281,123.877245,124.671394,125.971342,-0.462523,-0.585613,0.123089
2017-03-24,193.350006,193.399994,191.350006,191.899994,123.884438,9289757,46.828372,123.898768,124.537669,125.922465,-0.460132,-0.560516,0.100384
2017-03-27,191.800003,192.000000,188.500000,188.899994,121.947693,4780041,40.762667,123.683574,124.331699,125.829981,-0.607513,-0.569916,-0.037597
2017-03-28,189.699997,190.000000,186.300003,186.899994,120.656586,9790503,37.294561,123.411001,124.051953,125.722194,-0.819054,-0.619743,-0.199310
2017-03-29,187.899994,188.100006,186.399994,186.949997,120.688850,9676087,37.437811,123.063110,123.813708,125.591261,-0.972883,-0.690371,-0.282512
2017-03-30,187.050003,188.250000,183.000000,183.899994,118.719864,14882692,32.550754,122.625558,123.517054,125.399818,-1.239388,-0.800175,-0.439213
2017-03-31,184.899994,186.300003,184.199997,185.000000,119.429977,8217678,35.805410,122.205935,123.244992,125.259219,-1.377416,-0.915623,-0.461793
2017-04-03,185.199997,186.350006,184.800003,185.800003,119.946434,4802523,38.143203,121.614163,123.032877,125.173174,-1.428662,-1.018231,-0.410432
2017-04-05,186.350006,186.699997,184.750000,186.250000,120.236931,6772865,39.478295,121.165849,122.823834,125.052778,-1.429358,-1.100456,-0.328902
2017-04-06,186.000000,188.100006,185.199997,187.550003,121.076218,7216198,43.286857,120.731888,122.631703,124.913169,-1.346662,-1.149697,-0.196965
2017-04-07,187.750000,188.449997,185.649994,186.399994,120.333771,8049423,40.838582,120.337369,122.324290,124.803432,-1.325752,-1.184908,-0.140844
2017-04-10,187.300003,187.750000,186.199997,186.449997,120.366058,3953031,40.994878,120.161632,122.124471,124.661789,-1.291686,-1.206264,-0.085422
2017-04-11,187.600006,188.399994,186.850006,187.850006,121.269875,7982429,45.347486,120.229775,122.069138,124.516593,-1.178176,-1.200646,0.022470
2017-04-12,188.050003,188.699997,185.750000,186.699997,120.527466,4050669,42.569645,120.211844,121.918506,124.315539,-1.135041,-1.187525,0.052484
2017-04-13,187.000000,187.300003,184.350006,184.800003,119.300888,3338347,38.385921,120.276402,121.700242,124.095441,-1.186157,-1.187252,0.001094
2017-04-17,185.399994,185.399994,182.500000,183.100006,118.203430,3070001,35.065310,120.140119,121.466608,123.886989,-1.300235,-1.209848,-0.090387
2017-04-18,183.350006,184.399994,180.500000,180.949997,116.815437,3358340,31.369286,119.792230,121.133064,123.642561,-1.485517,-1.264982,-0.220535
2017-04-19,181.000000,181.949997,179.199997,179.850006,116.105339,4198156,29.647568,119.333165,120.821040,123.413620,-1.670399,-1.346066,-0.324333
2017-04-20,181.149994,183.399994,178.500000,179.100006,115.621140,9102962,28.498946,118.727045,120.459829,123.167049,-1.834839,-1.443820,-0.391019
2017-04-21,180.100006,182.050003,179.699997,180.250000,116.363548,4117134,32.798005,118.285909,120.035598,122.933785,-1.883540,-1.531764,-0.351776
2017-04-24,180.500000,182.199997,180.500000,181.449997,117.138245,4311732,37.051256,117.927263,119.695907,122.740115,-1.838432,-1.593098,-0.245335
2017-04-25,182.399994,182.449997,180.449997,181.500000,117.170494,5784684,37.229359,117.471776,119.323937,122.590748,-1.779568,-1.630392,-0.149176
2017-04-26,181.600006,181.800003,179.800003,180.100006,116.266747,4850265,34.300529,116.998363,118.961190,122.409736,-1.785263,-1.661366,-0.123897
2017-04-27,180.699997,180.800003,178.300003,179.100006,115.621140,7471812,32.343057,116.589502,118.659926,122.235053,-1.820882,-1.693269,-0.127613
2017-04-28,180.000000,187.149994,179.399994,186.550003,120.430634,10789077,53.590861,116.836969,118.649166,122.145180,-1.444374,-1.643490,0.199116
2017-05-02,188.000000,193.899994,187.649994,192.399994,124.207191,17143827,63.329530,117.658275,118.816706,122.147078,-0.831665,-1.481125,0.649460
2017-05-03,193.949997,194.750000,190.649994,191.100006,123.367950,6245067,60.301239,118.465232,119.038043,122.088851,-0.409093,-1.266719,0.857626
2017-05-04,192.000000,192.449997,188.399994,188.899994,121.947693,4432281,55.467379,119.168182,119.157935,122.012268,-0.186653,-1.050706,0.864053
2017-05-05,188.500000,188.600006,182.250000,183.800003,118.655319,8117137,46.218123,119.422824,119.096453,121.881888,-0.272889,-0.895142,0.622253
2017-05-08,184.600006,188.199997,184.000000,185.949997,120.043266,5592129,50.003080,119.745604,119.087231,121.774926,-0.226623,-0.761439,0.534815
2017-05-09,186.899994,187.750000,185.500000,186.100006,120.140099,4713977,50.266052,120.075560,119.042654,121.658470,-0.180068,-0.645165,0.465096
2017-05-10,186.949997,188.449997,185.600006,187.949997,121.334435,4038348,53.513795,120.638636,119.090304,121.553407,-0.046267,-0.525385,0.479118
2017-05-11,189.100006,190.250000,183.100006,183.600006,118.526222,10796830,45.920602,120.961423,119.002693,121.401508,-0.164926,-0.453293,0.288367
2017-05-12,184.750000,186.399994,184.000000,184.850006,119.333176,6242350,48.195337,120.839483,118.910469,121.260370,-0.191641,-0.400963,0.209322
2017-05-15,187.300003,188.300003,186.149994,186.750000,120.559738,5766195,51.532485,120.434211,118.912006,121.159737,-0.112542,-0.343279,0.230736
2017-05-16,187.449997,187.500000,184.600006,185.149994,119.526817,6960470,48.688081,120.007418,118.922765,121.053408,-0.131686,-0.300960,0.169274
2017-05-17,185.199997,186.649994,183.899994,184.500000,119.107224,6074714,47.540145,119.691811,118.965803,120.935054,-0.178656,-0.276499,0.097843
2017-05-18,184.399994,184.399994,180.500000,180.899994,116.783150,4628258,41.678584,119.483792,118.964265,120.785687,-0.398816,-0.300963,-0.097853
2017-05-19,181.899994,182.649994,179.149994,180.050003,116.234459,5853904,40.411741,119.060591,118.970414,120.621131,-0.610531,-0.362876,-0.247655
2017-05-22,181.050003,181.600006,176.600006,177.149994,114.362282,5558525,36.351631,118.418611,118.910468,120.410373,-0.918795,-0.474060,-0.444735
2017-05-23,177.899994,177.899994,173.699997,174.649994,112.748375,5162996,33.250341,117.464605,118.738317,120.135057,-1.278586,-0.634965,-0.643621
2017-05-24,174.300003,176.250000,172.899994,173.699997,112.135094,6540417,32.128640,116.754479,118.500072,119.891388,-1.594826,-0.826937,-0.767888
2017-05-25,174.800003,175.649994,173.500000,174.149994,112.425583,8230189,33.276827,115.986969,118.274123,119.695186,-1.801244,-1.021799,-0.779445
2017-05-26,174.699997,177.500000,174.300003,175.750000,113.458481,6460263,37.336162,115.197940,118.140396,119.494554,-1.860045,-1.189448,-0.670597
2017-05-29,174.500000,177.300003,171.199997,175.750000,113.458481,6629243,37.336162,114.523681,118.037413,119.290123,-1.884916,-1.328541,-0.556375
2017-05-30,175.100006,179.350006,173.100006,178.649994,115.330627,6532975,44.441440,114.104059,117.794555,119.137591,-1.733577,-1.409549,-0.324028
2017-05-31,178.550003,178.550003,175.250000,177.000000,114.265434,10715866,41.554391,113.824313,117.321138,118.950249,-1.680223,-1.463684,-0.216540
2017-06-01,176.899994,176.899994,172.600006,174.000000,112.328758,8676208,36.865219,113.390346,116.795462,118.747719,-1.773767,-1.525700,-0.248067
2017-06-02,174.899994,175.449997,173.100006,174.000000,112.328758,4039371,36.865219,113.164399,116.337418,118.534428,-1.826842,-1.585928,-0.240913
2017-06-05,174.350006,178.500000,174.100006,175.750000,113.458481,5836542,41.343196,113.243300,116.089949,118.302783,-1.757486,-1.620240,-0.137246
2017-06-06,176.000000,176.000000,171.100006,171.449997,110.682571,6437174,34.809877,113.081908,115.644202,118.036328,-1.904559,-1.677104,-0.227455
2017-06-07,171.500000,174.000000,171.500000,172.050003,111.069878,7404338,36.321884,112.931274,115.212287,117.763544,-1.967186,-1.735120,-0.232066
2017-06-08,171.250000,171.699997,169.000000,170.550003,110.101540,5798852,34.186927,112.558281,114.677387,117.493291,-2.071082,-1.802313,-0.268769
2017-06-09,171.050003,171.250000,167.800003,169.199997,109.230034,6859186,32.344263,112.088454,114.234711,117.243925,-2.198401,-1.881530,-0.316871
2017-06-12,169.500000,170.500000,168.149994,168.500000,108.778122,4382264,31.399174,111.360397,113.732090,117.011014,-2.309150,-1.967054,-0.342096
2017-06-13,169.100006,169.750000,167.850006,169.100006,109.165497,5988071,33.200979,110.793738,113.189507,116.785066,-2.338702,-2.041384,-0.297318
2017-06-14,169.199997,170.050003,168.149994,169.500000,109.423714,5698882,34.437137,110.470955,112.708407,116.602789,-2.314605,-2.096028,-0.218577
2017-06-15,170.050003,170.899994,166.800003,167.149994,107.906624,8396153,30.827573,109.979607,112.175045,116.376840,-2.390369,-2.154896,-0.235473
2017-06-16,166.500000,167.899994,165.850006,167.149994,107.906624,9457498,30.827573,109.362734,111.752353,116.140766,-2.422488,-2.208415,-0.214074
2017-06-19,167.500000,167.800003,164.600006,166.050003,107.196503,5175569,29.167897,108.975393,111.321974,115.885071,-2.476694,-2.262071,-0.214624
2017-06-20,167.000000,170.350006,165.800003,169.100006,109.165497,6212122,38.977874,108.763795,111.074508,115.651528,-2.333868,-2.276430,-0.057438
2017-06-21,168.199997,168.449997,164.350006,164.800003,106.389534,8411843,32.205747,108.351350,110.771706,115.378111,-2.416814,-2.304507,-0.112307
2017-06-22,164.800003,165.149994,160.050003,160.449997,103.581299,8856235,27.079970,107.723712,110.364383,115.048998,-2.678278,-2.379261,-0.299017
2017-06-23,161.199997,161.350006,157.300003,158.100006,102.064201,4803636,24.784986,106.977721,109.870984,114.672416,-2.973628,-2.498134,-0.475494
2017-06-27,158.949997,160.850006,155.199997,159.949997,103.258507,7105195,29.826828,106.321389,109.385271,114.333809,-3.075868,-2.613681,-0.462187
2017-06-28,161.050003,161.449997,157.500000,158.100006,102.064201,7419236,27.818636,105.503666,108.842686,113.995835,-3.216191,-2.734183,-0.482008
2017-06-29,159.800003,160.949997,157.250000,157.850006,101.902847,8800016,27.548769,104.836579,108.203268,113.676216,-3.302350,-2.847816,-0.454533
2017-06-30,157.800003,158.800003,156.300003,157.300003,101.547768,5746101,26.929649,104.130040,107.597665,113.376850,-3.360545,-2.950362,-0.410183
2017-07-03,157.399994,159.500000,155.899994,159.100006,102.709801,6622621,32.292399,103.631517,107.139619,113.114192,-3.275145,-3.015319,-0.259826
2017-07-04,159.500000,161.750000,159.000000,159.899994,103.226257,5371351,34.590081,102.971602,106.706167,112.871155,-3.129714,-3.038198,-0.091516
2017-07-05,160.399994,163.500000,159.949997,162.800003,105.098396,5605189,42.241740,102.828142,106.308067,112.650270,-2.830761,-2.996711,0.165949
2017-07-06,162.800003,163.399994,160.100006,161.699997,104.388268,7115526,40.315257,102.917805,106.008339,112.400270,-2.620928,-2.921554,0.300626
2017-07-07,161.500000,162.000000,159.100006,159.600006,103.032593,5247930,36.859263,103.025404,105.625611,112.123057,-2.534806,-2.844204,0.309398
2017-07-10,161.250000,163.199997,161.000000,162.399994,104.840164,1376868,43.779528,103.201144,105.375069,111.899006,-2.294251,-2.734214,0.439963
2017-07-11,162.550003,163.399994,160.000000,160.250000,103.452194,7988251,40.141423,103.355365,105.099934,111.660399,-2.190358,-2.625443,0.435085
2017-07-12,161.050003,165.899994,161.050003,162.850006,105.130669,12966188,45.986932,103.714012,104.926246,111.360400,-1.950103,-2.490375,0.540271
2017-07-13,164.100006,164.100006,158.600006,158.899994,102.580711,9072801,39.651724,103.828784,104.612684,110.936351,-1.943062,-2.380912,0.437850
2017-07-14,159.500000,160.050003,157.649994,158.350006,102.225616,7114944,38.849116,103.774985,104.269918,110.521796,-1.943728,-2.293475,0.349747
2017-07-17,160.000000,160.899994,158.800003,160.050003,103.323090,6649645,42.708900,103.785745,104.051654,110.156607,-1.834552,-2.201691,0.367139
2017-07-18,160.500000,162.000000,159.399994,161.699997,104.388268,5319994,46.254695,103.706841,103.884113,109.876861,-1.643137,-2.089980,0.446843
2017-07-19,162.050003,163.500000,159.800003,163.000000,105.227493,9814913,48.936214,103.800089,103.790351,109.586356,-1.407496,-1.953483,0.545987
2017-07-20,162.199997,167.850006,162.100006,165.850006,107.067398,16154989,54.317560,104.248400,103.690442,109.330028,-1.060064,-1.774800,0.714735
2017-07-21,166.449997,166.600006,163.600006,164.350006,106.099030,7090770,51.255935,104.388274,103.676608,109.031295,-0.853028,-1.590445,0.737417
2017-07-24,165.000000,165.000000,161.699997,163.250000,105.388916,10394896,49.071626,104.603466,103.762685,108.773701,-0.737746,-1.419905,0.682159
2017-07-25,163.500000,163.800003,161.750000,163.300003,105.421173,6521103,49.177577,104.635744,103.922541,108.500916,-0.636445,-1.263213,0.626768
2017-07-26,164.250000,164.600006,163.399994,164.000000,105.873077,9143178,50.724210,105.001562,104.047044,108.212943,-0.513776,-1.113326,0.599550
2017-07-27,165.000000,165.000000,162.000000,162.899994,105.162956,12361923,48.239884,105.327933,104.194604,107.931298,-0.468461,-0.984353,0.515892
2017-07-28,161.600006,165.500000,160.250000,164.750000,106.357262,10303502,52.457285,105.665064,104.406719,107.681299,-0.332346,-0.853952,0.521605
2017-07-31,165.000000,170.000000,165.000000,169.399994,109.359138,13899095,61.048199,106.217383,104.778689,107.535730,0.017549,-0.679651,0.697201
2017-08-01,170.250000,170.300003,166.800003,167.399994,108.068008,6705176,56.333200,106.532995,105.033842,107.375604,0.188488,-0.506024,0.694512
2017-08-02,167.500000,167.500000,164.100006,165.399994,106.776871,7743355,52.007448,106.500715,105.202919,107.226870,0.217270,-0.361365,0.578635
2017-08-03,165.000000,166.750000,163.149994,165.699997,106.970551,6902925,52.595497,106.597550,105.292069,107.113580,0.252794,-0.238533,0.491327
2017-08-04,165.500000,167.300003,163.600006,166.399994,107.422417,6316753,54.011293,106.823495,105.436552,107.021174,0.313791,-0.128068,0.441859
2017-08-07,166.000000,167.050003,165.100006,165.899994,107.099655,3289743,52.798302,107.009993,105.630222,106.916744,0.332258,-0.036003,0.368261
2017-08-08,165.949997,166.300003,162.500000,164.000000,105.873077,5981069,48.354000,107.009993,105.679408,106.768011,0.245093,0.020216,0.224877
2017-08-09,163.800003,166.199997,162.500000,165.699997,106.970551,5908883,52.228667,107.210837,105.846949,106.640796,0.261556,0.068484,0.193072
2017-08-10,164.500000,165.600006,162.149994,163.699997,105.679413,8412268,47.695150,107.135520,105.873080,106.451557,0.168477,0.088483,0.079995
2017-08-11,161.550003,162.000000,158.500000,159.649994,103.064857,5471462,40.103758,106.436156,105.896134,106.231938,-0.114936,0.047799,-0.162735
2017-08-14,160.300003,162.300003,160.000000,161.699997,104.388268,3892174,44.885583,106.027295,105.999118,106.076242,-0.230103,-0.007781,-0.222322
2017-08-16,161.699997,161.750000,159.500000,160.949997,103.904106,6213088,43.516809,105.708099,106.026785,105.911053,-0.356334,-0.077492,-0.278842
2017-08-17,160.850006,161.649994,160.000000,160.600006,103.678154,5184915,42.859928,105.342278,105.992970,105.719282,-0.469196,-0.155833,-0.313363
2017-08-18,160.100006,161.649994,159.500000,160.899994,103.871826,5559512,43.645158,104.947767,105.928414,105.585737,-0.536825,-0.232031,-0.304794
2017-08-21,161.449997,164.550003,156.399994,157.149994,101.450951,11137965,36.831699,104.320134,105.660965,105.397131,-0.776811,-0.340987,-0.435824
2017-08-22,158.000000,160.399994,157.500000,159.449997,102.935768,5611720,42.736370,103.993766,105.510333,105.256626,-0.837534,-0.440296,-0.397238
2017-08-23,160.399994,160.750000,159.250000,159.699997,103.097130,2344934,43.356043,103.563386,105.401200,105.136373,-0.862693,-0.524776,-0.337917
2017-08-24,160.399994,160.399994,159.050003,159.449997,102.935768,3724532,42.856600,103.258536,105.282848,105.021817,-0.885445,-0.596910,-0.288535
2017-08-28,160.399994,161.399994,159.600006,160.600006,103.678154,3680139,45.941990,103.326681,105.178328,104.914222,-0.833959,-0.644319,-0.189639
2017-08-29,160.000000,160.000000,157.000000,157.250000,101.515503,7756416,39.287172,103.007484,105.004639,104.759159,-0.956636,-0.706783,-0.249853
2017-08-30,158.399994,159.100006,157.649994,158.399994,102.257904,5219322,42.373118,102.824573,104.809432,104.648400,-0.982625,-0.761951,-0.220674
2017-08-31,160.600006,160.649994,156.050003,156.949997,101.321815,16715886,39.637372,102.562758,104.426702,104.519286,-1.066463,-0.822854,-0.243610
2017-09-01,158.000000,160.399994,157.300003,159.949997,103.258507,6511029,47.228601,102.494611,104.197678,104.442070,-0.965501,-0.851383,-0.114118
2017-09-04,160.399994,162.300003,159.100006,161.800003,104.452820,4859269,51.296296,102.828152,104.087009,104.349665,-0.780124,-0.837131,0.057007
2017-09-05,163.000000,163.649994,161.399994,162.800003,105.098396,5823055,53.387823,103.068444,103.997859,104.324348,-0.574496,-0.784604,0.210108
2017-09-06,162.399994,163.800003,161.899994,162.300003,104.775627,3791076,52.181273,103.254944,103.871821,104.347767,-0.432593,-0.714202,0.281609
2017-09-07,163.199997,163.199997,161.600006,162.300003,104.775627,9101357,52.181273,103.459373,103.761153,104.400932,-0.316485,-0.634659,0.318173
2017-09-08,162.399994,163.300003,159.350006,161.850006,104.485123,10505052,50.978672,103.549036,103.695060,104.424983,-0.245085,-0.556744,0.311659
2017-09-11,162.300003,163.899994,161.000000,163.050003,105.259796,9449161,54.021729,103.965068,103.613596,104.487642,-0.124555,-0.470306,0.345752
2017-09-12,163.100006,163.500000,161.500000,162.300003,104.775627,10536298,51.855125,104.244815,103.570558,104.543971,-0.067325,-0.389710,0.322384
2017-09-13,162.100006,162.800003,160.850006,161.050003,103.968674,7006941,48.372955,104.538911,103.613597,104.591439,-0.086093,-0.328987,0.242894
2017-09-14,161.500000,162.500000,158.250000,159.350006,102.871185,15371676,44.041293,104.495875,103.541355,104.594604,-0.187365,-0.300662,0.113297
2017-09-15,159.500000,167.850006,159.000000,166.750000,107.648384,25453536,60.586037,104.850938,103.719654,104.681312,0.116514,-0.217227,0.333741
2017-09-18,167.050003,167.949997,164.800003,165.199997,106.647758,8383548,56.798047,105.023089,103.861064,104.711692,0.273445,-0.119093,0.392538
2017-09-19,163.800003,166.550003,163.750000,165.899994,107.099655,7052113,58.072966,105.281314,104.014770,104.764856,0.429330,-0.009408,0.438738
2017-09-20,167.000000,170.899994,164.500000,167.699997,108.261681,12062311,61.240482,105.668654,104.339091,104.867388,0.639266,0.120327,0.518939
2017-09-21,167.699997,168.199997,163.750000,165.899994,107.613022,7198883,58.580006,106.016198,104.561817,104.921757,0.744716,0.245205,0.499512
2017-09-22,165.300003,165.300003,163.300003,164.449997,106.672440,10308999,54.858410,106.173158,104.732070,104.984899,0.743815,0.344927,0.398888
2017-09-25,163.899994,165.300003,161.050003,164.800003,106.899483,8935570,55.591808,106.409142,104.920818,105.019582,0.752744,0.426490,0.326254
2017-09-26,166.100006,172.500000,166.100006,171.399994,111.180641,19866213,66.608206,107.210472,105.278079,105.188208,1.092678,0.559728,0.532950
2017-09-27,172.050003,173.050003,169.649994,170.199997,110.402252,7437060,63.522706,108.047257,105.701258,105.348534,1.284462,0.704675,0.579788
2017-09-28,169.250000,173.350006,166.750000,171.550003,111.277946,14120709,65.461120,108.450542,106.130784,105.504512,1.489939,0.861728,0.628212
2017-09-29,171.800003,174.350006,170.000000,170.949997,110.888756,6418518,63.837463,108.921764,106.586352,105.631972,1.602899,1.009962,0.592937
2017-10-03,174.000000,174.050003,170.000000,170.649994,110.694153,5604933,62.996076,109.321153,106.940431,105.739162,1.657610,1.139491,0.518119
2017-10-04,170.750000,172.800003,170.100006,172.100006,111.634720,5087199,65.371694,109.695935,107.282426,105.828717,1.756616,1.262916,0.493699
2017-10-05,172.699997,172.699997,170.800003,171.199997,111.050926,3767993,62.681863,110.077924,107.565880,105.925813,1.767595,1.363852,0.403743
2017-10-06,171.800003,174.699997,171.500000,173.850006,112.769859,6144349,66.988908,110.755415,107.946558,106.070537,1.893177,1.469717,0.423460
2017-10-09,173.399994,173.449997,170.399994,170.699997,110.726578,2981922,58.365661,111.180648,108.229936,106.174565,1.806995,1.537173,0.269823
2017-10-10,171.000000,172.149994,169.100006,170.350006,110.499565,3112910,57.480354,111.104973,108.516338,106.265280,1.700773,1.569893,0.130880
2017-10-11,171.399994,172.149994,168.000000,169.149994,109.721161,4202871,54.431567,111.029296,108.728784,106.354657,1.536073,1.563129,-0.027056
2017-10-12,169.699997,170.600006,167.750000,169.699997,110.077942,4877955,55.594163,110.895962,108.981275,106.427612,1.417990,1.534101,-0.116111
2017-10-13,169.149994,170.350006,168.300003,169.649994,110.045502,5190805,55.455623,110.802267,109.270648,106.441070,1.306728,1.488626,-0.181898
2017-10-16,170.449997,172.899994,170.050003,172.050003,111.602272,5054731,60.537851,110.903169,109.686414,106.510369,1.328853,1.456672,-0.127819
2017-10-17,171.149994,172.000000,170.000000,171.199997,111.050926,6819547,58.013362,110.838303,109.848440,106.594174,1.287061,1.422749,-0.135689
2017-10-18,171.000000,174.949997,170.500000,174.449997,113.159065,7869107,64.166487,111.072541,110.158502,106.715517,1.407821,1.419764,-0.011943
2017-10-19,175.000000,175.500000,171.300003,172.050003,111.602272,1215089,57.468685,110.942809,110.372912,106.797475,1.362202,1.408251,-0.046050
2017-10-23,172.899994,173.399994,170.550003,171.699997,111.375252,4126469,56.541829,111.014884,110.521178,106.881311,1.292827,1.385167,-0.092340
2017-10-24,171.500000,177.250000,171.050003,176.000000,114.164505,10817861,64.184716,111.422100,110.833153,107.043888,1.446244,1.397382,0.048862
2017-10-25,177.949997,178.300003,175.550003,176.850006,114.715851,6103342,65.477164,111.977065,111.216173,107.195756,1.593944,1.436695,0.157250
2017-10-26,176.449997,180.000000,175.899994,177.350006,115.040184,15326252,66.248755,112.528425,111.603825,107.379301,1.717371,1.492830,0.224541
2017-10-27,177.899994,184.899994,177.199997,184.000000,119.353790,9866477,74.433216,113.562680,111.993023,107.698692,2.138608,1.621985,0.516622
2017-10-30,188.000000,191.350006,186.000000,186.600006,121.040321,16606395,76.801821,114.611352,112.499597,108.025202,2.578803,1.813349,0.765454
2017-10-31,186.399994,192.000000,184.600006,191.100006,123.959290,10698129,80.217771,116.045614,113.103471,108.418441,3.127149,2.076109,1.051040
2017-11-01,192.000000,193.199997,190.100006,191.000000,123.894424,5341109,79.936084,117.238432,113.722788,108.814839,3.515954,2.364078,1.151876
2017-11-02,191.000000,192.199997,187.550003,188.000000,121.948463,4024181,71.791363,118.388009,114.258708,109.169283,3.625271,2.616317,1.008955
2017-11-03,187.149994,192.399994,186.000000,191.850006,126.463860,7942915,77.516056,120.064521,114.964858,109.659732,4.029808,2.899015,1.130793
2017-11-06,192.850006,200.449997,191.100006,199.250000,131.341766,16363370,81.810551,121.973106,115.931088,110.216712,4.689950,3.257202,1.432748
2017-11-07,202.500000,205.500000,192.899994,193.800003,127.749229,20559837,71.047384,123.421259,116.644391,110.700087,4.867124,3.579186,1.287938
2017-11-08,195.000000,195.699997,191.000000,192.550003,126.925262,6275377,68.811322,124.741823,117.415757,111.170469,4.884740,3.840297,1.044443
2017-11-09,193.949997,195.000000,185.850006,189.600006,124.980667,7527346,63.714731,125.367032,118.105334,111.588165,4.687751,4.009788,0.677963
2017-11-10,190.000000,192.649994,188.350006,191.100006,125.969429,6035746,65.128998,125.914710,118.879061,112.067654,4.558869,4.119604,0.439265
2017-11-13,189.949997,190.300003,183.550003,184.199997,121.421120,6894203,54.588824,125.632691,119.419212,112.443403,4.043112,4.104306,-0.061194
2017-11-14,184.899994,185.100006,181.350006,182.000000,119.970909,4663077,51.715028,125.196745,119.891850,112.809072,3.477267,3.978898,-0.501631
2017-11-15,180.600006,181.399994,175.800003,177.550003,117.037560,7701984,46.394704,124.651089,120.150674,113.079249,2.760315,3.735181,-0.974866
2017-11-16,182.500000,182.649994,177.100006,179.149994,118.092224,7245718,48.448230,123.720907,120.485974,113.346689,2.251277,3.438400,-1.187124
2017-11-17,182.399994,183.500000,177.199997,177.600006,117.070518,6851616,46.586368,122.135213,120.672233,113.581436,1.745298,3.099780,-1.354482
2017-11-20,178.699997,180.449997,177.699997,180.000000,118.652527,4004561,49.803094,121.124468,121.007960,113.853532,1.455187,2.770861,-1.315674
2017-11-21,180.899994,182.000000,178.199997,180.899994,119.245789,5170506,50.994953,120.271194,121.382747,114.137261,1.258634,2.468416,-1.209782
2017-11-22,181.199997,182.750000,180.000000,181.300003,119.509483,3217008,51.545660,119.663284,121.637270,114.431856,1.111332,2.196999,-1.085667
2017-11-23,181.899994,182.750000,180.500000,181.699997,119.773163,3511238,52.125020,118.974810,121.878094,114.716432,1.004294,1.958458,-0.954164
2017-11-24,182.500000,182.600006,180.399994,181.000000,119.311714,2358579,50.976297,118.740432,122.081500,115.001453,0.872176,1.741202,-0.869025
2017-11-27,182.350006,184.449997,181.550003,184.050003,121.322243,6930971,55.570517,118.890580,122.175236,115.341719,0.919110,1.576783,-0.657673
2017-11-28,183.300003,183.699997,180.000000,181.250000,119.476517,10710188,50.858460,119.161575,122.100769,115.667314,0.798170,1.421061,-0.622891
2017-11-29,181.000000,184.250000,181.000000,182.449997,120.267548,5407391,52.709234,119.403278,121.924972,115.914749,0.757423,1.288333,-0.530910
2017-11-30,181.000000,182.000000,179.449997,180.649994,119.080994,9645385,49.686356,119.626664,121.695761,116.158538,0.622213,1.155109,-0.532896
2017-12-01,182.000000,183.100006,179.000000,179.649994,118.421822,3451636,48.038134,119.601030,121.527826,116.380541,0.456605,1.015408,-0.558804
2017-12-04,181.250000,183.800003,180.850006,181.600006,119.707230,6347567,51.422234,119.652301,121.206082,116.604963,0.424191,0.897165,-0.472974
2017-12-05,180.100006,180.699997,177.300003,178.399994,117.597862,4550575,46.114689,119.439899,120.551610,116.800745,0.225693,0.762870,-0.537178
2017-12-06,178.399994,179.199997,175.399994,175.850006,115.916931,4194219,42.362326,119.011429,119.988167,116.982009,-0.066489,0.596999,-0.663487
2017-12-07,175.550003,177.350006,175.350006,177.050003,116.707977,4373514,44.645077,118.722125,119.501630,117.174333,-0.231545,0.431290,-0.662835
2017-12-08,177.500000,181.399994,177.449997,180.250000,118.817337,4832733,50.297839,118.443802,119.208138,117.324072,-0.189956,0.307041,-0.496997
2017-12-11,181.949997,181.949997,177.699997,178.899994,117.927437,2310668,48.067694,118.271682,118.825186,117.471624,-0.226196,0.200393,-0.426590
2017-12-12,180.399994,184.199997,180.199997,183.300003,120.827835,6983526,55.061358,118.333936,118.796934,117.658877,-0.020641,0.156186,-0.176828
2017-12-13,183.699997,187.000000,183.100006,183.899994,121.223335,11488267,55.932835,118.571974,118.856574,117.861516,0.172191,0.159387,0.012804
2017-12-14,185.949997,186.699997,182.399994,184.350006,121.519974,5885128,56.612456,118.916213,119.070022,118.073787,0.344972,0.196504,0.148468
2017-12-15,185.149994,186.100006,182.300003,183.000000,120.630104,7297568,53.925684,119.018755,119.190873,118.250167,0.405423,0.238288,0.167135
2017-12-18,183.000000,183.899994,177.000000,183.050003,120.663040,4785160,54.012678,119.359330,119.361946,118.438640,0.450793,0.280789,0.170004
2017-12-19,183.050003,186.000000,183.000000,185.199997,122.080299,4240135,57.712668,120.044149,119.525173,118.621197,0.594259,0.343483,0.250776
2017-12-20,190.699997,191.100006,187.500000,188.000000,123.926010,8877376,62.000514,120.846152,119.748041,118.880010,0.847126,0.444212,0.402914
2017-12-21,188.899994,189.600006,187.100006,188.000000,123.926010,3893100,62.000514,121.413783,119.958351,119.143273,1.035587,0.562487,0.473100
2017-12-22,188.699997,193.800003,187.750000,193.399994,127.485558,8914713,69.025345,122.475796,120.325608,119.491595,1.455392,0.741068,0.714324
2017-12-26,194.850006,197.149994,192.699997,193.699997,127.683304,11345494,69.364178,123.237515,120.724256,119.836798,1.783488,0.949552,0.833937
2017-12-27,195.300003,196.000000,191.350006,192.600006,126.958221,7260402,66.491992,123.874724,120.992635,120.168420,1.962378,1.152117,0.810261
2017-12-28,193.149994,194.399994,192.050003,193.000000,127.221870,12772109,67.026635,124.508269,121.361462,120.474687,2.101202,1.341934,0.759268
2017-12-29,194.000000,195.899994,192.500000,195.199997,128.672073,5899591,69.874007,125.401821,121.761677,120.820199,2.301708,1.533889,0.767819
2018-01-01,195.199997,195.699997,192.000000,192.350006,126.793449,5899565,62.361372,126.082977,122.128937,121.087540,2.282707,1.683653,0.599055
2018-01-02,195.750000,197.500000,195.000000,196.850006,129.759720,12878378,68.179001,126.936246,122.668837,121.443569,2.478433,1.842609,0.635824
2018-01-03,197.399994,197.399994,193.000000,193.449997,127.518509,8032715,60.562232,127.335413,123.040803,121.760103,2.424748,1.959037,0.465712
2018-01-04,195.300003,200.000000,195.199997,199.500000,131.506577,12740860,67.516447,128.177698,123.703122,122.100144,2.673192,2.101868,0.571324
2018-01-05,200.949997,200.949997,196.300003,198.449997,130.814438,6812787,65.362286,128.547574,124.412528,122.415802,2.782165,2.237927,0.544238
2018-01-08,198.000000,199.899994,196.699997,197.399994,130.122269,4858711,63.190948,128.818570,125.051303,122.711529,2.780621,2.346466,0.434155
2018-01-09,198.500000,199.000000,196.500000,197.000000,129.858612,4598757,62.341400,129.140835,125.577078,122.917506,2.726690,2.422511,0.304180
2018-01-10,198.300003,200.000000,197.250000,197.899994,130.451859,7673209,63.529507,129.499723,126.173479,123.102046,2.700689,2.478146,0.222542
2018-01-11,198.000000,199.699997,197.000000,197.899994,130.451859,5701402,63.529507,129.697477,126.631766,123.229352,2.649540,2.512425,0.137115
2018-01-12,198.899994,201.949997,197.649994,200.750000,132.330536,9291346,67.316595,130.312709,127.160680,123.394766,2.729138,2.555767,0.173370
2018-01-15,199.500000,200.350006,196.000000,196.600006,129.594940,4500523,57.890060,130.294400,127.545203,123.544696,2.542175,2.553049,-0.010874
2018-01-16,197.600006,198.250000,195.000000,197.199997,129.990463,5778244,58.788629,130.569061,127.990934,123.613846,2.398276,2.522094,-0.123819
2018-01-17,196.300003,198.649994,194.100006,195.699997,129.001663,6306388,55.594725,130.290738,128.388011,123.567961,2.179324,2.453540,-0.274216
2018-01-18,196.399994,197.500000,193.250000,194.100006,127.947021,6247782,52.329195,129.972136,128.667379,123.571839,1.898815,2.342595,-0.443780
2018-01-19,194.149994,196.149994,192.000000,193.699997,127.683304,5046015,51.514364,129.701140,128.846298,123.586703,1.636366,2.201349,-0.564983
2018-01-22,198.000000,205.949997,198.000000,200.699997,132.297592,23165754,62.513303,129.972137,129.244945,123.730172,1.780188,2.117117,-0.336930
2018-01-23,202.000000,208.699997,200.399994,207.350006,136.681137,15755015,69.574533,130.664280,129.682829,123.940206,2.222265,2.138147,0.084119
2018-01-24,209.199997,212.000000,208.000000,210.850006,138.988251,16132441,72.509566,131.612768,130.221160,124.284659,2.727341,2.255986,0.471355
2018-01-25,212.399994,212.850006,207.100006,208.500000,137.439209,10247173,67.781681,132.180398,130.720255,124.627175,2.968404,2.398469,0.569935
2018-01-29,208.000000,208.449997,204.250000,205.149994,135.230927,7620080,61.613932,132.806619,131.101638,124.983908,2.947284,2.508232,0.439052
2018-01-30,203.850006,208.000000,203.500000,204.800003,135.000229,7323876,60.989560,133.363259,131.402979,125.315437,2.878747,2.582335,0.296412
2018-01-31,203.000000,204.600006,198.800003,203.449997,134.110336,11990243,58.525843,133.930890,131.751402,125.649551,2.721255,2.610119,0.111136
2018-02-01,204.050003,207.050003,194.000000,194.899994,128.474335,10015459,45.883897,133.989480,131.690194,125.842136,2.117256,2.511547,-0.394290
2018-02-02,194.000000,197.750000,188.000000,192.699997,127.024139,12239774,43.292584,133.916239,131.666652,125.994652,1.504225,2.310082,-0.805857
2018-02-05,192.399994,192.449997,188.000000,188.750000,124.420364,7607002,39.030471,133.040992,131.329213,126.090944,0.799079,2.007882,-1.208803
2018-02-06,182.000000,187.000000,180.100006,185.449997,122.245079,5935676,35.854661,131.436985,130.921149,126.139413,0.063981,1.619101,-1.555121
2018-02-07,188.050003,191.500000,187.000000,190.000000,125.244354,8644010,42.769230,129.909886,130.688867,126.255739,-0.273422,1.240597,-1.514018
2018-02-08,190.000000,191.600006,188.000000,188.699997,124.387405,4540513,41.396188,128.459685,130.428333,126.315840,-0.603013,0.871875,-1.474888
2018-02-09,187.399994,190.199997,184.600006,187.350006,123.497505,7314145,39.961476,127.155972,130.097174,126.394683,-0.925357,0.512429,-1.437785
2018-02-12,192.000000,194.500000,190.350006,191.000000,125.903519,14960914,45.464774,126.145226,129.880586,126.505193,-0.975428,0.214857,-1.190285
2018-02-14,191.000000,192.000000,184.300003,185.750000,122.442833,4960527,39.812066,124.848837,129.409743,126.571111,-1.279607,-0.084036,-1.195571
2018-02-15,187.100006,189.000000,185.000000,188.300003,124.123741,5046557,43.487372,124.365438,129.149210,126.682913,-1.369252,-0.341079,-1.028173
2018-02-16,187.600006,189.300003,186.500000,186.899994,123.200890,4167034,41.972010,123.940632,128.825897,126.751417,-1.497500,-0.572363,-0.925137
2018-02-19,187.399994,187.399994,181.850006,185.300003,122.146194,4265576,40.245953,123.687947,128.499446,126.840600,-1.665050,-0.790900,-0.874149
2018-02-20,185.800003,188.500000,184.800003,187.000000,123.266808,5328584,42.931338,123.801472,128.276579,126.984715,-1.687952,-0.970311,-0.717641
2018-02-21,188.000000,190.800003,184.699997,190.149994,125.343246,4651807,47.627972,123.812460,128.165147,127.154034,-1.521018,-1.080452,-0.440566
2018-02-22,187.500000,188.399994,185.250000,186.100006,122.673531,8629189,42.755880,123.622030,127.706859,127.229645,-1.585864,-1.181534,-0.404329
2018-02-23,187.050003,190.850006,186.500000,189.800003,125.112503,4880302,47.990253,123.801474,127.155971,127.370529,-1.424035,-1.230035,-0.194000
2018-02-26,190.350006,191.949997,189.500000,190.350006,125.475082,2721955,48.740645,123.753870,126.512487,127.461652,-1.252094,-1.234446,-0.017647
2018-02-27,191.000000,194.350006,186.100006,188.500000,124.255554,6611097,46.319926,123.955283,125.884694,127.521107,-1.200397,-1.227637,0.027239
2018-02-28,187.699997,190.199997,186.300003,188.300003,124.123741,6147245,46.053688,123.955283,125.355780,127.572161,-1.156730,-1.213455,0.056725
2018-03-01,187.899994,190.199997,187.350006,189.699997,125.046600,3450224,48.294471,124.160362,124.881798,127.658759,-1.035717,-1.177908,0.142191
2018-03-05,189.000000,189.399994,184.199997,185.550003,122.311020,5082390,42.640439,124.178676,124.319926,127.691072,-1.147326,-1.171791,0.024465
2018-03-06,186.500000,186.899994,184.500000,185.399994,122.212128,2906142,42.446973,124.061490,124.021726,127.693657,-1.229583,-1.183350,-0.046233
2018-03-07,185.000000,185.250000,178.800003,181.500000,119.641296,4482279,37.662945,123.427940,123.670162,127.609643,-1.485098,-1.243699,-0.241398
2018-03-08,182.000000,182.699997,179.399994,180.149994,118.751434,3288627,36.144420,122.992151,123.400213,127.508181,-1.739349,-1.342829,-0.396520
2018-03-09,180.300003,182.949997,179.500000,179.899994,118.586624,2053847,35.856073,122.267053,123.226000,127.333692,-1.931875,-1.460638,-0.471236
2018-03-12,180.899994,184.300003,179.000000,183.850006,121.190369,4161129,43.521826,121.790974,123.032954,127.206380,-1.852992,-1.539109,-0.313883
2018-03-13,182.399994,184.199997,181.550003,183.600006,122.525093,2457755,47.017339,121.598701,122.944272,127.119456,-1.663599,-1.564007,-0.099592
2018-03-14,182.800003,184.100006,179.750000,180.600006,120.523041,4846612,42.743941,121.198623,122.802631,126.988106,-1.655963,-1.582398,-0.073565
2018-03-15,181.100006,181.399994,178.750000,180.300003,120.322861,5145739,42.329665,120.673763,122.536885,126.824396,-1.647078,-1.595334,-0.051744
2018-03-16,180.300003,180.449997,176.100006,177.149994,118.220673,8194541,38.148228,120.219280,122.335830,126.656302,-1.789043,-1.634076,-0.154967
2018-03-19,177.699997,178.399994,176.149994,176.850006,118.020470,5782668,37.765614,119.753540,122.045198,126.426121,-1.895852,-1.686431,-0.209421
2018-03-20,176.399994,177.750000,173.600006,174.100006,116.185272,3020586,34.363272,119.369537,121.711121,126.203901,-2.104326,-1.770010,-0.334316
2018-03-21,175.699997,177.300003,173.649994,175.550003,117.152924,4055822,37.557616,119.191925,121.473346,125.922456,-2.166488,-1.849306,-0.317182
2018-03-22,177.000000,181.699997,176.550003,178.899994,119.388542,8348549,44.301939,119.281027,121.288667,125.698419,-2.012161,-1.881877,-0.130285
2018-03-23,176.199997,179.550003,176.149994,177.399994,118.387543,6884971,42.108865,118.969602,120.957443,125.468326,-1.948171,-1.895136,-0.053036
2018-03-26,179.449997,179.449997,176.000000,178.899994,119.388542,4169998,45.038886,118.621096,120.801015,125.263031,-1.795983,-1.875305,0.079322
2018-03-27,180.550003,181.100006,177.250000,179.600006,119.855713,3823981,46.402310,118.546949,120.550692,125.055263,-1.619014,-1.824047,0.205033
2018-03-28,178.500000,179.000000,176.100006,177.800003,118.654488,6229049,43.419704,118.361574,120.225901,124.823942,-1.557736,-1.770785,0.213049
2018-04-02,179.100006,180.899994,178.399994,179.949997,120.089302,2235832,47.740627,118.569199,120.027508,124.583918,-1.377516,-1.692131,0.314615
2018-04-03,177.699997,179.199997,176.399994,177.500000,118.454277,3552271,43.649836,118.617400,119.757534,124.365474,-1.351050,-1.623915,0.272865
2018-04-04,178.500000,178.500000,174.699997,175.399994,117.052826,3353172,40.450353,118.713795,119.376878,124.111795,-1.426714,-1.584475,0.157761
2018-04-05,176.500000,177.899994,175.449997,177.449997,118.420898,5375271,44.710783,118.854681,119.191634,123.904329,-1.360602,-1.539700,0.179098
2018-04-06,179.350006,179.350006,176.399994,176.949997,118.087234,3633964,43.886102,118.710091,118.995211,123.711000,-1.319917,-1.495744,0.175827
2018-04-09,177.100006,179.149994,176.300003,178.399994,119.054893,4046065,46.942556,118.784242,118.967287,123.541815,-1.195807,-1.435756,0.239949
2018-04-10,179.399994,180.600006,178.199997,180.199997,120.256111,5180326,50.543797,118.880638,119.038938,123.305708,-0.989119,-1.346429,0.357310
2018-04-11,181.500000,185.399994,180.350006,182.149994,121.557449,11607043,54.172762,119.069720,119.180406,123.009165,-0.712101,-1.219563,0.507462
2018-04-12,183.149994,184.000000,181.000000,181.750000,121.290512,4277125,53.308663,119.362612,119.185174,122.662150,-0.508244,-1.077299,0.569056
2018-04-13,181.800003,183.500000,181.100006,182.500000,121.790993,3050131,54.765513,119.551688,119.150217,122.355322,-0.302810,-0.922401,0.619592
2018-04-16,182.199997,182.350006,179.800003,181.500000,121.123642,2308502,52.416952,119.848284,119.178817,122.078709,-0.191642,-0.776250,0.584607
2018-04-17,181.750000,182.100006,179.300003,180.800003,120.656517,2721706,50.775557,120.248695,119.194706,121.797460,-0.139625,-0.648925,0.509300
2018-04-18,181.050003,182.949997,181.000000,182.100006,121.524048,3279393,53.676751,120.593489,119.352009,121.550670,-0.028075,-0.524755,0.496680
2018-04-19,183.250000,186.250000,181.750000,183.949997,122.758652,5004280,57.514400,121.112535,119.577637,121.438598,0.158129,-0.388178,0.546307
2018-04-20,185.000000,185.000000,181.100006,182.350006,121.690903,1618027,53.394480,121.405425,119.839810,121.334024,0.217036,-0.267135,0.484172
2018-04-23,183.399994,183.750000,179.399994,181.050003,120.823334,3930421,50.245098,121.468450,120.014591,121.263494,0.191508,-0.175407,0.366914
2018-04-24,182.100006,183.050003,181.500000,182.649994,121.891098,4080212,53.852798,121.505522,120.133761,121.256554,0.254502,-0.089425,0.343927
2018-04-25,181.600006,182.449997,178.699997,179.449997,119.755592,3629856,46.578514,121.334975,120.198906,121.148931,0.130603,-0.045419,0.176022
2018-04-26,179.449997,181.800003,177.300003,180.800003,120.656517,6742459,49.667413,121.208922,120.259286,121.075776,0.103911,-0.015553,0.119464
2018-04-27,180.949997,183.000000,179.550003,180.699997,120.589752,4687951,49.439272,121.149601,120.294240,121.018761,0.076488,0.002855,0.073633
2018-04-30,178.500000,181.949997,178.300003,180.550003,120.489685,3335191,49.075420,121.131065,120.381630,120.912608,0.046149,0.011514,0.034635
2018-05-02,181.500000,181.500000,179.250000,180.050003,120.156021,4157973,47.811875,120.979062,120.384807,120.867768,-0.004764,0.008258,-0.013022
2018-05-03,179.949997,182.350006,179.699997,181.100006,120.856720,2796713,50.683488,120.767736,120.499209,120.803709,0.011297,0.008866,0.002431
2018-05-04,181.800003,185.149994,179.550003,180.250000,120.289459,5325720,48.363386,120.612020,120.653335,120.746622,-0.021499,0.002793,-0.024292
2018-05-07,181.250000,184.500000,180.800003,183.899994,122.725281,4799480,57.384420,120.823347,120.858305,120.757977,0.147361,0.031707,0.115654
2018-05-08,184.850006,186.149994,179.449997,183.100006,122.191414,5730645,55.111858,120.856716,121.053743,120.736891,0.235392,0.072444,0.162948
2018-05-09,184.399994,185.750000,182.199997,182.850006,122.024582,3075560,54.387008,121.108826,121.195156,120.671819,0.288371,0.115629,0.172742
2018-05-10,184.449997,189.350006,183.500000,188.250000,125.628258,10328901,65.073008,121.661241,121.450973,120.729755,0.614065,0.215316,0.398749
2018-05-11,188.550003,189.000000,186.300003,187.500000,125.127769,4926216,62.870065,122.165465,121.620988,120.730054,0.822316,0.336716,0.485600
2018-05-14,187.500000,188.500000,184.850006,187.250000,124.960915,3255344,62.115095,122.662269,121.795769,120.719972,0.962794,0.461932,0.500862
2018-05-15,189.000000,192.000000,184.199997,189.000000,126.128761,5877427,65.259597,123.325907,122.002330,120.756702,1.155044,0.600554,0.554490
2018-05-16,188.949997,188.949997,175.800003,186.199997,124.260178,8348946,57.094006,123.704069,122.151688,120.759377,1.143444,0.709132,0.434312
2018-05-17,185.949997,189.399994,184.949997,188.600006,125.861832,4519306,61.536556,124.323221,122.399560,120.775362,1.249092,0.817124,0.431968
2018-05-18,189.000000,191.750000,184.600006,185.050003,123.492760,4488003,52.824099,124.408496,122.493309,120.798533,1.128645,0.879428,0.249216
2018-05-21,186.449997,188.649994,185.199997,185.750000,123.959885,3380355,54.201001,124.604993,122.550510,120.832803,1.058678,0.915278,0.143400
2018-05-22,186.199997,188.500000,184.000000,185.199997,123.592865,3796268,52.894722,124.779247,122.641080,120.910285,0.962519,0.924726,0.037792
2018-05-23,183.899994,185.350006,174.300003,175.399994,117.052826,5590802,36.167525,123.826421,122.461532,120.876979,0.354499,0.810681,-0.456182
2018-05-24,175.600006,176.100006,155.149994,167.699997,111.914253,34819270,28.532679,122.358253,121.986444,120.746148,-0.535825,0.541380,-1.077205
2018-05-25,166.000000,176.199997,162.850006,175.449997,117.086205,12361678,41.840295,121.483285,121.859330,120.665674,-0.814688,0.270166,-1.084854
2018-05-28,175.000000,178.800003,173.699997,175.600006,117.186302,8087040,42.065142,120.489678,121.694082,120.560992,-1.015902,0.012953,-1.028854
2018-05-29,176.199997,177.399994,173.250000,175.550003,117.152924,11015160,42.006823,119.699983,121.530423,120.494911,-1.164633,-0.222565,-0.942068
2018-05-30,175.399994,178.500000,172.699997,174.000000,116.118546,12554659,40.149174,118.617396,121.322274,120.412474,-1.350403,-0.448132,-0.902271
2018-05-31,177.699997,180.350006,175.050003,177.899994,118.721199,23822373,46.553648,118.087223,121.253949,120.422288,-1.272940,-0.613094,-0.659847
2018-06-01,176.000000,176.000000,170.600006,173.199997,115.584656,9847581,40.876771,117.156642,121.002898,120.374527,-1.447953,-0.780066,-0.667887
2018-06-04,175.399994,175.399994,170.399994,171.100006,114.183243,5294603,38.611244,116.111128,120.712126,120.335271,-1.680364,-0.960125,-0.720238
2018-06-05,170.500000,172.300003,169.199997,171.199997,114.249969,5918946,38.785211,115.799700,120.308540,120.278351,-1.837979,-1.135696,-0.702283
2018-06-06,171.250000,172.250000,169.800003,170.300003,113.649376,3331408,37.748301,115.992491,119.901776,120.165818,-1.988432,-1.306243,-0.682189
2018-06-07,170.100006,173.750000,170.100006,172.649994,115.217613,5086661,42.101032,115.784870,119.577635,120.103663,-1.958547,-1.436704,-0.521843
2018-06-08,174.000000,174.899994,172.100006,173.699997,115.918343,4323567,43.985691,115.643985,119.115258,120.035619,-1.856914,-1.520746,-0.336168
2018-06-11,174.050003,174.300003,172.500000,173.300003,115.651421,3192749,43.406087,115.477152,118.664003,119.953182,-1.777419,-1.572081,-0.205338
2018-06-12,172.850006,175.600006,170.800003,171.399994,114.383430,4564556,40.664798,115.284361,118.160314,119.869436,-1.796031,-1.616871,-0.179160
2018-06-13,170.800003,172.000000,168.600006,170.000000,113.449165,5321172,38.724243,114.698580,117.556523,119.739237,-1.864674,-1.666431,-0.198243
2018-06-14,169.500000,170.800003,167.000000,168.500000,112.448135,4188442,36.703212,114.350077,116.994045,119.621470,-1.977058,-1.728557,-0.248502
2018-06-15,166.399994,168.300003,164.550003,165.449997,110.412712,7589493,32.938853,113.931129,116.258373,119.491272,-2.204948,-1.823835,-0.381113
2018-06-18,164.899994,167.399994,163.250000,164.600006,109.845474,4390244,31.955240,113.441741,115.608502,119.323126,-2.403616,-1.939791,-0.463825
2018-06-19,165.399994,166.800003,163.500000,164.800003,109.978943,4413184,32.466257,113.033915,114.942743,119.164140,-2.521229,-2.056079,-0.465151
2018-06-20,165.000000,165.000000,162.149994,162.750000,108.610863,5768211,29.980829,112.299832,114.229314,118.959355,-2.693779,-2.183619,-0.510160
2018-06-21,163.699997,163.699997,158.250000,159.699997,106.575455,12638114,26.705236,111.261733,113.730392,118.691107,-2.960638,-2.339023,-0.621615
2018-06-22,160.649994,160.649994,158.649994,159.550003,106.475372,5371207,26.551623,110.242172,113.471397,118.395380,-3.143960,-2.500010,-0.643950
2018-06-25,160.350006,160.699997,156.100006,156.649994,104.540039,5899032,23.711287,109.148462,112.873961,118.066939,-3.406145,-2.681237,-0.724908
2018-06-26,156.399994,158.899994,156.050003,158.300003,105.641182,5960446,28.404162,108.280908,112.324193,117.750276,-3.484904,-2.841970,-0.642933
2018-06-27,158.350006,158.850006,154.449997,156.250000,104.273132,7034207,26.244160,107.372575,111.710870,117.419874,-3.616027,-2.996782,-0.619246
2018-06-28,156.300003,158.600006,151.800003,153.500000,102.437927,17670403,23.646369,106.486487,111.059412,117.062647,-3.823949,-3.162215,-0.661734
2018-06-29,155.149994,159.350006,154.149994,158.399994,105.707924,7079407,35.834108,106.026760,110.439732,116.752527,-3.682419,-3.266256,-0.416163
2018-07-02,157.850006,158.000000,153.500000,155.500000,103.772591,9196529,32.525049,105.337165,109.877253,116.380251,-3.683954,-3.349796,-0.334159
2018-07-03,155.050003,161.600006,154.699997,157.699997,105.240746,12087830,37.258355,104.962708,109.451420,116.057699,-3.526057,-3.385048,-0.141009
2018-07-04,157.800003,158.000000,155.050003,156.000000,104.106277,5194030,35.203358,104.688354,108.968387,115.729913,-3.452664,-3.398571,-0.054093
2018-07-05,156.000000,157.600006,154.199997,156.399994,104.373215,6807718,36.096487,104.454781,108.526665,115.386426,-3.334522,-3.385761,0.051240
2018-07-06,156.899994,157.350006,155.250000,155.449997,103.739227,3633191,34.867251,104.365802,107.980075,115.072379,-3.254534,-3.359516,0.104982
2018-07-09,156.000000,158.399994,155.199997,157.399994,105.040550,4379183,39.426976,104.299065,107.462085,114.766184,-3.050968,-3.297806,0.246838
2018-07-10,158.500000,159.800003,157.350006,157.949997,105.407585,5276248,40.688186,104.425116,106.974283,114.468494,-2.827431,-3.203731,0.376300
2018-07-11,158.000000,158.750000,156.500000,158.100006,105.507698,6653936,41.048739,104.766201,106.551629,114.174730,-2.612087,-3.085403,0.473315
2018-07-12,159.600006,160.199997,154.750000,158.949997,106.074959,8165181,43.157269,104.806983,106.200477,113.898630,-2.368352,-2.941992,0.573640
2018-07-13,159.050003,159.050003,153.600006,154.100006,102.838318,3523600,35.381265,104.703175,105.742866,113.545328,-2.408595,-2.835313,0.426718
2018-07-16,155.699997,156.149994,153.050003,153.800003,102.638138,3680440,34.961693,104.413996,105.372648,113.199224,-2.428645,-2.753979,0.325334
2018-07-17,153.250000,156.850006,152.449997,156.149994,104.206398,3952416,40.876923,104.425121,105.104121,112.836109,-2.291573,-2.661498,0.369925
2018-07-18,156.899994,164.800003,156.850006,160.300003,106.975876,16571981,49.595338,104.714305,104.961118,112.537765,-1.937139,-2.516626,0.579487
2018-07-19,162.699997,165.199997,160.800003,161.750000,107.943535,8472466,52.245105,105.181451,104.929340,112.261666,-1.560181,-2.325337,0.765157
2018-07-20,161.750000,162.000000,156.600006,157.949997,105.407585,5475594,45.495095,105.222232,104.873727,111.865182,-1.449361,-2.150142,0.700781
2018-07-23,158.050003,158.750000,154.800003,156.550003,104.473351,4553137,43.276826,105.118429,104.778393,111.460194,-1.420545,-2.004223,0.583677
2018-07-24,157.199997,158.199997,155.850006,157.199997,104.907097,3943002,44.626765,105.051695,104.795872,111.066981,-1.347180,-1.872814,0.525634
2018-07-25,157.750000,160.750000,157.250000,159.050003,106.141716,4063454,48.391679,105.059113,104.819707,110.675079,-1.175859,-1.733423,0.557564
2018-07-26,159.199997,164.000000,158.199997,162.550003,108.477425,8778489,54.670861,105.685680,105.019911,110.365613,-0.841909,-1.555120,0.713212
2018-07-27,162.500000,162.800003,160.149994,161.300003,107.643227,3542015,52.226801,106.241801,105.267783,110.008385,-0.637218,-1.371540,0.734322
2018-07-30,161.449997,166.449997,161.149994,164.100006,109.511810,9599714,56.877208,106.831291,105.448920,109.734249,-0.320525,-1.161337,0.840811
2018-07-31,165.800003,166.750000,163.000000,165.699997,110.579567,6815180,59.314411,107.231701,105.773062,109.471890,0.016426,-0.925784,0.942210
2018-08-01,165.250000,168.750000,165.149994,167.199997,111.580566,4618179,61.510612,107.635816,106.074958,109.236355,0.360083,-0.668611,1.028694
2018-08-02,169.399994,170.800003,165.250000,166.399994,111.046669,7825776,59.660793,108.262381,106.405453,109.118587,0.582637,-0.418361,1.000998
2018-08-03,170.399994,171.000000,166.199997,166.800003,111.313637,12172870,60.303652,109.022413,106.735949,109.106810,0.771659,-0.180357,0.952016
2018-08-06,167.100006,169.699997,166.800003,169.250000,112.948647,5159560,64.079201,109.915918,107.174493,109.025681,1.041388,0.063992,0.977396
2018-08-07,170.000000,170.000000,166.550003,167.550003,111.814156,4300164,59.827197,110.546189,107.497046,108.920345,1.150345,0.281262,0.869083
2018-08-08,167.600006,172.899994,167.600006,172.500000,115.117546,7991348,66.746436,111.283980,107.959425,108.880436,1.486120,0.522234,0.963886
2018-08-09,172.550003,172.899994,168.350006,168.899994,112.715073,4437178,58.812653,111.847519,108.302633,108.813701,1.540605,0.725908,0.814697
2018-08-10,169.399994,170.899994,168.149994,169.250000,112.948647,4341382,59.318938,112.229390,108.629951,108.700514,1.584369,0.897600,0.686768
2018-08-13,168.899994,168.899994,165.500000,166.050003,110.813141,3731211,52.914686,112.255342,109.009705,108.606955,1.430247,1.004130,0.426118
2018-08-14,166.350006,167.000000,164.850006,166.250000,110.946602,3791016,53.254354,112.184902,109.405346,108.543491,1.303844,1.064072,0.239772
2018-08-16,165.899994,166.600006,163.850006,164.449997,109.745354,4184404,49.773915,112.040311,109.669106,108.455165,1.094126,1.070083,0.024043
2018-08-17,164.500000,165.000000,162.500000,163.050003,108.811081,4754545,47.190699,111.762249,109.756497,108.360297,0.842819,1.024630,-0.181811
2018-08-20,164.000000,169.899994,164.000000,168.699997,112.581581,9674107,56.910191,111.721464,109.977356,108.308610,0.937102,1.007125,-0.070023
2018-08-21,169.800003,171.250000,166.800003,170.199997,113.582619,5181397,59.064318,111.917960,110.366643,108.262811,1.080146,1.021729,0.058417
2018-08-23,171.000000,172.500000,168.899994,171.899994,114.717087,6635245,61.418308,111.873465,110.854440,108.244491,1.270407,1.071464,0.198943
2018-08-24,171.000000,176.500000,170.800003,174.750000,116.619080,9867693,65.047289,112.307243,111.412154,108.288327,1.556720,1.168516,0.388205
2018-08-27,175.449997,176.899994,175.000000,176.050003,117.486595,3612496,66.590843,112.811460,111.952386,108.367493,1.832503,1.301313,0.531190
2018-08-28,176.199997,178.500000,173.250000,174.600006,116.518974,5439278,63.236397,113.445441,112.335317,108.447313,1.950500,1.431150,0.519349
2018-08-29,175.000000,178.699997,174.100006,177.000000,118.120575,6288920,66.265502,114.242549,112.834238,108.598448,2.148482,1.574617,0.573866
2018-08-30,176.899994,181.899994,176.149994,177.449997,118.420898,11296260,66.817609,115.206499,113.258481,108.766593,2.303070,1.720308,0.582763
2018-08-31,178.750000,181.250000,177.750000,180.050003,120.156021,8916222,69.884287,116.467048,113.714502,108.966144,2.536355,1.883517,0.652838
2018-09-03,180.750000,180.750000,176.649994,177.300003,118.320808,3168480,63.228294,117.104740,114.035466,109.156535,2.543824,2.015578,0.528246
2018-09-04,177.750000,178.149994,173.600006,174.350006,116.352135,2874936,56.960963,117.412464,114.288107,109.348234,2.363642,2.085191,0.278451
2018-09-05,174.149994,175.000000,170.750000,173.699997,115.918343,3735722,55.651950,117.545937,114.507379,109.533391,2.160933,2.100339,0.060593
2018-09-06,174.000000,176.149994,170.600006,174.500000,116.452217,6809374,56.962800,117.527396,114.674216,109.766963,2.020077,2.084287,-0.064210
2018-09-07,175.000000,175.000000,171.100006,171.899994,114.717087,5309239,51.622171,117.219673,114.812451,109.944922,1.748285,2.017087,-0.268802
2018-09-10,170.500000,171.300003,168.100006,168.649994,112.548233,5569685,45.837190,116.778480,114.690102,110.107179,1.342404,1.882150,-0.539746
2018-09-11,168.699997,170.000000,167.399994,167.800003,111.980965,8750333,44.434603,116.096301,114.655145,110.294297,0.963857,1.698492,-0.734635
2018-09-12,166.199997,170.800003,166.199997,168.500000,112.448135,5610743,45.902715,115.432660,114.631311,110.426458,0.693557,1.497505,-0.803948
2018-09-14,169.500000,173.300003,168.399994,172.550003,115.150894,4720460,53.549237,114.876535,114.837871,110.649562,0.689484,1.335901,-0.646416
2018-09-17,171.100006,173.550003,170.649994,171.699997,114.583641,4012086,51.891413,114.461294,115.011063,110.832756,0.633185,1.195358,-0.562172
2018-09-18,172.350006,174.600006,171.750000,173.899994,116.051804,6426239,55.712995,114.427924,115.311370,111.066982,0.698979,1.096082,-0.397103
2018-09-19,173.250000,178.699997,173.250000,177.000000,119.044724,10038603,62.289415,114.775300,115.798686,111.354659,0.981313,1.073128,-0.091815
2018-09-21,177.300003,181.550003,176.699997,180.399994,121.331467,9298030,66.395413,115.317439,116.215348,111.699605,1.373749,1.133252,0.240497
2018-09-24,181.000000,185.399994,179.300003,180.600006,121.466011,13799885,66.625664,116.067319,116.590747,112.021672,1.676292,1.241860,0.434432
2018-09-25,181.949997,184.649994,179.399994,182.300003,122.609352,8363857,68.594899,117.185221,116.966569,112.358962,1.985430,1.390574,0.594856
2018-09-26,184.800003,184.800003,178.949997,180.600006,121.466011,6680285,64.496575,118.239115,117.197376,112.671870,2.113800,1.535219,0.578580
2018-09-27,181.100006,181.750000,175.050003,175.800003,118.237663,7853039,54.580475,118.882396,117.233141,112.910354,1.932753,1.614726,0.318027
2018-09-28,177.000000,181.000000,172.350006,177.199997,119.179222,8598293,56.672743,119.329988,117.359819,113.230764,1.843992,1.660579,0.183413
2018-10-01,179.300003,181.100006,174.649994,179.000000,120.389885,4582462,59.270757,119.975126,117.467882,113.578838,1.850013,1.698466,0.151547
2018-10-03,177.899994,183.500000,177.899994,181.449997,122.037682,8893914,62.561290,120.640224,117.640109,113.928471,1.965096,1.751792,0.213304
2018-10-04,180.500000,182.550003,163.350006,172.399994,115.950905,7866152,47.345167,120.296466,117.439866,114.104452,1.547311,1.710896,-0.163585
2018-10-05,160.050003,160.050003,145.600006,147.050003,98.901291,35255036,27.308965,117.804225,116.515127,113.927153,-0.157730,1.337171,-1.494900
2018-10-08,149.000000,150.850006,144.699997,149.800003,100.750862,11709162,30.733519,115.502541,115.772209,113.835845,-1.344246,0.800887,-2.145133
2018-10-09,150.500000,151.899994,145.449997,146.649994,98.632256,6818577,29.045542,112.838420,114.949062,113.721313,-2.427539,0.155202,-2.582741
2018-10-10,146.100006,151.449997,146.100006,148.600006,99.943771,10873198,31.551792,110.447060,114.162946,113.623993,-3.143987,-0.504636,-2.639351
2018-10-11,146.100006,159.600006,146.100006,152.949997,102.869446,15633772,36.905711,108.739480,113.598772,113.559831,-3.436090,-1.090927,-2.345164
2018-10-12,154.699997,158.350006,154.050003,157.399994,105.862396,6089606,41.911347,107.259833,113.280399,113.508556,-3.387034,-1.550148,-1.836886
2018-10-15,158.949997,160.899994,156.649994,160.149994,107.711945,4679911,44.824520,105.851173,113.077112,113.509903,-3.162459,-1.872611,-1.289849
2018-10-16,161.949997,167.199997,161.100006,165.600006,111.377464,8912396,50.159267,104.666704,113.026128,113.546485,-2.658065,-2.029701,-0.628363
2018-10-17,166.600006,167.300003,160.550003,162.100006,109.023483,5347724,47.015429,103.896990,112.734347,113.515973,-2.420374,-2.107836,-0.312538
2018-10-19,162.500000,163.750000,157.000000,160.449997,107.913742,7258192,45.565493,104.898374,112.416732,113.444075,-2.295094,-2.145287,-0.149806
2018-10-22,161.000000,161.800003,155.250000,155.949997,104.887177,5476435,41.781062,105.357964,111.885084,113.323301,-2.412220,-2.198674,-0.213546
2018-10-23,155.350006,157.399994,150.899994,155.399994,104.517235,8239765,41.329216,106.011851,111.193298,113.190038,-2.506006,-2.260140,-0.245866
2018-10-24,157.949997,159.699997,153.600006,157.750000,106.097786,8342857,44.110226,106.695630,110.467885,113.055707,-2.424844,-2.293081,-0.131763
2018-10-25,157.000000,162.800003,153.050003,155.350006,104.483627,32100452,41.924619,106.874984,109.659200,112.911971,-2.462386,-2.326942,-0.135444
2018-10-26,156.000000,156.800003,149.649994,151.800003,102.096008,9427229,38.857628,106.456496,108.682374,112.656647,-2.654203,-2.392394,-0.261809
2018-10-29,152.500000,155.750000,150.600006,154.899994,104.180946,5954637,42.793166,106.064163,107.859276,112.489311,-2.607920,-2.435499,-0.172421
2018-10-30,155.000000,155.000000,152.100006,152.949997,102.869446,4156028,41.005194,105.118828,107.127456,112.291680,-2.646560,-2.477711,-0.168848
2018-10-31,154.000000,155.000000,151.399994,153.250000,103.071228,7562821,41.410799,104.457466,106.360409,112.139878,-2.630576,-2.508284,-0.122292
2018-11-01,155.500000,155.800003,153.350006,154.250000,103.743790,5220182,42.821883,103.994138,105.567737,111.998646,-2.534424,-2.513512,-0.020912
2018-11-02,155.500000,158.449997,155.100006,157.350006,105.828743,7789972,47.077157,104.098757,104.795883,111.921850,-2.263887,-2.463587,0.199700
2018-11-05,165.000000,165.000000,154.199997,154.949997,104.214615,15261029,44.326792,104.065132,104.237012,111.831723,-2.154892,-2.401848,0.246957
2018-11-06,155.949997,158.199997,153.800003,156.050003,104.954430,7749980,45.887240,103.938093,104.525257,111.682171,-1.985922,-2.318663,0.332741
2018-11-07,157.550003,157.850006,156.600006,157.000000,105.593361,491522,47.262049,104.061396,104.755852,111.525519,-1.779939,-2.210918,0.430980
2018-11-09,158.000000,158.000000,155.149994,156.399994,105.189835,6478458,46.459231,104.405155,105.068118,111.338710,-1.630461,-2.094827,0.464366
2018-11-12,156.949997,158.399994,155.350006,156.050003,104.954430,4686739,45.968668,104.491097,105.306721,111.109991,-1.513547,-1.978571,0.465024
2018-11-13,156.050003,158.000000,155.699997,156.500000,105.257072,5499454,46.747179,104.756389,105.420417,110.870197,-1.380557,-1.858968,0.478411
2018-11-14,157.699997,163.899994,157.250000,161.000000,108.283630,15008061,53.900657,105.335545,105.535714,110.708719,-1.019195,-1.691014,0.671818
2018-11-15,161.399994,162.000000,158.100006,158.850006,106.837639,3468318,50.416117,105.679306,105.494080,110.487485,-0.839812,-1.520773,0.680962
2018-11-16,158.000000,158.000000,152.800003,156.350006,105.156189,7515249,46.640263,105.604578,105.197829,110.227393,-0.823831,-1.381385,0.557554
2018-11-19,156.000000,156.500000,153.100006,154.550003,103.945572,4614296,44.080499,105.574684,104.956024,109.909541,-0.898496,-1.284807,0.386311
2018-11-20,154.550003,155.800003,152.649994,153.100006,102.970352,5480470,42.077110,105.354231,104.720624,109.608552,-1.024550,-1.232756,0.208206
2018-11-21,155.000000,155.500000,151.300003,151.750000,102.062378,4573137,40.243245,104.961900,104.586110,109.328360,-1.184066,-1.223018,0.038952
2018-11-22,152.500000,154.300003,151.649994,152.250000,102.398651,4477092,41.264249,104.651768,104.485225,109.063268,-1.268723,-1.232159,-0.036565
2018-11-26,153.000000,153.600006,145.100006,146.600006,98.598663,8093330,34.161155,103.945572,104.128124,108.713199,-1.623725,-1.310472,-0.313253
2018-11-27,147.399994,147.850006,144.250000,146.100006,98.262352,9231112,33.609734,103.168381,103.831873,108.390557,-1.910185,-1.430415,-0.479770
2018-11-28,146.800003,148.199997,142.050003,142.800003,96.042892,14201939,30.150821,101.808299,103.543629,108.066923,-2.289901,-1.602312,-0.687589
2018-11-29,143.899994,143.899994,137.649994,140.600006,94.563225,28991042,28.076307,100.444475,103.085642,107.725398,-2.679341,-1.817718,-0.861623
2018-11-30,141.600006,143.699997,138.500000,140.300003,94.361465,23675557,27.795476,99.245061,102.680501,107.370758,-2.970018,-2.048178,-0.921840
2018-12-03,140.949997,143.000000,140.199997,142.500000,95.841103,8371191,33.081824,98.344565,102.336209,106.992135,-3.045876,-2.247717,-0.798159
2018-12-04,142.600006,147.949997,142.399994,146.149994,98.295967,9753442,40.822911,97.825189,102.076789,106.672768,-2.874769,-2.373128,-0.501641
2018-12-05,145.949997,148.100006,142.399994,143.699997,96.648186,9774733,37.672689,97.223612,101.639619,106.292305,-2.839396,-2.466381,-0.373015
2018-12-06,142.600006,142.600006,138.500000,140.149994,94.260574,5771659,33.623826,96.319381,101.165617,105.806342,-2.969790,-2.567063,-0.402727
2018-12-07,140.199997,141.449997,138.050003,139.399994,93.756142,10571838,32.821250,95.781323,100.632366,105.265649,-3.078346,-2.669320,-0.409026
2018-12-10,138.500000,141.250000,135.149994,137.100006,92.209236,33096556,30.423043,95.108754,99.995026,104.691987,-3.251716,-2.785799,-0.465917
2018-12-11,136.000000,138.949997,134.750000,138.100006,92.881805,14884397,32.724723,94.757523,99.408930,104.109094,-3.296839,-2.888007,-0.408832
2018-12-12,139.500000,142.500000,138.850006,141.699997,95.303047,14020937,40.372137,94.839725,98.949340,103.596094,-3.101473,-2.930700,-0.170772
2018-12-13,143.000000,144.199997,141.500000,143.300003,96.379166,11251819,43.448985,95.063914,98.526583,103.167496,-2.827219,-2.910004,0.082785
2018-12-14,143.000000,150.399994,140.600006,146.850006,98.766792,23355616,49.656163,95.388991,98.073400,102.767253,-2.389664,-2.805936,0.416272
2018-12-17,148.000000,149.899994,146.100006,148.250000,99.708374,12767531,51.898439,95.545925,97.733911,102.361733,-1.944505,-2.633650,0.689145
2018-12-18,147.899994,148.949997,146.300003,147.600006,99.271217,10474177,50.767874,95.837373,97.453674,101.915332,-1.608447,-2.428609,0.820162
2018-12-19,147.500000,148.800003,147.300003,148.250000,99.708374,7008346,51.896380,96.442684,97.251903,101.596851,-1.291951,-2.201278,0.909326
2018-12-20,147.949997,150.750000,147.399994,148.600006,99.943771,21204077,52.527406,97.130198,97.107780,101.617291,-1.010483,-1.963119,0.952636
2018-12-21,149.000000,149.300003,147.600006,148.500000,99.876526,17767999,52.316275,97.982119,97.003692,101.600147,-0.783808,-1.727257,0.943448
2018-12-24,148.500000,149.699997,147.300003,147.899994,99.472969,8200455,50.991653,98.714471,96.864374,101.616632,-0.629474,-1.507700,0.878226
2018-12-26,148.100006,149.449997,145.750000,146.600006,98.598663,9247671,48.147380,99.080650,96.864374,101.590257,-0.571129,-1.320386,0.749257
2018-12-27,147.350006,151.399994,146.000000,149.699997,100.683601,44356763,54.644443,99.558921,96.979671,101.547398,-0.352589,-1.126827,0.774238
2018-12-28,148.199997,151.500000,148.000000,150.500000,101.221664,10732729,56.170727,99.831685,97.226279,101.456403,-0.134427,-0.928347,0.793919
2018-12-31,150.149994,150.800003,149.100006,149.899994,100.818130,5778308,54.684449,99.954991,97.524132,101.321230,0.005838,-0.741510,0.747348
2019-01-01,150.000000,150.100006,148.000000,148.500000,99.876526,4496586,51.275111,100.022247,97.786754,101.095722,0.040553,-0.585097,0.625650
2019-01-02,148.000000,148.350006,145.750000,147.050003,98.901291,17436694,47.941297,99.932571,97.932477,100.897247,-0.010508,-0.470179,0.459671
2019-01-03,145.000000,145.649994,141.600006,142.399994,95.773849,26599483,39.150362,99.469247,97.812376,100.659210,-0.299876,-0.436119,0.136243
2019-01-04,142.050003,146.199997,142.050003,145.699997,97.993324,7395898,46.629813,99.260002,97.876431,100.524036,-0.346119,-0.418119,0.072000
2019-01-07,147.550003,148.399994,145.750000,147.850006,99.439369,12700566,50.867213,99.256269,98.123040,100.424470,-0.263051,-0.387105,0.124054
2019-01-08,149.100006,149.100006,146.300003,147.449997,99.170319,6163846,50.070649,99.319786,98.380858,100.288638,-0.216434,-0.352971,0.136537
2019-01-09,147.899994,148.199997,144.850006,145.300003,97.724319,4951441,45.909580,98.990977,98.643481,100.156102,-0.292795,-0.340936,0.048141
2019-01-10,145.899994,147.000000,143.000000,143.250000,96.345535,7131028,42.299859,98.449185,98.808420,100.043348,-0.459273,-0.364603,-0.094670
2019-01-11,144.000000,145.500000,143.649994,144.649994,97.287125,7665486,45.454014,98.056851,98.902900,99.908175,-0.509359,-0.393554,-0.115804
2019-01-14,145.000000,145.199997,142.500000,143.449997,96.480042,6028078,43.270579,97.679464,98.907704,99.782893,-0.607177,-0.436279,-0.170899
2019-01-15,144.699997,145.500000,144.050003,145.149994,97.623413,3680774,47.144178,97.537477,98.853257,99.676073,-0.585688,-0.466161,-0.119527
2019-01-16,145.199997,147.250000,145.199997,146.350006,98.430511,3667241,49.752404,97.832662,98.792407,99.571891,-0.497792,-0.472487,-0.025305
2019-01-17,146.500000,147.449997,144.449997,145.000000,97.522537,5142302,46.945801,97.780352,98.709136,99.409024,-0.495687,-0.477127,-0.018560
2019-01-18,145.100006,147.699997,145.100006,146.750000,98.699554,4904282,50.818905,97.698151,98.661097,99.300886,-0.394495,-0.460601,0.066105
2019-01-21,147.000000,147.199997,144.100006,144.699997,97.320763,4087312,46.533376,97.492644,98.536192,99.151206,-0.420707,-0.452622,0.031915
2019-01-22,145.500000,146.000000,144.050003,144.350006,97.085342,4113351,45.822832,97.421647,98.403279,98.984382,-0.455229,-0.453143,-0.002086
2019-01-23,144.699997,145.550003,143.000000,143.300003,96.379166,4946218,43.668801,97.425384,98.255955,98.811624,-0.533422,-0.469199,-0.064223
2019-01-24,143.399994,143.949997,141.050003,141.699997,95.303047,3820645,40.541290,97.204931,98.099020,98.622381,-0.674450,-0.510249,-0.164200
2019-01-25,142.100006,144.449997,141.649994,142.000000,95.504822,3871762,41.388905,97.096573,97.852412,98.431160,-0.761159,-0.560431,-0.200728
2019-01-28,142.500000,142.949997,139.649994,141.649994,95.269424,2910523,40.660661,96.835019,97.568972,98.175980,-0.839198,-0.616185,-0.223013
2019-01-29,142.300003,143.699997,140.100006,141.050003,94.865883,7282910,39.381409,96.438949,97.285532,97.941239,-0.922967,-0.677541,-0.245426
2019-01-30,141.449997,141.500000,138.500000,139.699997,93.957916,8511453,36.591871,96.042880,97.003693,97.721665,-1.050511,-0.752135,-0.298376
2019-01-31,140.199997,142.800003,139.250000,141.250000,95.000389,28107358,41.698133,95.631861,96.817936,97.546270,-1.055306,-0.812769,-0.242537
2019-02-01,141.000000,143.300003,139.800003,141.800003,95.370308,5260578,43.438752,95.415144,96.798719,97.397249,-1.017528,-0.853721,-0.163807
2019-02-04,142.500000,147.449997,142.449997,146.250000,98.363243,9532350,55.114884,95.557133,96.816335,97.324717,-0.737581,-0.830493,0.092912
2019-02-05,146.000000,148.199997,142.300003,142.949997,96.143776,5413425,47.314586,95.530979,96.659402,97.202073,-0.686895,-0.801773,0.114878
2019-02-06,143.399994,147.750000,142.500000,146.699997,98.665901,5075180,55.092510,95.904629,96.635382,97.203391,-0.438161,-0.729051,0.290890
2019-02-07,146.899994,148.300003,145.500000,147.899994,99.472969,6080631,57.266558,96.345534,96.718651,97.227129,-0.173909,-0.618023,0.444113
2019-02-08,146.300003,148.300003,143.149994,144.149994,96.950836,4510762,49.243468,96.532358,96.747475,97.244931,-0.166088,-0.527636,0.361547
2019-02-11,143.250000,143.649994,137.100006,138.199997,92.949051,6424512,39.731930,96.319377,96.540900,97.213281,-0.477299,-0.517568,0.040270
2019-02-12,138.500000,140.949997,136.550003,137.449997,92.444641,6816203,38.716813,96.151235,96.348738,97.175696,-0.755923,-0.565239,-0.190684
2019-02-14,133.500000,134.199997,127.599998,132.149994,88.880013,25346334,32.414120,95.471193,95.932385,97.039204,-1.249962,-0.702184,-0.547778
2019-02-15,138.000000,140.899994,133.399994,135.000000,90.796829,37975666,38.236609,94.963029,95.568877,96.892162,-1.469876,-0.855722,-0.614154
2019-02-18,136.800003,138.899994,135.800003,137.100006,92.209236,10614715,42.188721,94.279250,95.315862,96.805124,-1.512753,-0.987128,-0.525624
2019-02-19,137.199997,140.350006,137.199997,139.149994,93.587990,9077045,45.832471,93.995274,95.072455,96.791936,-1.419120,-1.073527,-0.345593
2019-02-20,141.600006,145.350006,140.000000,144.050003,96.883598,14236359,53.394028,93.797240,95.051637,96.853259,-1.066691,-1.072160,0.005469
2019-02-21,145.000000,148.600006,144.199997,146.949997,98.834053,13876243,57.201895,93.726250,95.134909,96.983157,-0.622823,-0.982292,0.359469
2019-02-22,148.600006,150.500000,147.100006,148.600006,99.943771,18273813,59.242277,94.058798,95.304652,97.121627,-0.179442,-0.821722,0.642280
2019-02-25,149.000000,149.350006,145.699997,147.750000,99.372093,20216077,57.715749,94.772469,95.498416,97.201412,0.124378,-0.632502,0.756880
2019-02-26,147.500000,149.199997,146.000000,147.500000,99.203949,12458860,57.248496,95.523504,95.674565,97.256800,0.347583,-0.436485,0.784068
2019-02-27,148.750000,149.750000,146.500000,148.000000,99.540230,11868751,57.981163,96.707972,95.877937,97.271966,0.545323,-0.240124,0.785447
2019-02-28,144.399994,150.750000,143.100006,148.649994,103.654327,48854712,65.721130,98.136583,96.296434,97.349337,1.022223,0.012346,1.009878
2019-03-01,149.899994,150.199997,147.850006,149.100006,103.968124,9764801,66.232056,99.443126,96.773111,97.441433,1.409246,0.291726,1.117520
2019-03-05,148.750000,155.649994,147.850006,155.000000,108.082207,11194669,72.102894,101.053595,97.396055,97.605626,2.024598,0.638300,1.386298
2019-03-06,155.100006,157.000000,152.800003,154.800003,107.942764,15648948,71.648212,102.282391,97.994743,97.762469,2.472516,1.005144,1.467372
2019-03-07,154.800003,155.500000,151.500000,152.050003,106.025177,30210637,65.528515,103.081405,98.359597,97.883031,2.642302,1.332575,1.309727
2019-03-08,152.100006,152.600006,147.000000,150.399994,104.874619,17986042,62.101133,103.629277,98.775351,97.988946,2.653431,1.596746,1.056684
2019-03-11,151.550003,154.300003,151.100006,153.000000,106.687592,15880368,65.190681,104.442110,99.157337,98.147552,2.776536,1.832704,0.943832
2019-03-12,154.000000,155.600006,151.100006,151.850006,105.885696,10818012,62.753880,105.184526,99.462705,98.249554,2.777376,2.021639,0.755737
2019-03-13,151.250000,151.250000,145.699997,149.750000,104.421387,21001041,58.456833,105.726877,99.818445,98.312294,2.629572,2.143225,0.486347
2019-03-14,150.000000,152.500000,149.500000,151.050003,105.327866,6328309,60.270478,105.912826,100.407912,98.400720,2.556116,2.225803,0.330313
2019-03-15,151.899994,157.449997,151.199997,156.000000,108.779533,15483879,66.303011,106.447427,101.185764,98.575289,2.744782,2.329599,0.415183
2019-03-18,155.000000,157.300003,153.600006,154.649994,107.838158,7575127,63.472339,106.420310,102.088533,98.750521,2.786223,2.420924,0.365299
2019-03-19,155.949997,163.199997,154.800003,157.000000,109.476830,18289779,66.179130,106.590762,102.978057,99.019207,2.917659,2.520271,0.397388
2019-03-20,156.649994,157.050003,150.600006,151.850006,105.885696,28675956,56.328090,106.575264,103.629317,99.173960,2.700914,2.556399,0.144514
2019-03-22,152.949997,153.449997,148.449997,152.350006,106.234352,26751005,56.997367,106.726345,104.231525,99.307195,2.528133,2.550746,-0.022613
2019-03-25,152.000000,160.550003,150.699997,158.649994,110.627380,22638399,64.400276,107.164100,104.885991,99.531843,2.714393,2.583475,0.130918
2019-03-26,159.000000,163.050003,158.699997,160.050003,112.311531,16694599,66.762582,107.878081,105.527775,99.817867,2.963739,2.659528,0.304211
2019-03-27,160.149994,161.399994,157.500000,160.100006,112.346619,10063152,66.811994,108.758663,106.118387,100.131613,3.128119,2.753246,0.374873
2019-03-28,160.000000,160.250000,155.199997,155.899994,109.399361,25492224,58.892297,109.211051,106.595876,100.369108,2.986150,2.799827,0.186323
2019-04-01,160.500000,160.949997,155.800003,157.250000,110.346687,20605152,60.512538,109.385179,107.126483,100.641003,2.916461,2.823154,0.093307
2019-04-02,159.199997,159.699997,156.399994,157.500000,110.522102,10435568,60.820479,109.683395,107.649429,100.893919,2.842619,2.827047,0.015572
2019-04-03,158.550003,159.100006,154.600006,155.449997,109.083580,8283863,56.901556,109.639701,107.907965,101.102802,2.637616,2.789161,-0.151544
2019-04-04,155.250000,156.350006,153.300003,155.250000,108.943230,10752094,56.518914,109.979427,108.144875,101.326737,2.435748,2.718478,-0.282730
2019-04-05,156.000000,157.149994,153.949997,156.550003,109.855499,6797106,58.473642,110.381777,108.229317,101.545482,2.322604,2.639303,-0.316699
2019-04-08,157.800003,160.250000,156.550003,158.100006,110.943146,13120469,60.739788,110.416862,108.372192,101.812587,2.294255,2.570294,-0.276039
2019-04-09,158.600006,158.899994,157.050003,157.550003,110.557220,8487177,59.499066,110.221938,108.588004,102.076742,2.215112,2.499257,-0.284145
2019-04-10,156.949997,159.949997,156.800003,158.000000,110.872986,9363447,60.215152,110.058201,108.873641,102.360934,2.153051,2.430016,-0.276965
2019-04-11,158.000000,159.399994,155.899994,158.600006,111.294052,5279154,61.200293,110.268723,109.092996,102.674483,2.113482,2.366709,-0.253228
2019-04-12,159.000000,159.649994,157.250000,157.600006,110.592308,5631030,58.596160,110.296014,109.317120,102.970316,2.002415,2.293850,-0.291436
2019-04-15,158.300003,158.300003,156.100006,156.449997,109.785286,3902646,55.662796,110.214145,109.572544,103.254941,1.828199,2.200720,-0.372521
2019-04-16,156.500000,161.000000,155.850006,160.449997,112.592232,8394765,62.663799,110.603995,109.918466,103.602516,1.894787,2.139533,-0.244746
2019-04-18,160.850006,162.199997,159.050003,160.600006,112.697487,9606055,62.900367,111.021135,110.105035,103.969959,1.933761,2.098379,-0.164618
2019-04-22,160.699997,161.500000,156.899994,157.899994,110.802803,5543020,56.019505,111.126391,110.246209,104.279810,1.791115,2.036926,-0.245811
2019-04-23,158.000000,165.000000,157.600006,163.750000,114.907921,10137024,64.962719,111.566922,110.504832,104.662901,1.986419,2.026825,-0.040406
2019-04-24,165.699997,170.449997,165.699997,168.649994,118.346397,33596281,70.393325,112.432386,111.098199,105.054727,2.391091,2.099678,0.291413
2019-04-25,168.350006,170.000000,166.550003,168.850006,118.486755,134264338,70.593686,113.278360,111.681647,105.492825,2.692090,2.218160,0.473930
2019-04-26,169.500000,169.949997,167.899994,168.399994,118.170967,8708111,69.454826,114.042462,112.040865,105.875277,2.872045,2.348937,0.523108
2019-04-30,168.000000,171.149994,166.149994,169.199997,118.732361,9844317,70.369977,114.946912,112.346619,106.252912,3.025089,2.484168,0.540922
2019-05-02,169.300003,172.000000,168.399994,168.899994,118.521820,22056708,69.528645,115.917638,112.640676,106.675873,3.093726,2.606079,0.487647
2019-05-03,168.850006,171.899994,168.699997,170.250000,119.469154,12720120,71.197294,116.681741,113.120190,107.195875,3.187817,2.722427,0.465390
2019-05-06,170.000000,171.699997,168.149994,170.149994,119.398964,18962836,70.887550,117.426349,113.551251,107.724391,3.219606,2.821863,0.397744
2019-05-07,170.399994,172.500000,168.600006,171.699997,120.486656,9042790,72.858120,118.502333,114.025754,108.344129,3.294590,2.916408,0.378182
2019-05-08,171.399994,171.399994,167.750000,168.899994,118.521820,8603091,64.380527,118.903877,114.475194,108.887756,3.159053,2.964937,0.194116
2019-05-09,167.399994,170.100006,167.399994,169.399994,118.872681,6869953,65.160113,118.962353,114.948025,109.410569,3.044852,2.980920,0.063932
2019-05-10,168.399994,169.399994,165.699997,166.300003,116.697319,6195094,56.851972,118.763527,115.273826,109.863693,2.747145,2.934165,-0.187020
2019-05-13,167.199997,167.899994,163.000000,164.100006,115.153542,7792358,51.803933,118.428257,115.474321,110.221927,2.359443,2.819221,-0.459778
2019-05-14,162.000000,165.399994,160.850006,164.149994,115.188622,7268915,51.908431,118.034509,115.694863,110.542605,2.031598,2.661696,-0.630099
2019-05-15,164.600006,165.199997,161.800003,162.750000,114.206200,5412275,48.722428,117.554995,115.853588,110.822261,1.673217,2.464000,-0.790784
2019-05-16,163.399994,166.899994,162.000000,165.949997,116.451744,5197438,55.452771,117.219727,116.099192,111.157156,1.552498,2.281700,-0.729202
2019-05-17,166.500000,168.000000,162.100006,167.350006,117.434158,5532072,58.047125,117.001416,116.424995,111.514611,1.518594,2.129079,-0.610484
2019-05-20,170.000000,176.600006,169.100006,176.000000,123.504097,7103649,69.763910,117.336687,117.078271,111.984490,1.958937,2.095050,-0.136113
2019-05-21,175.100006,176.500000,173.800003,174.750000,122.626923,7135887,66.857973,117.792809,117.556114,112.356502,2.211638,2.118368,0.093270
2019-05-22,174.850006,178.000000,174.149994,177.000000,124.205803,10347293,69.334027,118.385379,118.104129,112.753319,2.510369,2.196768,0.313601
2019-05-23,178.500000,178.899994,173.000000,174.149994,122.205887,9247879,62.921524,118.997442,118.647133,113.030254,2.556272,2.268669,0.287603
2019-05-24,174.000000,175.899994,168.800003,174.399994,122.381325,9263195,63.242684,119.800529,119.003009,113.313363,2.577099,2.330355,0.246744
2019-05-27,174.000000,175.199997,172.550003,173.649994,121.855034,7461458,61.521168,120.541241,119.170087,113.623753,2.522065,2.368697,0.153368
2019-05-28,173.149994,176.399994,171.600006,175.300003,123.012901,16628505,63.852463,121.519764,119.385618,113.979405,2.542571,2.403472,0.139100
2019-05-29,173.899994,174.649994,170.350006,171.550003,120.381401,7205487,55.606686,121.956392,119.490877,114.247911,2.319742,2.386726,-0.066984
2019-05-30,172.000000,172.000000,167.550003,169.449997,118.907745,21945960,51.588895,122.120124,119.499228,114.503246,2.001168,2.309614,-0.308446
2019-05-31,168.000000,173.949997,166.550003,171.949997,120.662071,17113729,55.693114,121.804343,119.601145,114.821690,1.868714,2.221434,-0.352720
2019-06-03,173.000000,173.199997,167.500000,172.149994,120.802422,17756361,56.014394,121.601621,119.664634,115.125113,1.754840,2.128116,-0.373275
2019-06-04,172.899994,173.500000,170.050003,170.600006,119.714752,8578302,52.817982,121.102615,119.679672,115.339529,1.558858,2.014264,-0.455406
2019-06-06,170.500000,172.100006,168.850006,169.399994,118.872681,14152285,50.419174,120.732259,119.602816,115.555892,1.320373,1.875486,-0.555113
2019-06-07,169.600006,170.100006,166.550003,167.500000,117.539413,5052519,46.795332,120.194269,119.556034,115.713982,1.012121,1.702813,-0.690692
2019-06-10,168.100006,169.000000,163.199997,164.649994,115.539452,10866149,41.927239,119.492538,119.397309,115.903272,0.599538,1.482158,-0.882620
2019-06-11,164.850006,170.350006,164.850006,169.250000,118.767410,11282418,50.819987,119.020816,119.495885,116.149018,0.526957,1.291118,-0.764160
2019-06-12,168.050003,171.449997,166.000000,170.850006,119.890198,9478876,53.487970,118.966238,119.721440,116.330642,0.553654,1.143625,-0.589971
2019-06-13,168.800003,170.199997,167.000000,168.949997,118.556885,6678516,50.017893,118.927254,119.881833,116.453100,0.461900,1.007280,-0.545380
2019-06-14,168.949997,171.000000,168.449997,169.300003,118.802521,7153585,50.653060,118.720637,120.100706,116.579686,0.404344,0.886693,-0.482349
2019-06-17,169.500000,169.949997,162.949997,164.399994,115.364044,4603627,42.509443,118.116373,120.048911,116.696640,0.080348,0.725424,-0.645076
2019-06-18,164.000000,166.949997,163.250000,166.149994,116.592072,5808715,45.857382,117.769408,120.008811,116.819099,-0.076449,0.565049,-0.641498
2019-06-19,166.800003,169.100006,164.600006,167.350006,117.434158,4625698,48.089759,117.609573,119.719767,116.954629,-0.131249,0.425790,-0.557038
2019-06-20,166.300003,172.750000,166.300003,172.000000,120.697182,5793816,55.710200,117.960436,119.627874,117.182347,0.087611,0.358154,-0.270543
2019-06-21,171.750000,173.449997,169.800003,170.949997,119.960358,11402911,53.789955,118.451647,119.425710,117.398369,0.199305,0.326384,-0.127079
2019-06-24,171.149994,171.850006,164.850006,165.199997,115.925423,6585159,44.703043,118.135871,119.126640,117.517387,-0.037331,0.253641,-0.290972
2019-06-25,165.500000,168.449997,165.500000,166.199997,116.627151,6697367,46.398965,117.773310,118.852632,117.628838,-0.166326,0.169648,-0.335974
2019-06-26,166.100006,169.149994,166.100006,167.550003,117.574501,5978575,48.686974,117.664157,118.648797,117.766432,-0.189923,0.097734,-0.287657
2019-06-27,167.550003,171.800003,167.250000,170.600006,119.714752,36738164,53.514668,117.765516,118.491742,117.939800,-0.035514,0.071084,-0.106598
2019-06-28,170.300003,171.300003,166.649994,167.750000,117.714844,5325984,48.886286,118.026716,118.364764,118.065698,-0.073671,0.042133,-0.115804
2019-07-01,168.199997,170.399994,159.250000,161.000000,112.978149,15160240,40.051016,117.625169,118.082402,118.112479,-0.480582,-0.062410,-0.418172
2019-07-02,163.000000,166.250000,161.500000,165.649994,116.241219,10975678,47.138727,117.492620,117.871885,118.239066,-0.533608,-0.156650,-0.376959
2019-07-03,165.800003,167.949997,163.500000,166.300003,116.697319,8253849,48.063041,117.048191,117.676404,118.319558,-0.532688,-0.231857,-0.300831
2019-07-04,166.399994,168.899994,166.100006,167.100006,117.258698,8827834,49.239529,116.748006,117.559449,118.408994,-0.481114,-0.281709,-0.199406
2019-07-05,167.100006,168.050003,160.000000,161.500000,113.329025,14509056,42.057605,116.459518,117.295465,118.458527,-0.748703,-0.375108,-0.373595
2019-07-08,161.449997,161.500000,151.050003,152.399994,106.943306,10273814,33.505371,115.383535,116.790889,118.302358,-1.459222,-0.591930,-0.867291
2019-07-09,152.399994,155.449997,150.649994,153.399994,107.645035,15033604,35.067937,114.280261,116.414964,118.092528,-1.943289,-0.862202,-1.081087
2019-07-10,153.050003,154.399994,149.649994,151.649994,106.417007,5310646,33.580750,112.802734,115.826850,117.855866,-2.398360,-1.169434,-1.228926
2019-07-11,153.000000,154.100006,152.000000,153.100006,107.434532,6576542,36.002558,111.660477,115.233723,117.645348,-2.646395,-1.464826,-1.181569
2019-07-12,153.000000,153.350006,148.000000,149.699997,105.048637,13015538,32.967143,110.779420,114.590473,117.377039,-3.000894,-1.772040,-1.228855
2019-07-15,150.000000,151.699997,148.800003,150.699997,105.750381,8465078,34.710711,109.613771,113.968943,117.126619,-3.188458,-2.055323,-1.133135
2019-07-16,151.000000,154.399994,150.699997,152.250000,106.838058,12865346,37.427407,108.518298,113.562943,116.878951,-3.212308,-2.286720,-0.925588
2019-07-17,152.399994,153.649994,149.000000,149.899994,105.189011,8046201,35.046401,107.177222,113.019940,116.600324,-3.325934,-2.494563,-0.831371
2019-07-18,149.949997,150.800003,143.050003,143.399994,100.627754,15971004,29.463164,105.765969,112.219635,116.210934,-3.740916,-2.743834,-0.997082
2019-07-19,144.500000,145.800003,140.399994,143.899994,100.978622,25660025,30.381938,105.103227,111.280656,115.866949,-3.995423,-2.994151,-1.001272
2019-07-22,144.000000,147.399994,140.649994,146.649994,102.908363,12077069,35.368239,104.576930,110.468657,115.553924,-3.995352,-3.194392,-0.800960
2019-07-23,146.500000,147.750000,144.149994,144.600006,101.469849,5519598,33.445190,104.027245,109.780296,115.255346,-4.064518,-3.368417,-0.696102
2019-07-24,145.399994,145.850006,142.899994,143.600006,100.768127,9202665,32.516407,103.286534,109.025104,114.973279,-4.128367,-3.520407,-0.607960
2019-07-25,144.300003,144.800003,141.399994,143.850006,100.943535,28004780,33.017147,102.830411,108.233154,114.693963,-4.117352,-3.639796,-0.477556
2019-07-26,144.399994,144.399994,141.399994,141.899994,99.575165,10055490,31.079694,102.144276,107.274126,114.407080,-4.170958,-3.746028,-0.424929
2019-07-29,142.000000,142.399994,138.350006,140.350006,98.487511,19155260,29.593226,101.216437,106.358538,114.054841,-4.252189,-3.847260,-0.404928
2019-07-30,141.399994,141.800003,138.100006,138.750000,97.364723,11943745,28.099179,100.347072,105.615042,113.661322,-4.356940,-3.949196,-0.407744
2019-07-31,137.699997,139.699997,136.250000,138.850006,97.434891,9857785,28.342655,99.992310,104.719502,113.150161,-4.383762,-4.036109,-0.347652
2019-08-01,138.500000,139.750000,135.100006,136.899994,96.066528,9105690,26.460847,99.446521,103.737084,112.629369,-4.463975,-4.121683,-0.342293
2019-08-02,136.000000,136.350006,132.750000,134.350006,94.277138,9912972,24.198248,98.487496,102.642724,112.042533,-4.618692,-4.221084,-0.397608
2019-08-05,132.800003,132.899994,130.100006,131.300003,92.136856,9551686,21.797429,97.450497,101.633573,111.452944,-4.858010,-4.348470,-0.509540
2019-08-06,130.850006,132.500000,129.350006,131.449997,92.242119,11765339,22.206227,96.503163,100.933516,110.861979,-4.981750,-4.475126,-0.506624
2019-08-07,131.449997,131.850006,128.399994,130.500000,91.575478,13083927,21.441774,95.462268,100.168299,110.268262,-5.075105,-4.595121,-0.479983
2019-08-08,130.500000,132.699997,127.900002,130.850006,91.821083,10164125,22.500312,94.600703,99.473255,109.656658,-5.070818,-4.690261,-0.380557
2019-08-09,131.649994,132.399994,129.649994,130.949997,91.891258,8847432,22.820310,93.867786,98.733099,109.098028,-5.004074,-4.753023,-0.251050
2019-08-13,130.949997,133.500000,125.500000,127.750000,89.645729,12944927,19.977723,93.010120,97.999628,108.524263,-5.073885,-4.817196,-0.256690
2019-08-14,129.000000,129.800003,125.750000,126.849998,89.014183,14449993,19.251407,92.074486,97.202666,107.903716,-5.121139,-4.877984,-0.243155
2019-08-16,127.699997,129.100006,126.400002,127.900002,89.750999,12017531,22.778811,91.372760,96.388996,107.294864,-5.041023,-4.910592,-0.130431
2019-08-19,128.000000,128.500000,126.050003,126.300003,88.628212,5695238,21.255088,90.745102,95.600387,106.685324,-5.010373,-4.930548,-0.079825
2019-08-20,126.599998,126.849998,124.349998,125.050003,87.751060,6214250,20.122631,90.257791,94.987211,106.075097,-4.999234,-4.944286,-0.054949
2019-08-21,125.000000,125.550003,119.650002,121.199997,85.049400,9765538,17.100530,89.458600,94.228677,105.438037,-5.149053,-4.985239,-0.163814
2019-08-22,121.199997,121.500000,116.199997,116.949997,82.578056,8867462,14.896596,88.458887,93.260567,104.791736,-5.404898,-5.069171,-0.335727
2019-08-23,116.349998,123.449997,115.750000,122.250000,86.320374,10008179,29.676777,87.847697,92.539163,104.155519,-5.245219,-5.104380,-0.140839
2019-08-26,124.000000,125.050003,119.599998,123.750000,87.379524,11056410,33.212126,87.346393,91.901611,103.518055,-4.975850,-5.078674,0.102825
2019-08-27,124.099998,126.400002,123.150002,125.599998,88.685806,18829260,37.392578,87.239735,91.317909,102.932348,-4.603895,-4.983718,0.379823
2019-08-28,125.050003,125.949997,120.400002,121.199997,85.578979,11763326,32.226063,86.858046,90.651424,102.280906,-4.507850,-4.888545,0.380695
2019-08-29,120.000000,124.250000,119.500000,123.250000,87.026474,30777971,36.619955,86.555321,90.105661,101.725267,-4.265760,-4.763988,0.498228
2019-08-30,123.500000,125.750000,119.500000,121.199997,85.578979,9910931,34.230059,86.216517,89.544435,101.117167,-4.142945,-4.639779,0.496834
2019-09-03,120.500000,120.500000,116.500000,117.150002,82.719292,8243808,30.056674,85.657432,88.843692,100.436483,-4.227633,-4.557350,0.329717
2019-09-04,117.500000,119.400002,115.550003,119.000000,84.025566,8873226,34.014269,85.543672,88.270313,99.717432,-4.141602,-4.474200,0.332599
2019-09-05,119.449997,129.899994,119.449997,125.150002,88.368065,32226347,45.129403,86.187007,87.988928,99.097975,-3.680590,-4.315478,0.634888
2019-09-06,126.400002,128.550003,124.500000,127.949997,90.345139,15759526,49.315485,86.634203,87.903608,98.596401,-3.119739,-4.076331,0.956591
2019-09-09,127.300003,129.949997,126.000000,129.399994,91.368980,9454697,51.383924,87.077476,87.862030,98.101143,-2.563100,-3.773684,1.210585
2019-09-11,129.199997,130.899994,125.150002,125.750000,88.791725,11398745,46.265525,87.089244,87.729471,97.536775,-2.303370,-3.479622,1.176251
2019-09-12,126.250000,128.350006,125.250000,125.900002,88.897644,8659474,46.501383,87.457985,87.590259,96.932518,-2.065180,-3.196733,1.131554
2019-09-13,126.250000,129.300003,125.349998,128.850006,90.980621,13251256,51.051593,87.897335,87.546896,96.408317,-1.688865,-2.895160,1.206295
2019-09-16,130.949997,133.250000,128.500000,130.699997,92.286903,18224041,53.710531,88.642660,87.672666,96.002607,-1.270580,-2.570244,1.299663
2019-09-17,130.750000,132.000000,129.050003,129.699997,91.580803,11879210,52.064178,89.627272,87.794886,95.519069,-0.984712,-2.253137,1.268425
2019-09-18,129.699997,129.949997,125.949997,127.000000,89.674339,12238136,47.803580,90.254913,87.791235,94.989207,-0.901602,-1.982830,1.081228
2019-09-19,127.000000,127.250000,123.650002,124.300003,87.767876,8680319,43.931927,90.188226,87.750267,94.410955,-0.978295,-1.781923,0.803628
2019-09-20,124.400002,134.949997,121.599998,133.600006,94.334579,30270009,56.884890,90.631497,88.063768,94.038515,-0.503394,-1.526217,1.022823
2019-09-23,137.449997,140.850006,134.949997,136.300003,96.241043,17685955,59.789319,91.172837,88.596703,93.828667,0.026499,-1.215674,1.242173
2019-09-24,136.250000,139.800003,132.800003,133.500000,94.263969,16012272,55.605902,91.780864,89.153175,93.566293,0.283640,-0.915811,1.199451
2019-09-25,132.000000,133.649994,130.699997,131.449997,92.816475,5824582,52.698631,92.216290,89.462514,93.299616,0.366401,-0.659369,1.025770
2019-09-26,131.800003,138.050003,131.199997,137.050003,96.770630,19764328,59.004215,92.859624,89.909709,93.090520,0.742499,-0.378995,1.121494
2019-09-27,135.899994,136.100006,130.449997,131.500000,92.851776,11359611,51.654806,92.922388,90.108089,92.851366,0.716085,-0.159979,0.876064
2019-09-30,131.100006,132.899994,128.550003,131.800003,93.063614,11625597,52.002834,93.087145,90.464500,92.602606,0.704129,0.012843,0.691287
2019-10-01,131.500000,133.350006,126.750000,128.199997,90.521660,10259184,47.576891,93.181291,90.630937,92.282676,0.483961,0.107066,0.376895
2019-10-03,128.199997,129.850006,125.400002,128.100006,90.451035,7082143,47.456041,93.479420,90.862940,91.993696,0.300315,0.145716,0.154599
2019-10-04,129.949997,132.750000,127.300003,129.550003,91.474876,20137433,49.460245,93.161675,91.279872,91.814228,0.234684,0.163510,0.071175
2019-10-07,129.550003,129.750000,125.400002,126.550003,89.356598,9194007,45.586013,92.396737,91.533731,91.586345,0.011611,0.133130,-0.121519
2019-10-09,126.449997,127.150002,123.949997,125.849998,88.862335,15309757,44.706069,91.796555,91.557268,91.310933,-0.202723,0.065959,-0.268682
2019-10-10,125.849998,127.099998,125.099998,125.500000,88.615196,6169256,44.246165,91.329747,91.474889,91.058881,-0.388053,-0.024843,-0.363210
2019-10-11,126.300003,129.899994,126.099998,129.000000,91.086525,11840486,49.806746,90.698179,91.461439,90.869046,-0.331689,-0.086212,-0.245477
2019-10-14,129.449997,136.449997,129.000000,135.250000,95.499641,19460416,57.884443,90.992387,91.780864,90.762303,0.068294,-0.055311,0.123605
2019-10-15,137.000000,139.149994,135.350006,138.649994,97.900368,17145941,61.513032,91.529804,92.209565,90.729463,0.572404,0.070232,0.502172
2019-10-16,140.000000,143.199997,138.300003,141.649994,100.018669,15149481,64.425517,92.585027,92.639948,90.759486,1.129820,0.282150,0.847670
2019-10-17,141.100006,141.899994,139.149994,141.399994,99.842133,9372042,63.990907,93.628482,92.999721,90.808063,1.539584,0.533636,1.005947
2019-10-18,140.100006,144.500000,139.899994,143.500000,101.324936,17597233,66.061829,94.722933,93.463727,90.884338,1.961365,0.819182,1.142183
2019-10-22,143.500000,146.149994,142.199997,144.250000,101.854523,11582273,66.796304,96.111592,94.043736,90.997828,2.311715,1.117689,1.194026
2019-10-23,144.250000,144.949997,141.250000,141.899994,100.195183,7500868,62.250470,97.370797,94.635513,91.113868,2.427492,1.379649,1.047843
2019-10-24,141.899994,142.199997,139.050003,140.699997,99.347870,6919238,60.004828,98.563316,94.874241,91.255261,2.422945,1.588309,0.834637
2019-10-25,141.600006,141.600006,138.100006,139.550003,98.535881,6636201,57.851055,99.391023,94.983519,91.378668,2.326997,1.736046,0.590951
2019-10-27,140.350006,140.850006,139.000000,139.850006,98.747688,698557,58.271800,99.751917,95.197029,91.519300,2.242202,1.837277,0.404924
2019-10-29,140.550003,143.850006,138.199997,142.149994,100.371719,8236221,61.449415,100.026511,95.556803,91.686959,2.279767,1.925775,0.353991
2019-10-30,144.000000,144.000000,139.800003,140.550003,99.241959,7064774,58.132983,99.940210,95.674485,91.831090,2.193094,1.979239,0.213855
2019-10-31,140.600006,142.199997,139.649994,141.699997,100.053963,22281969,59.811819,99.963747,96.017446,92.035173,2.164971,2.016385,0.148586
2019-11-01,140.550003,144.750000,140.100006,144.149994,101.783897,8049866,63.197668,100.014743,96.432698,92.285560,2.256266,2.064362,0.191905
2019-11-04,144.149994,149.649994,144.149994,147.399994,104.078720,11733406,67.151263,100.261876,97.078272,92.566496,2.485144,2.148518,0.336626
2019-11-05,148.199997,148.750000,145.000000,146.350006,103.337334,7883507,64.731823,100.611003,97.691905,92.854910,2.577001,2.234215,0.342787
2019-11-06,146.350006,148.000000,143.850006,144.649994,102.136971,6207456,60.905598,100.920904,98.199624,93.136987,2.523846,2.292141,0.231705
2019-11-07,144.949997,145.050003,140.399994,142.050003,100.301102,7332352,55.502091,101.117039,98.720791,93.436039,2.306988,2.295110,0.011877
2019-11-08,141.949997,143.500000,137.600006,138.300003,97.653252,8252930,48.780104,100.995435,99.139406,93.731632,1.899569,2.216002,-0.316433
2019-11-11,138.399994,139.750000,136.649994,139.100006,98.218109,7032172,50.166664,100.756145,99.596688,93.964920,1.603779,2.093558,-0.489778
2019-11-13,139.100006,140.399994,137.500000,138.199997,97.582603,7969923,48.573486,100.571772,99.906025,94.164981,1.303063,1.935459,-0.632396
2019-11-14,138.199997,139.250000,135.649994,136.199997,96.170433,8178628,45.142734,100.140269,99.937967,94.311738,0.939957,1.736358,-0.796401
2019-11-15,137.300003,138.800003,135.149994,135.550003,95.711487,8390855,44.053724,99.465557,99.833735,94.510415,0.608150,1.510717,-0.902567
2019-11-18,135.449997,136.100006,133.199997,133.899994,94.546410,6851414,41.328093,98.406411,99.573151,94.657865,0.248316,1.258236,-1.009921
2019-11-19,135.000000,135.100006,132.800003,133.250000,94.087448,5821375,40.271071,97.378646,99.299118,94.824697,-0.073048,0.991980,-1.065027
2019-11-20,132.850006,135.250000,132.250000,133.699997,94.405182,7657346,41.388685,96.519558,98.969606,95.053832,-0.298650,0.733854,-1.032503
2019-11-21,133.699997,134.500000,130.600006,131.149994,92.604637,7946555,37.146846,95.664396,98.529136,95.222049,-0.615633,0.463956,-1.079589
2019-11-22,131.000000,134.649994,130.800003,133.850006,94.511108,6323556,43.723577,95.315269,98.258465,95.342501,-0.704883,0.230189,-0.935071
2019-11-25,133.850006,134.550003,130.500000,130.949997,92.463425,11930938,39.002969,94.675859,97.930635,95.384036,-0.930123,-0.001874,-0.928249
2019-11-26,131.850006,133.399994,129.250000,130.250000,91.969154,16115025,37.938224,94.052143,97.617933,95.395804,-1.135422,-0.228583,-0.906839
2019-11-27,130.399994,133.050003,129.550003,132.649994,93.663795,5343104,43.621031,93.773627,97.375843,95.491335,-1.148145,-0.412496,-0.735649
2019-11-28,132.399994,133.550003,131.100006,133.149994,94.016830,6663638,44.755910,93.585332,97.073229,95.591711,-1.116867,-0.553370,-0.563497
2019-11-29,133.050003,133.449997,130.500000,131.750000,93.028297,9434148,42.194683,93.416653,96.777341,95.631862,-1.158490,-0.674394,-0.484096
2019-12-02,131.050003,131.449997,127.550003,128.100006,90.451035,15010167,36.353555,93.012607,96.320059,95.595865,-1.383493,-0.816214,-0.567279
2019-12-03,128.100006,128.399994,126.000000,127.650002,90.133316,7809967,35.697492,92.537955,95.765269,95.567482,-1.569356,-0.966842,-0.602513
2019-12-04,126.900002,130.649994,126.849998,130.050003,91.827942,5821599,41.737071,92.451656,95.181899,95.609710,-1.561906,-1.085855,-0.476051
2019-12-05,129.300003,130.399994,128.449997,128.899994,91.015923,4185400,39.807669,92.063302,94.595165,95.673397,-1.603047,-1.189293,-0.413754
2019-12-06,129.500000,129.500000,126.300003,126.550003,89.356598,5097809,36.131954,91.718099,93.986576,95.575790,-1.749379,-1.301311,-0.448069
2019-12-09,126.900002,127.800003,125.599998,126.300003,89.180077,3841176,35.753732,91.408201,93.457003,95.437339,-1.858172,-1.412683,-0.445489
2019-12-10,126.400002,128.300003,124.900002,125.199997,88.403366,6125011,34.064074,90.823709,93.016532,95.322426,-1.984193,-1.526985,-0.457208
2019-12-11,126.099998,128.500000,125.000000,128.000000,90.380440,6878932,41.626197,90.419666,92.643310,95.274660,-1.902600,-1.602108,-0.300492
2019-12-12,128.100006,128.300003,125.349998,125.900002,88.897644,9804404,38.097151,89.960704,92.229740,95.120288,-1.935278,-1.668742,-0.266536
2019-12-13,126.449997,127.449997,126.000000,126.500000,89.321289,6663052,39.670856,89.835177,91.903591,95.051063,-1.905031,-1.716000,-0.189031
2019-12-16,126.500000,126.949997,125.000000,125.599998,88.685806,6241723,38.105938,89.674343,91.569034,94.965223,-1.910317,-1.754863,-0.155453
2019-12-17,125.150002,126.000000,124.300003,125.300003,88.473961,8062616,37.573823,89.301678,91.279870,94.925072,-1.909587,-1.785808,-0.123779
2019-12-18,125.599998,125.650002,124.150002,125.099998,88.332748,6687482,37.200912,89.003548,91.005837,94.883537,-1.898519,-1.808350,-0.090169
2019-12-19,125.099998,126.849998,124.199997,125.699997,88.756409,6223102,39.152080,88.936860,90.736848,94.830234,-1.834416,-1.813563,-0.020852
2019-12-20,126.000000,126.800003,124.849998,125.150002,88.368065,8515990,37.986990,88.846636,90.535106,94.810851,-1.794266,-1.809704,0.015438
2019-12-23,124.900002,126.300003,124.050003,124.650002,88.015015,10466423,36.911585,88.803486,90.225768,94.794237,-1.770526,-1.801868,0.031342
2019-12-24,124.900002,126.599998,124.699997,126.000000,88.968246,9979742,41.709799,88.646576,90.059331,94.801159,-1.655708,-1.772636,0.116928
2019-12-26,126.000000,129.550003,124.500000,128.000000,90.380440,23164167,48.017452,88.811331,89.983678,94.787315,-1.434229,-1.704955,0.270726
2019-12-27,129.500000,129.899994,127.199997,128.399994,90.662872,8435235,49.201391,88.960396,89.840777,94.692476,-1.221830,-1.608330,0.386499
2019-12-30,128.399994,129.250000,127.099998,127.949997,90.345139,4023932,47.880214,89.144766,89.665935,94.544334,-1.066844,-1.500033,0.433189
2019-12-31,127.199997,129.250000,127.199997,128.800003,90.945312,5102473,50.579739,89.419361,89.566745,94.366425,-0.885381,-1.377102,0.491722
2020-01-01,128.750000,128.899994,126.849998,127.449997,89.992073,2574894,46.463451,89.603730,89.544890,94.173287,-0.809161,-1.263514,0.454353
2020-01-02,127.650002,128.649994,127.099998,128.050003,90.415749,4759843,48.470692,89.788101,89.558339,93.959381,-0.706426,-1.152096,0.445671
2020-01-03,131.000000,133.399994,128.050003,128.449997,90.698174,31381588,49.821280,90.047002,89.504540,93.740629,-0.595355,-1.040748,0.445393
2020-01-06,129.699997,129.800003,125.099998,126.250000,89.144760,14611204,43.125896,90.172529,89.415437,93.523954,-0.625468,-0.957692,0.332224
2020-01-07,125.599998,127.699997,125.400002,125.750000,88.791725,7193304,41.752614,90.152916,89.388539,93.316971,-0.670096,-0.900173,0.230077
2020-01-08,125.000000,125.449997,123.199997,123.449997,87.167694,6236192,36.063431,89.795944,89.292711,93.094065,-0.826976,-0.885534,0.058557
2020-01-09,124.949997,125.099998,122.800003,123.699997,87.344223,10135017,37.067236,89.427205,89.242275,92.870468,-0.926382,-0.893703,-0.032679
2020-01-10,124.449997,125.199997,123.699997,124.150002,87.661964,6550218,38.925894,89.129075,89.112824,92.621257,-0.968360,-0.908635,-0.059725
2020-01-13,124.250000,125.699997,124.250000,125.449997,88.579895,5737187,44.065430,88.866251,89.097693,92.412197,-0.916988,-0.910305,-0.006683
2020-01-14,125.449997,125.650002,123.800003,125.050003,88.297455,12432511,42.870007,88.677960,89.048939,92.181677,-0.888820,-0.906008,0.017188
2020-01-15,125.050003,125.500000,124.250000,124.650002,88.015015,5714614,41.653105,88.411212,89.016997,91.911699,-0.879153,-0.900637,0.021484
2020-01-16,125.000000,125.199997,124.050003,124.500000,87.909111,7322878,41.181075,88.101316,88.990099,91.594648,-0.870009,-0.894512,0.024503
2020-01-17,124.550003,125.550003,124.000000,125.400002,88.544579,8561603,45.194480,88.034629,89.000186,91.304594,-0.802237,-0.876057,0.073820
2020-01-20,126.000000,126.750000,120.000000,122.900002,86.779343,16106541,37.533138,87.811031,88.906040,91.003464,-0.880814,-0.877008,-0.003806
2020-01-21,123.050003,124.500000,122.400002,122.750000,86.673424,6497799,37.126453,87.756112,88.825343,90.736255,-0.940789,-0.889764,-0.051024
2020-01-22,122.000000,122.000000,116.000000,116.400002,82.189705,23639592,24.851012,87.183388,88.547947,90.433048,-1.334731,-0.978758,-0.355974
2020-01-23,117.250000,118.949997,116.400002,117.800003,83.178246,21105999,30.321117,86.685197,88.272233,90.138149,-1.549308,-1.092868,-0.456440
2020-01-24,118.000000,119.800003,117.300003,118.349998,83.566597,11172364,32.402808,86.128164,87.947764,89.863325,-1.668787,-1.208052,-0.460736
2020-01-27,118.349998,118.500000,116.800003,117.250000,82.789894,12078165,30.443832,85.516212,87.572861,89.600962,-1.805339,-1.327509,-0.477830
2020-01-28,117.550003,117.699997,115.599998,116.599998,82.330940,11611352,29.315986,84.884649,87.191232,89.338598,-1.928361,-1.447679,-0.480682
2020-01-29,117.349998,118.150002,116.449997,117.650002,83.072334,15562740,33.595669,84.347229,86.816329,89.113616,-1.943628,-1.546869,-0.396759
2020-01-30,117.550003,117.550003,115.000000,115.599998,81.624840,21142714,29.801776,83.578369,86.417889,88.869251,-2.048910,-1.647277,-0.401632
2020-01-31,115.800003,116.000000,106.750000,108.949997,76.929283,83360147,21.370807,82.483918,85.775676,88.526586,-2.482620,-1.814346,-0.668274
2020-02-03,104.349998,104.949997,101.550003,103.449997,73.045753,18445537,17.069659,80.969732,84.935085,88.143079,-3.103927,-2.072262,-1.031665
2020-02-04,104.099998,106.900002,103.800003,106.150002,74.952217,16896688,25.045023,80.165567,84.259249,87.759571,-3.403251,-2.338460,-1.064791
2020-02-05,106.400002,107.400002,105.099998,106.800003,75.411179,11348275,26.868393,79.302560,83.622080,87.425214,-3.562368,-2.583241,-0.979127
2020-02-06,106.800003,107.800003,106.300003,107.250000,75.728935,10750236,28.171187,78.431708,83.077378,87.106778,-3.621088,-2.790811,-0.830277
2020-02-07,107.300003,109.750000,106.550003,109.250000,77.141113,21415595,33.814249,77.804066,82.591515,86.782804,-3.513175,-2.935283,-0.577891
2020-02-10,109.150002,109.150002,105.750000,106.199997,74.987503,32081049,29.949920,76.988129,81.987970,86.409680,-3.560389,-3.060305,-0.500085
2020-02-11,107.150002,107.650002,106.300003,106.800003,75.411179,20946852,31.605858,76.136889,81.360888,86.064246,-3.523009,-3.152845,-0.370164
2020-02-12,107.000000,107.800003,106.500000,106.699997,75.340576,13053367,31.472342,75.438638,80.743894,85.767962,-3.459206,-3.214118,-0.245089
2020-02-13,107.000000,108.199997,104.250000,105.349998,74.387344,17702073,29.651081,75.156200,80.094957,85.459218,-3.445839,-3.260462,-0.185377
2020-02-14,105.550003,106.300003,103.000000,103.300003,72.939835,26644685,27.087648,75.144431,79.382134,85.088863,-3.511567,-3.310683,-0.200884
2020-02-17,101.500000,102.900002,98.800003,99.949997,70.574417,36666416,23.510661,74.658009,78.526412,84.688049,-3.711741,-3.390895,-0.320846
2020-02-18,99.949997,100.250000,96.550003,99.300003,70.115448,35575369,22.879341,74.069594,77.732893,84.310772,-3.862886,-3.485293,-0.377593
2020-02-19,100.300003,102.199997,98.800003,101.699997,71.810074,21806183,30.319331,73.634165,77.025115,83.970183,-3.802099,-3.548654,-0.253445
2020-02-20,102.000000,104.099998,101.699997,102.800003,72.586784,28378025,33.486571,73.128129,76.567833,83.660054,-3.649185,-3.568760,-0.080425
2020-02-24,102.500000,102.500000,97.199997,98.050003,69.232841,20167769,27.643481,72.488722,75.903766,83.245395,-3.755346,-3.606077,-0.149268
2020-02-25,98.699997,100.250000,97.250000,97.550003,68.879776,18255196,27.107263,71.763011,75.204394,82.852888,-3.823889,-3.649639,-0.174249
2020-02-26,97.400002,98.500000,95.500000,95.800003,67.644104,16192058,25.260450,70.907847,74.483166,82.427845,-3.932586,-3.706229,-0.226357
2020-02-27,95.699997,96.199997,92.050003,93.349998,65.914169,29616674,22.907434,69.966383,73.701415,81.981343,-4.110932,-3.787169,-0.323762
2020-02-28,90.300003,92.699997,89.500000,91.949997,64.925636,30416954,21.665500,69.075917,72.837286,81.519611,-4.282671,-3.886270,-0.396401
2020-03-02,94.000000,95.000000,88.250000,89.099998,62.913261,24442896,19.363959,68.224677,71.946259,81.021190,-4.528950,-4.014806,-0.514144
2020-03-03,90.900002,94.000000,89.650002,93.349998,65.914169,24098468,31.115619,67.757868,71.421729,80.573302,-4.430903,-4.098025,-0.332878
2020-03-04,94.199997,94.900002,90.699997,92.800003,65.525810,22998427,30.496205,67.059617,71.063637,80.125415,-4.334571,-4.145334,-0.189237
2020-03-05,93.349998,94.400002,92.000000,92.599998,65.384605,16357817,30.260332,66.259375,70.608036,79.681682,-4.220965,-4.160461,-0.060505
2020-03-06,89.500000,91.500000,87.650002,88.500000,62.489601,17823038,25.846484,65.510126,69.992723,79.162492,-4.314796,-4.191328,-0.123468
2020-03-09,82.150002,82.500000,74.000000,74.550003,52.639542,86655504,16.843989,63.705655,68.893228,78.422475,-5.124898,-4.378042,-0.746856
2020-03-11,76.750000,77.400002,71.050003,71.699997,50.627151,63562895,15.645052,61.814883,67.630658,77.637461,-5.861723,-4.674778,-1.186945
2020-03-12,66.599998,68.400002,62.000000,62.500000,44.131065,76137223,12.541693,59.394538,66.161304,76.731302,-6.890413,-5.117905,-1.772508
2020-03-13,59.400002,67.000000,50.000000,65.900002,46.531807,73051747,18.941022,57.350779,64.786096,75.860449,-7.426332,-5.579590,-1.846741
2020-03-16,63.500000,65.199997,60.000000,60.150002,42.471752,49829392,16.713726,55.079500,63.220914,74.928678,-8.085460,-6.080764,-2.004695
2020-03-17,61.099998,63.000000,59.650002,60.000000,42.365829,46722476,16.658689,52.463018,61.696080,73.986523,-8.518178,-6.568247,-1.949931
2020-03-18,61.599998,86.800003,57.500000,68.150002,48.120522,178094829,30.121742,50.529097,60.514208,73.151667,-8.301065,-6.914811,-1.386255
2020-03-19,62.150002,64.000000,58.099998,61.049999,43.107235,61258526,26.157465,48.053834,59.206247,72.248971,-8.436284,-7.219105,-1.217179
2020-03-20,63.049999,74.400002,62.750000,72.349998,51.086128,128780492,39.748603,46.786781,58.300089,71.509645,-7.809592,-7.337202,-0.472389
2020-03-23,60.650002,65.500000,60.000000,60.400002,45.814438,36058875,35.145873,46.028436,57.062201,70.698797,-7.650129,-7.399788,-0.250341
2020-03-24,63.500000,64.699997,60.099998,62.500000,47.407318,38808651,37.500845,45.670677,55.863179,69.915720,-7.310945,-7.382019,0.071074
2020-03-25,61.200001,63.000000,60.000000,61.549999,46.686733,28639475,36.848976,45.954640,54.789555,69.112285,-7.019370,-7.309489,0.290119
2020-03-26,61.849998,65.599998,59.650002,64.750000,49.113987,46474588,40.594889,46.241549,53.848327,68.338443,-6.517308,-7.151053,0.633745
2020-03-27,66.000000,66.000000,62.799999,64.449997,48.886429,33298637,40.353222,46.954291,52.955104,67.565678,-6.067836,-6.934410,0.866574
2020-03-30,61.049999,65.650002,60.099998,63.349998,48.052059,32929981,39.426426,47.586094,52.104528,66.782091,-5.713096,-6.690147,0.977051
2020-03-31,65.000000,69.650002,63.549999,68.300003,51.806713,45891607,45.493137,47.995671,51.479817,66.074200,-5.070543,-6.366226,1.295683
2020-04-01,67.000000,67.250000,65.099998,65.750000,49.872498,21883386,43.098436,48.747367,50.858828,65.315924,-4.663630,-6.025707,1.362077
2020-04-03,69.000000,71.000000,66.500000,69.849998,52.982414,39757833,47.851521,48.958065,50.243030,64.653240,-4.043593,-5.629284,1.585691
2020-04-07,71.199997,74.400002,70.199997,72.900002,55.295898,30982061,51.122395,50.011561,49.755892,64.037994,-3.327176,-5.168863,1.841686
2020-04-08,72.400002,76.349998,71.000000,74.449997,56.471600,30555738,52.744538,51.018703,49.331463,63.533717,-2.634177,-4.661925,2.027749
2020-04-09,76.000000,77.650002,76.000000,77.300003,58.633377,19209747,55.658529,52.346108,49.147833,63.052445,-1.888759,-4.107292,2.218533
2020-04-13,78.800003,78.800003,72.650002,75.050003,56.926708,22311833,52.885856,53.214188,49.351984,62.530095,-1.419363,-3.569706,2.150343
2020-04-15,75.099998,76.449997,73.500000,74.349998,56.395748,22311032,52.017665,54.048557,49.626679,62.012562,-1.077784,-3.071322,1.993538
2020-04-16,74.000000,76.500000,73.400002,75.449997,57.230122,24473640,53.314663,55.068342,50.250444,61.520389,-0.731322,-2.603322,1.872000
2020-04-17,77.800003,77.800003,75.150002,76.300003,57.874855,14561017,54.341691,55.742580,50.790589,61.026321,-0.400112,-2.162680,1.762568
2020-04-20,75.349998,75.650002,73.800003,74.000000,56.130264,15698459,51.067923,56.437887,51.440994,60.526428,-0.275227,-1.785189,1.509963
2020-04-21,69.699997,70.750000,67.199997,69.349998,52.603157,27607022,45.146229,56.395748,51.928486,60.049445,-0.455611,-1.519274,1.063663
2020-04-22,65.900002,66.349998,60.799999,65.349998,49.569099,73840707,40.767011,55.759437,51.997466,59.589118,-0.833778,-1.382174,0.548397
2020-04-23,67.500000,69.050003,66.550003,67.349998,51.086132,38207377,43.707254,55.161051,52.377413,59.121156,-0.999544,-1.305648,0.306104
2020-04-24,67.150002,69.500000,66.599998,67.599998,51.275753,31588097,44.080896,54.343538,52.386443,58.647912,-1.102901,-1.265099,0.162198
2020-04-27,68.000000,69.500000,67.650002,68.449997,51.920502,16723889,45.407751,53.787292,52.677208,58.181080,-1.119876,-1.236054,0.116178
2020-04-28,67.800003,69.699997,67.099998,69.199997,52.489384,20422626,46.611476,53.353252,52.919211,57.697713,-1.075033,-1.203850,0.128817
2020-04-29,69.400002,70.949997,68.699997,70.500000,53.475464,18023637,48.722056,52.936068,53.242484,57.275908,-0.948987,-1.152878,0.203890
2020-04-30,72.599998,81.050003,71.500000,79.900002,60.605530,54290691,60.791772,53.239476,53.789700,56.985601,-0.270638,-0.976430,0.705791
2020-05-04,76.000000,77.849998,74.050003,76.550003,58.064503,28640967,55.755017,53.454391,54.226751,56.646855,0.061213,-0.768901,0.830114
2020-05-05,78.900002,81.900002,78.150002,78.449997,59.505657,61865481,57.886179,54.221336,54.772161,56.355057,0.435476,-0.528026,0.963502
2020-05-06,81.349998,81.349998,77.449997,79.250000,60.112488,38948167,58.786371,55.392824,55.167674,56.103540,0.772148,-0.267991,1.040139
2020-05-07,78.300003,78.300003,75.099998,75.599998,57.343899,20794229,53.199209,56.088131,55.523455,55.844118,0.806267,-0.053139,0.859406
2020-05-08,76.400002,77.199997,74.750000,76.000000,57.647305,18523649,53.718336,56.796081,55.745593,55.599645,0.848014,0.127091,0.720922
2020-05-11,76.000000,78.150002,74.500000,77.050003,58.443745,15701754,55.125466,57.520886,55.895490,55.337560,0.934590,0.288591,0.645999
2020-05-12,76.949997,77.349998,74.500000,76.300003,57.874855,14186736,53.865679,58.119272,55.962312,55.049091,0.946389,0.420151,0.526239
2020-05-13,79.000000,79.050003,76.250000,78.199997,59.316044,20493531,56.573249,58.768225,55.994820,54.854644,1.059815,0.548084,0.511731
2020-05-14,77.000000,77.349998,75.199997,76.150002,57.761093,13344652,52.961666,58.452176,56.034552,54.636631,1.012562,0.640979,0.371583
2020-05-15,77.250000,78.500000,75.900002,76.150002,57.761093,16835999,52.961666,58.418464,56.099569,54.442846,0.964001,0.705584,0.258417
2020-05-18,76.949997,76.949997,72.400002,72.900002,55.295898,13014456,47.398121,57.950713,56.007463,54.234645,0.718315,0.708130,0.010185
2020-05-19,74.400002,78.699997,74.099998,77.150002,58.519604,42315983,54.177060,57.773726,56.038165,54.109036,0.774802,0.721465,0.053338
2020-05-20,77.199997,78.500000,76.300003,78.000000,59.164333,12969847,55.414602,57.975997,56.182645,54.035528,0.861660,0.749504,0.112157
2020-05-21,78.750000,79.000000,76.400002,77.000000,58.405819,17999828,53.581189,58.060276,56.458962,53.888305,0.859384,0.771480,0.087904
2020-05-22,76.949997,76.949997,75.400002,76.150002,57.761093,12443419,52.006166,57.984426,56.849057,53.736056,0.796375,0.776459,0.019916
2020-05-26,77.000000,78.199997,76.599998,77.000000,58.405819,11837966,53.478850,58.043422,57.197613,53.599217,0.789365,0.779040,0.010325
2020-05-27,77.199997,78.199997,75.900002,77.949997,59.126415,11655865,55.135861,58.022352,57.571454,53.533272,0.832361,0.789704,0.042657
2020-05-28,77.500000,80.949997,77.400002,78.849998,59.809071,18645811,56.708998,58.249905,57.947101,53.673851,0.911018,0.813967,0.097051
2020-05-29,78.050003,83.750000,77.400002,83.199997,63.108612,40559441,63.390808,58.844074,58.452778,53.918586,1.225474,0.896269,0.329205
2020-06-01,85.000000,86.500000,83.650002,83.949997,63.677517,25047349,64.410774,59.775365,58.938590,54.301849,1.503259,1.017667,0.485593
2020-06-02,84.449997,84.900002,82.599998,84.300003,63.942997,15367928,64.902194,60.377964,59.097517,54.643245,1.724944,1.159122,0.565822
2020-06-03,86.050003,87.449997,85.300003,86.300003,65.460030,23936651,67.650991,61.077486,59.449685,55.093996,1.999988,1.327295,0.672693
2020-06-04,85.000000,86.050003,84.000000,84.900002,64.398102,15120972,63.879534,61.743295,59.682659,55.526001,2.107975,1.483431,0.624543
2020-06-05,85.099998,88.800003,85.000000,86.949997,65.953056,18202925,66.798321,62.653513,59.960781,55.875659,2.292599,1.645265,0.647334
2020-06-08,90.000000,93.099998,89.199997,90.949997,68.987129,32511374,71.617687,63.829214,60.515220,56.383108,2.653155,1.846843,0.806312
2020-06-09,91.949997,92.400002,89.349998,90.000000,68.266548,16702413,69.054027,64.844785,61.020899,56.719979,2.847925,2.047059,0.800865
2020-06-10,90.599998,91.500000,87.699997,88.250000,66.939140,17382514,64.475350,65.637015,61.425441,57.134188,2.862177,2.210083,0.652094
2020-06-11,88.300003,89.550003,86.500000,86.900002,65.915146,14275999,61.109185,65.948852,61.808312,57.497087,2.759039,2.319874,0.439165
2020-06-12,81.550003,84.199997,81.550003,83.900002,63.639599,20601082,54.321991,65.944639,62.014196,57.829496,2.465267,2.348953,0.116314
2020-06-15,84.000000,85.900002,83.000000,84.099998,63.791286,17274210,54.683310,65.927782,62.301348,58.117286,2.219109,2.322984,-0.103875
2020-06-16,85.500000,85.750000,82.349998,83.900002,63.639599,13467530,54.221419,65.725512,62.581277,58.406564,1.988861,2.256159,-0.267298
2020-06-17,83.599998,84.750000,83.199997,84.199997,63.867149,15440371,54.837692,65.666517,62.989432,58.716664,1.803954,2.165718,-0.361764
2020-06-18,83.000000,83.949997,81.800003,83.599998,63.412033,18460298,53.292418,65.384181,63.222404,58.944219,1.602221,2.053019,-0.450798
2020-06-19,85.500000,86.300003,84.300003,85.750000,65.042847,21920473,57.873312,64.945928,63.502334,59.241677,1.556002,1.953616,-0.397613
2020-06-22,86.099998,86.199997,84.099998,84.849998,64.360168,19227535,55.422849,64.511885,63.785874,59.464770,1.447600,1.852413,-0.404812
2020-06-23,85.500000,86.500000,84.400002,85.650002,64.966988,23440997,57.159268,64.292757,64.129012,59.654399,1.394580,1.760846,-0.366266
2020-06-24,86.250000,86.650002,82.550003,83.099998,63.032776,33080229,50.417786,63.972494,64.349343,59.783050,1.182852,1.645247,-0.462396
2020-06-25,82.250000,84.000000,80.000000,81.599998,61.894993,121277435,46.912695,63.778649,64.481180,59.847003,0.912724,1.498743,-0.586018
2020-06-26,83.099998,84.800003,82.500000,84.150002,63.829220,23684852,52.906580,63.782864,64.672616,59.982347,0.844982,1.367990,-0.523009
2020-06-29,83.949997,84.099998,81.599998,82.400002,62.501808,14299071,48.831807,63.656442,64.643721,60.102073,0.676387,1.229670,-0.553282
2020-06-30,83.500000,83.550003,80.650002,81.349998,61.705364,25762293,46.516874,63.416244,64.549809,60.189823,0.473056,1.078347,-0.605291
2020-07-01,79.000000,80.949997,78.300003,80.449997,61.022705,35344784,44.566673,63.150763,64.410747,60.251546,0.253902,0.913458,-0.659556
2020-07-02,81.349998,84.150002,81.099998,81.849998,62.084621,35154027,48.204421,62.822071,64.250013,60.368298,0.164019,0.763570,-0.599552
2020-07-03,82.449997,83.349998,81.599998,82.400002,62.501808,16786174,49.603639,62.615587,64.159714,60.562389,0.125008,0.635858,-0.510850
2020-07-06,83.050003,84.900002,82.800003,83.750000,63.525799,17510294,52.962467,62.455455,64.044130,60.836050,0.174705,0.543627,-0.368922
2020-07-07,83.750000,83.800003,81.800003,81.949997,62.160488,20123433,48.336681,62.358534,63.719052,61.053194,0.102736,0.455449,-0.352712
2020-07-08,82.000000,82.900002,81.000000,81.300003,61.667435,18626174,46.748740,62.333250,63.404808,61.256952,0.005849,0.365529,-0.359680
2020-07-09,81.599998,82.250000,79.900002,80.199997,60.833073,17348038,44.108032,62.000345,63.114043,61.431709,-0.136686,0.265086,-0.401772
2020-07-10,80.000000,80.150002,77.699997,78.550003,59.581524,17773167,40.419765,61.675869,62.812442,61.570770,-0.346640,0.142741,-0.489381
2020-07-13,79.199997,79.550003,78.400002,78.900002,59.847008,9360631,41.536536,61.469385,62.631842,61.695703,-0.486005,0.016992,-0.502996
2020-07-14,78.500000,78.949997,77.150002,77.349998,58.671295,9303879,38.128102,61.208117,62.388033,61.657776,-0.683445,-0.123096,-0.560349
2020-07-15,78.000000,78.199997,75.849998,76.250000,57.836937,14377090,35.878065,60.736152,62.111716,61.653314,-0.896904,-0.277857,-0.619046
2020-07-16,76.400002,76.699997,75.000000,76.150002,57.761093,10604062,35.671991,60.209406,61.820952,61.619107,-1.059973,-0.434280,-0.625692
2020-07-17,76.300003,80.650002,76.300003,80.349998,60.946857,24934060,48.938747,59.922857,61.703562,61.635467,-0.921519,-0.531728,-0.389791
2020-07-20,81.000000,81.250000,79.199997,80.300003,60.908928,15570346,48.809679,59.783794,61.506709,61.705370,-0.805568,-0.586496,-0.219072
2020-07-21,80.599998,82.900002,80.349998,82.449997,62.539734,20976092,54.380581,59.880717,61.420022,61.801300,-0.575450,-0.584287,0.008837
2020-07-22,82.750000,83.500000,81.699997,82.599998,62.653515,17882873,54.750582,60.082988,61.309856,61.883844,-0.379524,-0.543334,0.163810
2020-07-23,82.500000,83.849998,82.050003,82.650002,62.691448,14673501,54.881965,60.428535,61.293603,61.978287,-0.218669,-0.478401,0.259732
2020-07-24,82.099998,82.400002,80.250000,81.000000,61.439880,10000280,49.749425,60.605521,61.271931,62.019931,-0.189992,-0.420719,0.230728
2020-07-27,81.400002,82.000000,80.099998,80.800003,61.288185,8510736,49.149463,60.896286,61.150929,62.089090,-0.177460,-0.372067,0.194608
2020-07-28,81.000000,81.250000,79.300003,79.900002,60.605530,10616766,46.435524,61.203908,61.060630,62.144863,-0.220076,-0.341669,0.121593
2020-07-29,79.800003,80.699997,79.300003,79.500000,60.302113,9905015,45.239814,61.486243,60.993808,62.243024,-0.275160,-0.328367,0.053207
2020-07-30,80.000000,80.400002,77.500000,77.699997,58.936779,9668266,40.220895,61.262901,60.894479,62.251204,-0.424098,-0.347513,-0.076584
2020-07-31,77.949997,78.849998,77.150002,78.300003,59.391899,10963756,42.510446,61.094343,60.766254,62.255666,-0.499647,-0.377940,-0.121707
2020-08-03,78.349998,78.500000,75.550003,75.900002,57.571445,11874183,36.490186,60.542311,60.531475,62.239306,-0.698366,-0.442025,-0.256341
2020-08-04,76.300003,77.699997,75.900002,76.099998,57.723152,13360346,37.287235,59.994492,60.255158,62.238562,-0.833997,-0.520420,-0.313577
2020-08-05,76.500000,77.500000,76.300003,76.949997,58.367886,9077292,40.693711,59.514097,60.074558,62.237818,-0.879325,-0.592201,-0.287124
2020-08-06,77.849998,79.949997,77.050003,78.050003,59.202263,26386380,44.867443,59.265472,59.957169,62.239305,-0.838257,-0.641412,-0.196845
2020-08-07,78.150002,79.400002,78.099998,78.650002,59.657375,11786462,47.056114,59.084271,59.901183,62.236331,-0.760223,-0.665174,-0.095049
2020-08-10,79.500000,79.750000,78.900002,79.050003,59.960777,7067852,48.523242,59.012632,59.919243,62.174609,-0.666219,-0.665383,-0.000836
2020-08-11,79.550003,80.000000,78.199997,78.449997,59.505657,10835360,46.444142,58.924137,59.902988,62.092808,-0.621283,-0.656563,0.035280
2020-08-12,78.449997,79.099998,77.699997,78.099998,59.240196,10481019,45.226887,58.957850,59.930079,62.000596,-0.600173,-0.645285,0.045112
2020-08-13,78.550003,79.449997,78.400002,78.599998,59.619446,7316635,47.349930,58.983133,60.014960,61.886075,-0.546540,-0.625536,0.078996
2020-08-14,78.699997,78.949997,76.949997,77.099998,58.481667,11635634,42.080218,59.084269,60.049273,61.770066,-0.589055,-0.618240,0.029185
2020-08-17,77.500000,79.800003,77.400002,79.300003,60.150417,13610411,50.739544,59.353965,60.011347,61.656289,-0.482532,-0.591099,0.108566
2020-08-18,79.750000,81.900002,79.150002,80.650002,61.174419,28329507,55.168808,59.665802,60.023990,61.503098,-0.311888,-0.535256,0.223368
2020-08-19,80.849998,81.699997,79.099998,79.550003,60.340046,12081197,51.134307,59.792222,59.919243,61.347677,-0.241198,-0.476445,0.235247
2020-08-20,79.000000,83.250000,77.900002,82.150002,62.312176,37457277,58.803002,60.087200,59.902988,61.256952,-0.025745,-0.386305,0.360560
2020-08-21,82.949997,83.449997,80.650002,81.050003,61.477818,17027574,54.879033,60.255760,59.845196,61.169946,0.076793,-0.293685,0.370478
2020-08-24,81.300003,81.849998,80.599998,81.250000,61.629524,9797861,55.461007,60.491745,59.854227,61.130532,0.168356,-0.201277,0.369633
2020-08-25,81.400002,82.500000,80.199997,80.500000,61.060623,22479622,52.715155,60.694015,59.843391,61.076990,0.192792,-0.122463,0.315255
2020-08-26,81.199997,82.099998,80.750000,81.400002,61.743298,15967425,55.558562,60.929999,59.897570,61.039808,0.264198,-0.045131,0.309329
2020-08-27,81.800003,81.949997,80.000000,80.150002,60.795143,16308382,50.973824,61.187052,59.921048,60.979572,0.241496,0.012194,0.229302
2020-08-28,80.349998,81.800003,80.000000,80.349998,60.946857,14666431,51.661196,61.275545,60.016766,60.931235,0.233060,0.056367,0.176693
2020-08-31,81.000000,85.500000,80.900002,81.949997,62.160488,93192019,56.870531,61.385108,60.148604,60.874719,0.320608,0.109216,0.211393
2020-09-01,82.750000,82.800003,78.000000,79.349998,60.188335,38005204,47.846943,61.368251,60.273217,60.792918,0.228224,0.133017,0.095207
2020-09-02,81.150002,81.750000,79.500000,80.300003,60.908928,31151170,50.911752,61.212335,60.424921,60.713348,0.210726,0.148559,0.062167
2020-09-03,80.500000,81.300003,78.800003,79.050003,59.960777,19975929,46.998150,61.043775,60.500773,60.653113,0.118979,0.142643,-0.023664
2020-09-04,78.550003,79.099998,77.349998,77.900002,59.088493,12855650,43.672106,60.761438,60.495355,60.598083,-0.023843,0.109346,-0.133188
2020-09-07,78.199997,78.349998,75.949997,76.449997,57.988640,16573385,39.843294,60.420107,60.415892,60.483562,-0.223206,0.042836,-0.266041
2020-09-08,76.550003,76.650002,74.000000,74.449997,56.471600,17905003,35.252415,59.834362,60.249740,60.365323,-0.497875,-0.065307,-0.432569
2020-09-09,73.949997,73.949997,70.900002,72.699997,55.144184,28166106,31.799720,59.206478,60.042051,60.236672,-0.813290,-0.214903,-0.598386
2020-09-10,73.500000,74.400002,72.650002,73.650002,55.864792,18646363,35.493328,58.641804,59.881318,60.135537,-0.993656,-0.370654,-0.623002
2020-09-11,73.449997,73.699997,72.599998,73.300003,55.599316,11510019,34.746724,57.912785,59.689883,60.008374,-1.144823,-0.525488,-0.619335
2020-09-14,73.849998,74.750000,73.250000,73.650002,55.864792,11989916,36.192170,57.432391,59.565270,59.878236,-1.229034,-0.666197,-0.562837
2020-09-15,73.750000,74.349998,73.250000,73.800003,55.978558,8883202,36.837864,56.884572,59.366610,59.730251,-1.271931,-0.787344,-0.484587
2020-09-16,74.250000,74.449997,72.550003,73.050003,55.409672,10284798,34.934152,56.378894,59.092098,59.597882,-1.336425,-0.897160,-0.439265
2020-09-17,73.050003,74.300003,72.849998,73.150002,55.485542,16070680,35.413533,55.978566,58.860931,59.476669,-1.365673,-0.990863,-0.374810
2020-09-18,73.800003,74.800003,72.949997,74.300003,56.357822,25690567,40.812670,55.797364,58.577391,59.388919,-1.303441,-1.053378,-0.250062
2020-09-21,74.000000,74.099998,70.900002,71.150002,53.968494,13686080,32.739273,55.519241,58.219804,59.278859,-1.430431,-1.128789,-0.301642
2020-09-22,71.000000,71.300003,68.750000,69.500000,52.716934,18042069,29.452674,55.249547,57.795395,59.139054,-1.613463,-1.225724,-0.387740
2020-09-23,69.699997,70.150002,67.400002,67.650002,51.313686,17014238,26.268608,54.743869,57.331255,58.994787,-1.850417,-1.350662,-0.499755
2020-09-24,66.050003,67.349998,65.500000,66.650002,50.555168,32950752,24.713340,54.183408,56.798487,58.852007,-2.075487,-1.495627,-0.579859
2020-09-25,68.000000,69.250000,66.150002,68.900002,52.261833,20235576,34.158983,53.783079,56.392139,58.744179,-2.092026,-1.614907,-0.477119
2020-09-28,69.449997,73.699997,69.250000,71.849998,54.499454,28336496,44.067346,53.618734,56.085120,58.617759,-1.902644,-1.672454,-0.230190
2020-09-29,72.500000,72.699997,68.900002,69.150002,52.451462,20797874,38.375126,53.290044,55.622785,58.451926,-1.895958,-1.717155,-0.178803
2020-09-30,69.400002,70.449997,67.599998,69.250000,52.527306,20069170,38.690965,52.961351,55.257974,58.255604,-1.863063,-1.746337,-0.116726
2020-10-01,67.500000,69.400002,66.650002,69.150002,52.451462,20869186,38.478585,52.527311,54.855238,58.055564,-1.822109,-1.761491,-0.060618
2020-10-05,69.000000,69.699997,68.400002,69.199997,52.489384,12608039,38.659887,52.362965,54.499457,57.855523,-1.766233,-1.762440,-0.003794
2020-10-06,70.000000,70.199997,69.000000,69.349998,52.603157,10028285,39.238437,52.350324,54.190631,57.682254,-1.693252,-1.748602,0.055350
2020-10-07,69.300003,73.349998,69.099998,70.500000,53.475464,50074263,43.628486,52.590521,53.975718,57.529064,-1.547190,-1.708320,0.161129
2020-10-08,70.900002,71.000000,68.250000,68.449997,51.920502,21348017,38.314302,52.742225,53.758999,57.358769,-1.539166,-1.674489,0.135323
2020-10-09,69.000000,70.599998,68.250000,70.300003,53.323757,25747313,44.843566,52.860216,53.672312,57.221939,-1.403398,-1.620271,0.216873
2020-10-12,70.300003,70.599998,68.800003,69.150002,52.451462,10564850,41.876280,52.632662,53.509773,57.094775,-1.350618,-1.566340,0.215722
2020-10-13,69.099998,69.750000,68.800003,69.099998,52.413528,9070661,41.746913,52.628447,53.358069,56.957945,-1.296901,-1.512452,0.215551
2020-10-14,68.500000,68.800003,66.650002,67.000000,50.820648,24825690,36.629656,52.438818,53.117871,56.825576,-1.367103,-1.483383,0.116279
2020-10-15,67.000000,68.500000,65.699997,66.050003,50.100060,17333956,34.565490,52.177551,52.837943,56.676104,-1.464008,-1.479508,0.015500
2020-10-16,66.650002,67.550003,66.000000,67.250000,51.010281,18590744,39.224408,52.013206,52.628448,56.531837,-1.450636,-1.473733,0.023097
2020-10-19,67.349998,70.449997,67.349998,69.300003,52.565235,25987617,46.263306,52.008993,52.489386,56.401699,-1.299587,-1.438904,0.139317
2020-10-20,69.500000,69.750000,67.250000,67.400002,51.124054,18530340,41.469407,51.747725,52.240159,56.234379,-1.281399,-1.407403,0.126004
2020-10-21,68.000000,68.599998,67.000000,67.800003,51.427460,19589424,42.812914,51.692943,52.119157,56.067059,-1.228343,-1.371591,0.143248
2020-10-22,67.400002,69.099998,67.300003,68.849998,52.223907,26354156,46.297641,51.570737,52.095680,55.924280,-1.109243,-1.319121,0.209879
2020-10-23,69.199997,69.599998,68.599998,69.000000,52.337681,13177360,46.796387,51.558095,52.144441,55.788936,-0.994213,-1.254140,0.259926
2020-10-26,69.500000,69.500000,67.650002,68.199997,51.730869,14224945,44.426506,51.482244,52.200427,55.634258,-0.941167,-1.191545,0.250378
2020-10-27,68.099998,68.449997,66.500000,66.849998,50.706867,17088331,40.682366,51.469602,52.126381,55.481811,-0.970568,-1.147350,0.176782
2020-10-28,67.250000,67.400002,66.099998,66.349998,50.327614,15025477,39.359332,51.494885,51.927722,55.289207,-1.012796,-1.120439,0.107643
2020-10-29,66.050003,66.349998,64.099998,64.400002,48.848503,29901005,34.629297,51.254688,51.756152,55.047523,-1.152331,-1.126817,-0.025513
2020-10-30,65.000000,65.900002,64.199997,64.900002,49.227760,25849220,36.728913,50.883857,51.599031,54.829635,-1.218267,-1.145107,-0.073159
2020-11-02,65.400002,66.050003,64.199997,65.699997,49.834576,12847852,40.046907,50.740582,51.474418,54.584976,-1.207636,-1.157613,-0.050023
2020-11-03,66.000000,66.750000,65.699997,66.300003,50.289696,10809489,42.483144,50.614164,51.369671,54.365601,-1.149238,-1.155938,0.006700
2020-11-04,66.300003,66.900002,65.599998,66.449997,50.403461,12479581,43.105513,50.411892,51.264923,54.145482,-1.081313,-1.141013,0.059700
2020-11-05,66.900002,68.099998,66.199997,67.599998,51.275753,17947631,47.772014,50.293900,51.160175,53.953622,-0.946189,-1.102048,0.155860
2020-11-06,67.699997,68.199997,67.199997,68.000000,51.579155,10496588,49.328782,50.277043,51.143920,53.754325,-0.805336,-1.042706,0.237370
2020-11-09,68.650002,68.650002,67.800003,68.449997,51.920502,8473527,51.094967,50.411891,51.077099,53.580312,-0.658574,-0.965879,0.307306
2020-11-10,69.050003,71.000000,68.500000,70.750000,53.665081,33795453,58.967014,50.782721,51.134890,53.437532,-0.396915,-0.852086,0.455171
2020-11-11,71.449997,72.699997,70.550003,72.349998,54.878708,23531793,63.382712,51.452744,51.252280,53.294752,-0.090575,-0.699784,0.609209
2020-11-12,72.500000,72.900002,70.750000,71.550003,54.271904,16446681,59.911174,52.013204,51.416625,53.178744,0.102061,-0.539415,0.641476
2020-11-13,71.199997,72.500000,70.050003,72.150002,54.727013,16264536,61.609520,52.556808,51.636956,53.057530,0.288128,-0.373906,0.662035
2020-11-14,74.000000,74.000000,72.500000,72.650002,55.106274,5387569,63.015659,53.091983,51.832003,52.962344,0.460879,-0.206949,0.667828
2020-11-17,72.699997,73.300003,71.000000,71.300003,54.082279,18852045,56.950445,53.500741,51.904244,52.864183,0.509286,-0.063702,0.572988
2020-11-18,71.650002,72.099998,70.900002,71.949997,54.575310,14032869,58.996779,53.867358,52.068589,52.797255,0.580738,0.065186,0.515553
2020-11-19,71.500000,74.199997,71.449997,72.150002,54.727013,27903903,59.632613,54.217120,52.225711,52.763047,0.642203,0.180589,0.461614
2020-11-20,72.449997,72.699997,70.699997,71.650002,54.347744,14790440,57.242694,54.486814,52.326846,52.747430,0.652786,0.275029,0.377757
2020-11-23,72.000000,77.800003,71.800003,76.500000,58.026569,44111534,69.860466,54.971424,52.597745,52.789818,0.947105,0.409444,0.537661
2020-11-24,76.750000,78.050003,75.400002,76.099998,57.723152,31379070,68.076105,55.287473,52.883092,52.831462,1.142700,0.556095,0.586605
2020-11-25,77.199997,81.800003,77.150002,80.800003,61.288185,87040163,75.873556,56.067060,53.386964,52.937803,1.567312,0.758338,0.808973
2020-11-26,81.150002,81.500000,79.449997,80.199997,60.833073,30469713,73.408521,56.745511,53.887224,53.032990,1.845818,0.975834,0.869984
2020-11-27,80.800003,81.150002,78.000000,78.500000,59.543591,44245938,66.787720,57.238546,54.396514,53.114047,1.940122,1.168692,0.771430
2020-12-01,78.500000,82.000000,77.050003,81.550003,61.857067,42923229,71.716425,58.102411,54.997910,53.238979,2.176447,1.370243,0.806204
2020-12-02,81.500000,85.050003,80.949997,84.849998,64.360168,52652362,75.886079,59.189618,55.689605,53.395888,2.536478,1.603490,0.932988
2020-12-03,85.400002,89.000000,85.000000,88.699997,67.280464,53618786,79.654556,60.584446,56.498689,53.656907,3.022605,1.887313,1.135292
2020-12-04,89.750000,91.000000,87.250000,89.849998,68.152763,44126894,80.628395,62.118337,57.343894,53.959570,3.438613,2.197573,1.241040
2020-12-07,91.150002,94.000000,90.750000,91.550003,69.442253,46638129,82.000001,63.386746,58.208965,54.315032,3.828225,2.523703,1.304521
2020-12-08,93.000000,93.449997,90.050003,90.750000,68.835426,34326971,79.159478,64.621443,59.030692,54.673468,4.041441,2.827251,1.214191
2020-12-09,91.500000,92.849998,90.900002,91.199997,69.176765,25763702,79.587810,65.497952,59.852419,55.005134,4.189665,3.099734,1.089931
2020-12-10,91.000000,92.199997,88.699997,91.650002,69.518089,25329334,80.029807,66.462954,60.607324,55.299617,4.285277,3.336842,0.948434
2020-12-11,92.599998,104.400002,92.599998,96.800003,73.424461,146821189,84.236751,68.005273,61.490455,55.710852,4.622971,3.594068,1.028903
2020-12-14,98.250000,102.550003,97.449997,101.500000,76.989479,75021883,86.940590,69.686652,62.572245,56.190503,5.119251,3.899105,1.220147
2020-12-15,102.500000,102.500000,99.199997,100.449997,76.193047,33553433,83.494970,71.001417,63.594437,56.656024,5.386203,4.196524,1.189679
2020-12-16,101.900002,103.599998,100.650002,102.900002,78.051414,34618175,84.989822,72.198189,64.687063,57.157240,5.682217,4.493663,1.188555
2020-12-17,105.099998,105.599998,100.699997,101.500000,76.989479,41881430,80.502940,73.180046,65.777882,57.635403,5.764670,4.747864,1.016806
2020-12-18,101.500000,102.300003,98.150002,99.000000,75.093193,36480527,73.083248,73.807928,66.754924,58.059280,5.612305,4.920753,0.691553
2020-12-21,98.900002,98.949997,88.949997,89.849998,68.152763,58724337,53.608395,73.732077,67.394245,58.377560,4.875321,4.911666,-0.036345
2020-12-22,89.050003,92.300003,86.599998,90.550003,68.683731,58602960,54.605018,73.677295,68.076911,58.678736,4.284708,4.786275,-0.501566
2020-12-23,90.500000,91.300003,88.300003,90.800003,68.873344,29216106,54.976991,73.605657,68.593424,59.000734,3.788275,4.586675,-0.798400
2020-12-24,92.500000,95.500000,92.150002,93.150002,70.655884,46351620,58.425895,73.298037,69.209269,59.358427,3.498357,4.369011,-0.870654
2020-12-28,94.000000,95.150002,93.300003,93.800003,71.148911,17759262,59.353339,72.649085,69.678827,59.757020,3.270676,4.149344,-0.878668
2020-12-29,94.199997,94.650002,92.000000,93.150002,70.655884,17678810,57.960874,72.033845,70.146580,60.160076,3.015691,3.922614,-0.906923
2020-12-30,93.500000,94.500000,92.750000,93.250000,70.731728,15960705,58.123632,71.220546,70.679348,60.546771,2.787600,3.695611,-0.908011
2020-12-31,93.300003,95.550003,92.550003,93.050003,70.580017,43701316,57.642887,70.508384,71.094727,60.900002,2.565026,3.469494,-0.904468
2021-01-01,93.750000,94.449997,93.000000,93.199997,70.693787,15130377,57.923943,70.019561,71.396328,61.283722,2.370489,3.249693,-0.879204
2021-01-04,94.050003,97.300003,93.699997,96.949997,73.538231,39545073,64.301717,70.617946,71.694317,61.717266,2.417968,3.083348,-0.665380
2021-01-05,96.500000,96.500000,94.349998,94.949997,72.021210,26998014,59.152010,70.988777,71.878528,62.105449,2.306595,2.927997,-0.621402
2021-01-06,98.900002,99.300003,96.250000,96.949997,73.538231,50306161,62.395307,71.507098,72.073575,62.521146,2.314067,2.805211,-0.491144
2021-01-07,98.000000,99.050003,97.099998,97.900002,74.258820,25285200,63.863043,71.907424,72.331832,62.962870,2.351033,2.714375,-0.363343
2021-01-08,98.949997,101.300003,98.550003,100.650002,76.344749,36022114,67.783054,72.484740,72.673164,63.465574,2.519601,2.675421,-0.155820
2021-01-11,101.500000,102.900002,98.050003,102.550003,77.785934,36301647,70.189159,73.276967,73.066871,64.003972,2.737923,2.687921,0.050002
2021-01-12,102.000000,104.500000,100.750000,103.449997,78.468597,28353142,71.283210,74.136620,73.307068,64.584759,2.932229,2.736783,0.195447
2021-01-13,104.949997,107.900002,104.099998,105.250000,79.833931,42401579,73.386874,75.164832,73.442518,65.184880,3.159963,2.821419,0.338544
2021-01-14,107.000000,107.449997,104.199997,105.050003,79.682213,24455634,72.749122,76.163546,73.608669,65.770127,3.290273,2.915190,0.375084
2021-01-15,105.250000,106.099998,100.650002,101.400002,76.913635,28185982,62.137311,76.538591,73.554489,66.292165,3.134017,2.958955,0.175062
2021-01-18,101.400002,101.849998,96.050003,96.650002,73.310684,33623461,51.590568,76.681866,73.379308,66.741327,2.688464,2.904857,-0.216393
2021-01-19,97.750000,99.000000,97.500000,98.099998,74.410538,26085121,54.149011,76.778789,73.346801,67.194950,2.396484,2.803182,-0.406699
2021-01-20,99.000000,99.800003,97.849998,98.849998,74.979431,18486566,55.460228,76.858857,73.671880,67.653779,2.185796,2.679705,-0.493909
2021-01-21,99.050003,100.199997,93.900002,94.699997,71.831573,26939349,47.385305,76.357393,73.821778,68.044192,1.744706,2.492705,-0.747999
2021-01-22,94.599998,95.449997,92.500000,92.750000,70.352463,27311961,44.133703,75.531452,73.892212,68.371396,1.261249,2.246414,-0.985165
2021-01-25,93.050003,93.750000,90.000000,91.349998,69.290535,28522112,41.910129,74.511667,73.827195,68.653980,0.783386,1.953808,-1.170422
2021-01-27,91.400002,91.750000,88.900002,89.699997,68.038986,34022621,39.391188,73.201118,73.679104,68.923923,0.300226,1.623092,-1.322866
2021-01-28,89.000000,91.400002,88.800003,90.650002,68.759575,26810222,41.568740,71.987491,73.588803,69.199071,-0.024256,1.293622,-1.317879
2021-01-29,90.750000,92.949997,87.750000,88.300003,66.977074,33858273,37.937702,70.883429,73.410010,69.431832,-0.420398,0.950818,-1.371216
2021-02-01,89.000000,91.199997,88.449997,90.849998,68.911278,24228098,43.685978,70.394606,73.330546,69.722597,-0.571679,0.646319,-1.217998
2021-02-02,92.500000,93.949997,91.199997,92.849998,70.428322,22141489,47.771940,69.952137,73.317905,70.033440,-0.562671,0.404521,-0.967192
2021-02-03,94.599998,95.300003,93.000000,93.349998,70.807579,25912911,48.772631,69.488598,73.187874,70.348746,-0.518948,0.219827,-0.738775
2021-02-04,94.250000,98.599998,94.000000,97.650002,74.069191,49670027,56.493006,69.737222,73.285397,70.735441,-0.218592,0.132143,-0.350735
2021-02-05,98.949997,99.949997,96.800003,97.650002,74.069191,30514219,56.493006,70.150192,73.310681,71.050002,0.019221,0.109559,-0.090338
2021-02-08,99.500000,100.800003,99.099998,99.650002,75.586235,29096831,59.764047,70.849714,73.373891,71.400258,0.326340,0.152915,0.173425
2021-02-09,99.800003,103.349998,99.800003,101.000000,76.610237,39638657,61.849108,71.802076,73.386533,71.700691,0.644928,0.251318,0.393610
2021-02-10,102.000000,102.500000,98.599998,100.000000,75.851707,21467230,59.393821,72.590090,73.294427,71.995174,0.826675,0.366389,0.460286
2021-02-11,100.000000,100.349998,98.900002,99.449997,75.434532,11287104,58.029403,73.529808,73.149948,72.306761,0.926370,0.478385,0.447985
2021-02-12,98.900002,99.400002,96.550003,97.000000,73.576164,18187705,52.269054,74.048129,72.851959,72.536547,0.845675,0.551843,0.293832
2021-02-15,97.000000,99.250000,95.599998,98.449997,74.676010,26118576,55.109213,74.520094,72.613569,72.738818,0.860553,0.613585,0.246968
2021-02-16,99.250000,104.849998,99.250000,103.750000,78.696152,76236798,63.628418,75.396602,72.698450,72.962655,1.183097,0.727488,0.455610
2021-02-17,102.000000,103.500000,100.800003,102.250000,78.889030,21014091,63.981596,75.932140,72.964086,73.173171,1.437707,0.869531,0.568175
2021-02-18,103.699997,115.500000,103.349998,110.699997,85.408463,110000964,73.387933,77.192059,73.487797,73.486233,2.140872,1.123800,1.017072
2021-02-19,110.699997,112.199997,103.849998,105.099998,81.087898,48225988,61.858436,77.803355,73.778676,73.726478,2.322727,1.363585,0.959142
2021-02-22,105.900002,108.550003,105.300003,106.300003,82.013733,36592043,63.192864,78.403743,74.263541,73.978183,2.512591,1.593386,0.919205
2021-02-23,109.750000,114.400002,109.449997,112.199997,86.565765,90860972,68.945625,79.594194,75.035603,74.312451,2.995837,1.873876,1.121961
2021-02-24,114.000000,115.349998,111.000000,113.599998,87.645912,26071364,70.138296,80.951014,75.909668,74.591303,3.426474,2.184396,1.242078
2021-02-25,116.000000,120.500000,115.349998,119.050003,91.850761,62038881,74.279527,82.981525,77.043562,74.882701,4.060249,2.559566,1.500682
2021-02-26,115.500000,118.400002,110.050003,111.000000,85.639931,55154985,60.855100,84.199738,77.847389,75.067934,4.015074,2.850668,1.164406
2021-03-01,114.300003,117.650002,113.500000,117.050003,90.307678,41672980,65.850330,85.489908,78.958370,75.308253,4.306281,3.141791,1.164491
2021-03-02,115.900002,116.650002,112.750000,113.500000,87.568771,36303917,60.936581,86.454324,79.846822,75.515690,4.266872,3.366807,0.900065
2021-03-03,114.050003,115.800003,113.199997,114.000000,87.954521,19434630,61.373751,86.737219,80.681403,75.767873,4.218143,3.537074,0.681069
2021-03-04,113.949997,117.000000,112.300003,112.699997,86.951523,38272786,59.508911,87.388733,81.450162,76.136476,4.051884,3.640036,0.411847
2021-03-05,116.250000,118.250000,113.500000,114.949997,88.687485,57756103,61.679203,88.130261,82.146271,76.528707,4.013929,3.714815,0.299115
2021-03-08,118.949997,122.349998,117.199997,118.250000,91.233521,63866178,64.670155,88.648900,82.963621,76.967141,4.141553,3.800162,0.341390
2021-03-09,119.400002,119.550003,114.199997,116.750000,90.076225,26817643,62.290251,88.918935,83.653620,77.347932,4.102026,3.860535,0.241491
2021-03-10,116.900002,117.000000,113.599998,114.400002,88.263138,23841269,58.648805,88.520310,84.208520,77.683505,3.879677,3.864363,0.015313
2021-03-12,116.750000,117.400002,114.000000,115.050003,88.764648,20691698,59.356572,88.867501,84.823422,78.038579,3.701265,3.831744,-0.130478
2021-03-15,116.000000,116.849998,112.800003,114.349998,88.224564,19679802,58.201256,88.636044,85.432471,78.381576,3.476221,3.760639,-0.284418
2021-03-16,113.800003,116.300003,113.449997,115.099998,88.803207,20680669,59.119343,88.773204,86.157568,78.738894,3.306449,3.669801,-0.363352
2021-03-17,114.800003,114.849998,108.750000,109.349998,84.366905,31017863,50.043924,88.374580,86.619040,79.006994,2.781863,3.492213,-0.710351
2021-03-18,110.000000,112.199997,107.500000,110.199997,85.022705,26710696,51.235645,88.160266,86.920304,79.232180,2.391475,3.272066,-0.880591
2021-03-19,106.250000,113.250000,104.449997,110.500000,85.254166,50386785,51.673831,87.778787,87.223406,79.491649,2.076826,3.033018,-0.956192
2021-03-22,110.500000,111.250000,108.550003,109.599998,84.559776,15825065,50.215993,87.037259,87.182992,79.707758,1.751246,2.776664,-1.025417
2021-03-23,109.599998,110.300003,106.599998,107.150002,82.669525,15815643,46.380061,86.214293,87.258308,79.872674,1.325416,2.486414,-1.160998
2021-03-24,105.000000,106.000000,102.849998,104.800003,80.856438,31083656,42.988026,85.391326,87.203198,79.961138,0.832050,2.155541,-1.323491
2021-03-25,106.000000,107.699997,101.300003,102.000000,78.696159,37295495,39.299975,84.272605,86.828455,79.978986,0.263697,1.777172,-1.513475
2021-03-26,103.000000,104.000000,100.250000,102.400002,79.004761,26637085,40.090684,83.248183,86.416972,79.989499,-0.159980,1.389742,-1.549722
2021-03-30,104.050003,106.300003,102.599998,103.500000,79.853447,31843017,42.316125,82.253765,85.845671,79.989882,-0.422397,1.027314,-1.449711
2021-03-31,102.800003,104.199997,101.900002,102.150002,78.811882,19587582,40.335800,81.636540,85.520526,79.972816,-0.706268,0.680598,-1.386866
2021-04-01,103.000000,105.250000,101.150002,104.349998,80.509239,22299747,44.864113,81.135044,85.053934,80.043318,-0.785224,0.387433,-1.172657
2021-04-05,102.150002,104.500000,99.400002,103.449997,79.814865,24878516,43.412528,80.530677,84.684700,80.170851,-0.893527,0.131241,-1.024768
2021-04-06,102.650002,104.400002,101.300003,103.949997,80.200630,15156974,44.487138,80.046327,84.315467,80.284383,-0.937424,-0.082492,-0.854932
2021-04-07,103.900002,105.349998,103.449997,104.650002,80.740715,10330347,46.032351,79.832015,84.019714,80.397349,-0.918050,-0.249603,-0.668446
2021-04-08,103.800003,105.699997,103.300003,103.599998,79.930595,26105970,44.051608,79.729144,83.602720,80.556153,-0.957033,-0.391089,-0.565944
2021-04-09,103.000000,104.900002,103.000000,103.800003,80.084908,17645822,44.541129,79.883449,83.071833,80.746985,-0.964360,-0.505744,-0.458616
2021-04-12,100.849998,102.250000,97.449997,98.050003,75.648605,27005598,35.047249,79.510543,82.384804,80.871654,-1.313003,-0.667195,-0.645808
2021-04-13,98.050003,102.500000,98.050003,102.050003,78.734734,25505623,43.990967,79.386241,81.931070,81.081374,-1.325007,-0.798758,-0.526249
2021-04-15,104.250000,106.750000,103.800003,105.099998,81.087898,28659714,49.680539,79.639132,81.565511,81.323106,-1.131595,-0.865325,-0.266270
2021-04-16,104.599998,107.849998,104.199997,107.300003,82.785263,21627285,53.360812,79.892024,81.306496,81.633070,-0.831763,-0.858613,0.026850
2021-04-19,103.949997,105.949997,101.900002,103.050003,79.506256,19166492,46.313782,79.857734,80.863784,81.840815,-0.848947,-0.856680,0.007733
2021-04-20,103.300003,105.000000,102.199997,102.849998,79.351952,23082015,46.005876,79.763436,80.624977,82.015788,-0.865044,-0.858353,-0.006692
2021-04-22,102.400002,104.449997,101.650002,103.099998,79.544830,14844968,46.484810,79.630560,80.364126,82.187107,-0.852412,-0.857164,0.004752
2021-04-23,102.000000,103.650002,101.599998,102.400002,79.004761,12790334,45.273859,79.527690,80.066535,82.283883,-0.875883,-0.860908,-0.014975
2021-04-26,105.250000,105.699997,102.500000,102.800003,79.313370,11797791,46.137328,79.441963,79.816706,82.386710,-0.859672,-0.860661,0.000989
2021-04-27,102.800003,104.000000,102.800003,103.199997,79.621986,8886250,47.037277,79.883450,79.671585,82.465842,-0.812556,-0.851040,0.038484
2021-04-28,103.750000,104.400002,103.300003,103.900002,80.162056,6887787,48.654056,80.042041,79.638520,82.535486,-0.723299,-0.825492,0.102193
2021-04-29,104.900002,105.900002,103.550003,104.050003,80.277779,14990087,49.013219,79.952028,79.713835,82.622271,-0.635894,-0.787572,0.151678
2021-04-30,104.150002,112.699997,103.300003,108.150002,83.441071,81358264,57.719474,80.024896,79.925088,82.779262,-0.307825,-0.691623,0.383798
2021-05-03,108.150002,110.699997,106.000000,107.699997,83.093880,33975507,56.577564,80.423520,80.079394,82.965884,-0.074979,-0.568294,0.493315
2021-05-04,108.000000,110.300003,107.699997,109.650002,84.598366,30811922,60.247654,81.006455,80.354941,83.160440,0.228320,-0.408971,0.637291
2021-05-05,112.400002,114.000000,110.500000,111.099998,85.717094,47588366,62.767674,81.692262,80.602934,83.298106,0.552589,-0.216659,0.769248
2021-05-06,112.300003,112.849998,109.449997,110.250000,85.061287,26083818,60.352370,82.365210,80.852764,83.419130,0.748034,-0.023721,0.771754
2021-05-07,110.849998,112.349998,109.650002,111.449997,85.987122,28016564,62.543674,83.106738,81.128311,83.430477,0.966491,0.174322,0.792169
2021-05-10,113.849998,114.949997,112.500000,113.900002,87.877373,33477142,66.602248,84.024003,81.468152,83.563604,1.277422,0.394942,0.882480
2021-05-11,112.550003,118.699997,110.750000,118.099998,91.117798,48355326,72.169452,85.241308,82.000876,83.742115,1.764967,0.668947,1.096020
2021-05-12,118.699997,121.150002,113.699997,115.099998,88.803207,49718697,63.967183,86.188577,82.416033,83.785986,1.942193,0.923596,1.018597
2021-05-14,116.000000,116.000000,111.550003,112.949997,87.144417,23626454,58.808675,86.600060,82.963452,83.776153,1.926587,1.124194,0.802393
2021-05-17,113.949997,115.400002,112.250000,114.250000,88.147400,19960145,60.863773,87.161563,83.411674,83.703538,1.972415,1.293839,0.678577
2021-05-18,115.000000,117.500000,114.300003,116.099998,89.574730,29395737,63.643632,87.714492,83.815809,83.780691,2.099704,1.455012,0.644692
2021-05-19,114.500000,115.800003,113.400002,114.900002,88.648918,25295575,60.635125,88.040250,84.095031,83.748166,2.101649,1.584339,0.517310
2021-05-20,113.449997,114.699997,111.199997,111.800003,86.257164,21131045,53.587567,88.173125,84.416503,83.722448,1.888427,1.645157,0.243271
2021-05-21,111.050003,114.050003,111.050003,112.750000,86.990128,20562816,55.302123,88.284570,84.780225,83.703539,1.758323,1.667790,0.090533
2021-05-24,113.250000,113.949997,110.849998,113.050003,87.221581,24785960,55.856682,88.211705,85.145785,83.708834,1.654815,1.665195,-0.010380
2021-05-25,114.400002,117.099998,113.699997,114.599998,88.417450,25820379,58.707303,87.911666,85.594008,83.703539,1.650257,1.662207,-0.011950
2021-05-26,115.400002,115.400002,113.000000,113.349998,87.453033,12045621,55.589608,87.761647,85.981611,83.629412,1.550947,1.639955,-0.089008
2021-05-27,113.000000,113.650002,111.300003,111.849998,86.295723,22821449,52.019528,87.667347,86.299408,83.555284,1.363144,1.584593,-0.221449
2021-05-28,113.199997,115.550003,111.849998,112.349998,86.681488,19331994,53.100733,87.504468,86.609857,83.524272,1.231244,1.513923,-0.282679
2021-05-31,112.500000,114.349998,111.400002,113.650002,87.684486,16430926,55.884282,87.294441,86.962558,83.503092,1.193883,1.449915,-0.256032
2021-06-01,114.349998,118.449997,114.199997,117.599998,90.732040,51620011,63.058620,87.525899,87.309747,83.552258,1.394116,1.438755,-0.044639
2021-06-02,118.000000,119.400002,116.000000,117.750000,90.847763,27162991,63.302668,88.035966,87.678979,83.592348,1.544338,1.459872,0.084466
2021-06-03,118.800003,123.800003,118.449997,122.500000,94.512527,64241347,70.050490,88.871788,88.151082,83.791281,1.936780,1.555253,0.381526
2021-06-04,124.599998,126.699997,123.349998,125.449997,96.788559,72354379,73.330404,89.934786,88.678295,84.021984,2.403740,1.724951,0.678790
2021-06-07,126.949997,127.500000,124.900002,125.150002,96.557098,28709907,72.461319,90.839191,89.225715,84.243610,2.723736,1.924708,0.799028
2021-06-08,125.750000,125.900002,122.650002,124.800003,96.287064,15261479,71.398173,91.820750,89.716188,84.473557,2.921863,2.124139,0.797725
2021-06-09,127.000000,128.000000,123.050003,124.050003,95.708405,29718157,69.059874,92.866603,90.089094,84.729222,2.997633,2.298838,0.698795
2021-06-10,123.750000,124.800003,122.449997,123.949997,95.631248,12245640,68.736628,93.861021,90.304020,85.018924,3.016681,2.442406,0.574275
2021-06-11,123.949997,126.599998,122.500000,123.550003,95.322639,18360366,67.378159,94.709705,90.614470,85.344933,2.972608,2.548447,0.424161
2021-06-14,124.400002,125.800003,121.250000,124.800003,96.287064,19547491,69.412614,95.326930,91.049834,85.683802,2.981136,2.634985,0.346152
2021-06-15,125.599998,128.500000,124.849998,125.349998,96.711395,32779493,70.290537,95.978444,91.457643,86.014350,2.987694,2.705527,0.282168
2021-06-16,127.000000,128.250000,126.099998,126.699997,97.752960,31654780,72.385681,96.338492,91.847083,86.385744,3.041873,2.772796,0.269077
2021-06-17,125.599998,127.000000,123.500000,125.099998,96.518509,18124616,66.408263,96.308487,92.221825,86.699651,2.951180,2.808473,0.142707
2021-06-18,124.550003,124.550003,118.900002,120.250000,92.776596,87912730,52.307841,95.888431,92.532274,86.953802,2.547993,2.756377,-0.208384
2021-06-21,119.400002,122.000000,118.949997,120.949997,93.316666,15669821,53.831529,95.558387,92.833538,87.210980,2.246151,2.654332,-0.408181
2021-06-22,122.699997,124.199997,121.500000,122.050003,94.165367,23629008,56.199717,95.386938,93.164194,87.474208,2.051771,2.533819,-0.482049
2021-06-23,123.500000,124.400002,121.750000,123.349998,95.168343,21978870,58.883844,95.335504,93.485665,87.772987,1.956106,2.418277,-0.462171
2021-06-24,124.449997,124.449997,121.349998,122.000000,94.126770,24358397,55.107099,95.202630,93.803462,88.048318,1.775774,2.289776,-0.514002
2021-06-25,122.949997,124.949997,120.349998,120.900002,93.278091,34557609,52.170882,94.868300,94.135956,88.393994,1.546552,2.141131,-0.594580
2021-06-28,122.550003,124.500000,121.800003,122.349998,94.396812,23728169,55.534215,94.611124,94.503353,88.701094,1.438579,2.000621,-0.562042
2021-06-29,121.800003,122.449997,119.099998,119.400002,92.120781,20857415,48.120310,93.985326,94.714605,88.917425,1.156028,1.831702,-0.675675
2021-06-30,120.349998,120.949997,117.050003,117.699997,90.809189,19094044,44.438582,93.350957,94.718278,89.074757,0.816853,1.628732,-0.811879
2021-07-01,117.750000,119.750000,117.300003,118.849998,91.696442,16012542,47.371997,93.230940,94.758692,89.313780,0.612587,1.425503,-0.812917
2021-07-02,120.000000,120.849998,118.000000,118.449997,91.387848,20014124,46.453365,93.016627,94.609897,89.549778,0.420951,1.224593,-0.803642
2021-07-05,119.150002,121.449997,118.900002,120.949997,93.316666,12050022,52.635793,92.922327,94.444569,89.819814,0.419878,1.063650,-0.643772
2021-07-06,123.000000,125.000000,121.050003,121.500000,93.741013,30193164,53.896955,92.763735,94.310470,90.108760,0.448103,0.940540,-0.492438
2021-07-07,119.900002,120.400002,117.800003,119.900002,92.506561,18479814,49.747160,92.583711,94.130446,90.367450,0.366635,0.825759,-0.459124
2021-07-08,119.400002,119.400002,116.849998,117.050003,90.307678,17151883,43.345157,92.253666,93.873268,90.576973,0.123220,0.685251,-0.562032
2021-07-09,117.099998,118.650002,116.599998,117.900002,90.963501,11240925,45.594021,91.872186,93.650995,90.788766,-0.016578,0.544885,-0.561464
2021-07-12,119.000000,119.349998,118.000000,118.550003,91.464989,8420962,47.316137,91.799321,93.467297,91.008124,-0.085913,0.418726,-0.504639
2021-07-13,119.000000,120.800003,118.599998,120.400002,92.892319,8580799,51.975508,92.030780,93.305643,91.193442,-0.025395,0.329902,-0.355297
2021-07-14,120.300003,121.750000,120.099998,120.800003,93.200935,12709481,52.944542,92.197945,93.138478,91.391620,0.046928,0.273307,-0.226379
2021-07-15,119.199997,119.400002,116.199997,116.900002,90.191978,28589465,43.688507,92.065071,92.778431,91.501298,-0.136975,0.191250,-0.328225
2021-07-16,117.199997,117.400002,115.750000,116.800003,90.114799,19691248,43.478542,91.709308,92.473493,91.587528,-0.285653,0.095870,-0.381523
2021-07-19,114.800003,116.550003,114.199997,114.599998,88.417450,14395883,39.035357,91.117801,92.265914,91.653335,-0.534285,-0.030161,-0.504124
2021-07-20,112.050003,113.250000,111.599998,112.599998,86.874374,18634406,35.485054,90.492003,91.959138,91.670732,-0.846088,-0.193347,-0.652742
2021-07-22,114.400002,115.800003,113.949997,115.500000,89.111816,11710140,43.508156,90.359129,91.718493,91.694937,-0.902251,-0.335128,-0.567123
2021-07-23,115.500000,116.750000,114.750000,115.300003,88.957520,7841690,43.110003,90.136242,91.422740,91.652578,-0.948279,-0.457758,-0.490521
2021-07-26,114.849998,115.599998,114.099998,114.550003,88.378868,8149770,41.573476,89.793340,91.149030,91.644258,-1.019695,-0.570145,-0.449550
2021-07-27,115.349998,115.900002,114.000000,114.650002,88.456017,9704729,41.870951,89.300418,90.919407,91.669976,-1.057873,-0.667691,-0.390182
2021-07-28,114.900002,115.199997,113.449997,114.349998,88.224564,11020097,41.193329,88.747487,90.625491,91.671489,-1.094192,-0.752991,-0.341201
2021-07-29,114.300003,115.800003,113.300003,114.750000,88.533173,14142749,42.528863,88.563176,90.454652,91.651066,-1.085560,-0.819505,-0.266055
2021-07-30,114.300003,116.750000,113.800003,115.300003,88.957520,12236156,44.398728,88.434589,90.366478,91.657117,-1.032574,-0.862119,-0.170456
2021-08-02,114.949997,117.500000,114.800003,117.099998,90.346260,10895726,50.118570,88.648901,90.302183,91.737295,-0.868512,-0.863397,-0.005114
2021-08-03,116.150002,118.199997,115.150002,117.900002,90.963501,15163353,52.459463,89.103249,90.281976,91.815205,-0.680836,-0.826885,0.146049
2021-08-04,117.699997,118.500000,116.599998,117.349998,90.539154,14304543,50.697957,89.261842,90.149714,91.880255,-0.559889,-0.773486,0.213597
2021-08-05,116.199997,117.250000,114.699997,116.849998,90.153381,11033147,49.084347,89.394715,89.978874,91.914293,-0.489524,-0.716694,0.227170
2021-08-06,116.150002,118.199997,116.150002,116.650002,89.999077,6606584,48.420498,89.574738,89.859470,91.964215,-0.441125,-0.661580,0.220455
2021-08-09,116.000000,117.000000,114.300003,115.000000,88.726067,8294214,43.226368,89.604744,89.784155,92.011869,-0.499729,-0.629210,0.129481
2021-08-10,115.099998,115.699997,113.900002,114.849998,88.610329,14300982,42.777081,89.647607,89.672100,92.049690,-0.549181,-0.613204,0.064023
2021-08-11,115.500000,117.300003,114.849998,117.000000,90.269112,11308648,50.687980,89.840489,89.615153,92.100369,-0.449343,-0.580432,0.131089
2021-08-12,116.099998,117.900002,115.300003,116.250000,89.690468,13519139,48.185456,89.921928,89.462684,92.079946,-0.412161,-0.546778,0.134616
2021-08-13,116.800003,116.949997,115.349998,116.099998,89.574730,10342014,47.678414,89.836202,89.290007,92.054984,-0.387566,-0.514935,0.127369
2021-08-16,116.900002,118.349998,114.699997,115.500000,89.111816,14771886,45.611095,89.630459,89.238571,91.949088,-0.400807,-0.492110,0.091303
2021-08-17,116.000000,116.000000,112.699997,113.849998,87.838806,16025745,40.420638,89.330421,89.130191,91.773603,-0.508164,-0.495321,-0.012843
2021-08-18,113.900002,115.250000,112.900002,113.199997,87.337303,10074307,38.559033,89.017523,89.078755,91.592822,-0.626490,-0.521555,-0.104936
2021-08-20,110.650002,111.750000,108.500000,110.199997,85.022705,23878081,31.376528,88.464593,88.990580,91.371952,-0.896697,-0.596583,-0.300114
2021-08-23,110.349998,112.000000,108.500000,111.750000,86.218582,16886027,37.821025,88.185983,88.852807,91.185877,-1.002781,-0.677823,-0.324959
2021-08-24,113.150002,115.199997,112.099998,113.199997,87.337303,17368602,43.195307,88.044536,88.775654,91.023251,-0.985225,-0.739303,-0.245922
2021-08-25,113.500000,117.199997,113.300003,115.650002,89.227547,18637317,50.915098,87.928807,88.816067,90.903739,-0.809454,-0.753333,-0.056121
2021-08-26,115.599998,116.250000,114.400002,115.550003,89.150398,8779246,50.612772,87.868799,88.849133,90.763805,-0.668672,-0.736401,0.067729
2021-08-27,115.500000,117.000000,114.949997,116.650002,89.999077,9706825,53.858565,87.915949,88.933634,90.632191,-0.483051,-0.685731,0.202680
2021-08-30,116.750000,120.400002,116.750000,120.150002,92.699440,15933414,62.339693,88.314573,89.132027,90.533102,-0.116703,-0.571925,0.455222
2021-08-31,120.000000,121.000000,119.050003,120.550003,93.008049,13376290,63.172803,88.888934,89.324910,90.464270,0.196270,-0.418286,0.614556
2021-09-01,121.800003,122.250000,119.400002,119.699997,92.352249,10964080,60.128778,89.446150,89.420433,90.455949,0.386926,-0.257244,0.644170
2021-09-02,118.900002,120.150002,118.000000,118.650002,91.542145,13031666,56.506586,90.170532,89.447988,90.421155,0.467267,-0.112342,0.579608
2021-09-03,119.949997,123.500000,118.800003,123.099998,94.975464,21326802,65.886066,91.143519,89.659240,90.437039,0.798770,0.069881,0.728889
2021-09-06,123.800003,124.349998,121.150002,121.650002,93.856728,12505630,61.250893,91.867900,89.835590,90.411321,0.960148,0.247934,0.712214
2021-09-07,122.500000,122.750000,119.550003,119.949997,92.545135,8530847,56.254196,92.236521,89.956831,90.380308,0.971013,0.392550,0.578463
2021-09-08,119.000000,119.500000,117.500000,118.949997,93.211205,7801721,58.122537,92.687721,90.170409,90.378997,1.021594,0.518359,0.503235
2021-09-09,119.099998,123.800003,118.199997,122.150002,95.718781,27242637,64.303606,93.323244,90.508907,90.404918,1.249615,0.664610,0.585005
2021-09-13,122.199997,123.400002,121.099998,123.050003,96.424034,9921031,65.831136,93.737088,90.801998,90.489295,1.470284,0.825745,0.644539
2021-09-14,123.300003,125.400002,122.800003,123.949997,97.129288,16593684,67.336404,94.195003,91.156228,90.613219,1.682676,0.997131,0.685545
2021-09-15,124.250000,130.699997,124.250000,128.449997,100.655556,42437332,73.599048,95.117593,91.683886,90.788888,2.111202,1.219945,0.891257
2021-09-16,129.649994,131.250000,127.400002,128.699997,100.851479,22431820,73.898491,96.151963,92.242918,90.974449,2.438512,1.463658,0.974853
2021-09-17,128.699997,129.699997,124.750000,127.750000,100.107040,25968166,70.620893,96.722138,92.827119,91.107594,2.607776,1.692482,0.915294
2021-09-20,125.050003,129.399994,125.050003,128.500000,100.694748,29857432,71.688474,97.481918,93.463188,91.243942,2.757555,1.905497,0.852059
2021-09-21,129.600006,136.000000,129.100006,135.199997,105.944969,51537119,79.022180,98.970789,94.459486,91.507440,3.262300,2.176857,1.085442
2021-09-22,134.500000,135.250000,132.449997,133.649994,104.730370,16424387,74.231588,100.250696,95.341000,91.790238,3.523686,2.446223,1.077463
2021-09-23,134.800003,138.350006,134.399994,137.750000,107.943207,18688982,78.026336,101.608966,96.322234,92.123173,3.944615,2.745901,1.198714
2021-09-24,138.899994,139.899994,134.500000,136.100006,106.650246,33667173,73.345229,102.745211,97.151886,92.420923,4.126307,3.021983,1.104325
2021-09-27,138.050003,140.750000,137.500000,140.000000,109.706337,34196564,76.876467,104.142661,98.130740,92.750610,4.465426,3.310671,1.154755
2021-09-28,141.800003,143.600006,141.000000,142.199997,111.430298,46109879,78.598870,105.339855,99.151275,93.108048,4.817754,3.612088,1.205666
2021-09-29,140.850006,148.800003,139.350006,144.750000,113.428513,68003697,80.419430,106.737303,100.138373,93.563667,5.198292,3.929329,1.268963
2021-09-30,144.750000,146.050003,141.350006,144.500000,113.232620,26714630,79.703606,108.195701,101.101448,94.016957,5.421568,4.227777,1.193792
2021-10-01,145.199997,149.649994,144.100006,146.250000,114.603943,42893182,80.979940,109.741167,102.161053,94.530418,5.644109,4.511043,1.133066
2021-10-04,147.800003,148.500000,147.000000,147.600006,115.661835,16099471,81.924277,110.820819,103.309609,95.094878,5.838534,4.776541,1.061993
2021-10-05,150.000000,164.600006,149.000000,163.649994,128.238892,131238378,88.949101,113.432877,104.893582,95.862075,6.927623,5.206758,1.720865
2021-10-06,166.000000,172.750000,165.800003,168.100006,131.725998,101221817,90.098122,116.075409,106.696881,96.700673,7.980125,5.761431,2.218694
2021-10-07,170.149994,170.149994,159.500000,160.399994,125.692101,59769140,75.474691,118.191171,108.275307,97.432305,8.232456,6.255636,1.976820
2021-10-08,163.899994,166.600006,160.500000,160.949997,126.123116,30561341,75.777130,120.015257,109.842541,98.170876,8.370717,6.678652,1.692065
2021-10-11,163.750000,166.199997,162.699997,165.000000,129.296753,18143592,77.934783,122.000419,111.441492,98.976213,8.636816,7.070285,1.566531
2021-10-12,165.100006,165.850006,162.750000,163.550003,128.160507,11619888,75.347036,123.637307,112.952753,99.753219,8.656233,7.387475,1.268758
2021-10-13,163.649994,163.800003,159.699997,160.000000,125.378685,16690451,69.281752,124.986870,114.297962,100.467360,8.350887,7.580157,0.770730
2021-10-14,161.000000,161.750000,158.649994,159.050003,124.634254,14821875,67.710943,126.101349,115.439805,101.139673,7.957104,7.655546,0.301558
2021-10-18,163.750000,165.500000,161.199997,162.100006,127.024277,22899876,70.058121,127.363842,116.686129,101.846747,7.748562,7.674150,0.074413
2021-10-19,163.500000,163.500000,158.000000,158.600006,124.281616,10331930,64.283238,126.924145,117.837299,102.508364,7.278085,7.594937,-0.316852
2021-10-20,159.250000,159.350006,153.649994,154.899994,121.382217,17118996,58.768210,125.774836,118.822417,103.120694,6.595245,7.394998,-0.799754
2021-10-21,157.600006,160.300003,154.550003,155.000000,121.460594,31555789,58.870932,125.304669,119.561256,103.737587,5.991349,7.114268,-1.122919
2021-10-22,157.000000,158.350006,154.500000,157.050003,123.066994,27317028,61.014722,124.965100,120.434429,104.410938,5.578080,6.807031,-1.228951
2021-10-25,159.000000,162.949997,158.899994,161.399994,126.475723,34568006,65.164110,124.651652,121.316929,105.153397,5.462647,6.538154,-1.075507
2021-10-26,163.550003,163.949997,160.300003,163.100006,127.807907,33022684,66.657712,124.612474,122.324437,105.889452,5.416226,6.313768,-0.897542
2021-10-27,163.100006,163.600006,157.000000,157.899994,123.733078,21652522,58.408473,124.429629,122.992377,106.556954,4.993076,6.049630,-1.056554
2021-10-28,150.000000,156.850006,148.699997,150.199997,117.699234,24815027,48.781532,123.659071,123.290898,107.108415,4.123315,5.664367,-1.541052
2021-10-29,149.899994,151.850006,146.000000,149.050003,116.798080,18736450,47.521753,122.522827,123.451354,107.651283,3.323002,5.196094,-1.873092
2021-11-01,150.000000,153.600006,148.399994,153.149994,120.010880,11444653,52.255764,122.048301,123.774128,108.282108,2.914398,4.739755,-1.825356
2021-11-02,153.949997,154.800003,151.350006,152.949997,119.854164,20609479,52.009306,121.878517,124.024138,108.919693,2.548554,4.301515,-1.752961
2021-11-03,151.199997,154.199997,149.800003,152.000000,119.109756,11591857,50.784067,121.617313,124.188325,109.588067,2.173497,3.875911,-1.702414
2021-11-04,152.000000,152.850006,151.250000,152.050003,119.148933,1114216,50.849692,121.181973,123.755470,110.233760,1.858005,3.472330,-1.614325
2021-11-08,152.949997,155.550003,151.699997,154.899994,121.382217,16568525,54.568628,120.616028,123.262909,110.901307,1.767804,3.131425,-1.363620
2021-11-09,156.500000,158.149994,155.000000,156.649994,122.753563,13601954,56.733498,120.054434,123.122979,111.558680,1.786384,2.862416,-1.076033
2021-11-10,156.699997,158.699997,156.449997,157.699997,123.576378,13900618,58.025899,120.037023,123.001705,112.233699,1.846220,2.659177,-0.812957
2021-11-11,156.600006,156.850006,153.050003,153.500000,120.285187,14158749,51.410811,120.324351,122.572583,112.827545,1.609516,2.449245,-0.839729
2021-11-12,154.000000,155.600006,153.300003,154.649994,121.186325,10552485,52.991031,120.811934,122.240479,113.386111,1.477607,2.254917,-0.777310
2021-11-15,156.449997,162.250000,156.000000,157.800003,123.654724,45750584,57.106142,121.216805,122.158386,113.987026,1.554331,2.114800,-0.560469
2021-11-16,159.399994,159.699997,156.800003,157.149994,123.145370,12956283,56.016447,121.582495,122.087487,114.590813,1.556096,2.003059,-0.446963
2021-11-17,157.000000,159.250000,156.600006,157.399994,123.341270,11420415,56.361347,122.052663,121.912105,115.214325,1.555374,1.913522,-0.358149
2021-11-18,157.000000,157.000000,153.699997,154.300003,120.912064,18351511,51.018803,122.248567,121.751650,115.722886,1.343300,1.799478,-0.456178
2021-11-22,151.250000,153.699997,146.000000,146.550003,119.083755,21558590,47.378655,121.993182,121.642200,116.217534,1.015988,1.642780,-0.626791
2021-11-23,145.800003,147.699997,143.399994,146.699997,119.205650,21216047,47.646851,121.598969,121.534822,116.740289,0.757694,1.465763,-0.708069
2021-11-24,149.000000,155.850006,149.000000,153.449997,124.690559,36294271,58.015995,121.722767,121.612134,117.357531,0.984234,1.369457,-0.385223
2021-11-25,154.000000,156.000000,152.550003,155.100006,126.031326,11554142,60.096549,122.361227,121.590973,117.951895,1.257462,1.347058,-0.089596
2021-11-26,152.250000,152.250000,146.250000,147.100006,119.530685,23135841,47.742983,122.177267,121.196819,118.404966,0.938630,1.265372,-0.326742
2021-11-29,145.000000,146.050003,141.899994,144.100006,117.092926,18736522,44.083357,121.448179,120.880621,118.796410,0.483671,1.109032,-0.625361
2021-11-30,143.350006,147.750000,141.100006,142.100006,115.467781,22980651,41.783915,120.595113,120.774362,119.086846,-0.007931,0.885639,-0.893571
2021-12-01,142.399994,143.649994,139.649994,142.250000,115.589661,14278744,42.028139,119.733823,120.716818,119.375830,-0.383277,0.631856,-1.015133
2021-12-02,140.500000,144.649994,140.399994,144.000000,117.011673,8561767,44.930896,119.300446,120.573999,119.707293,-0.559546,0.393576,-0.953122
2021-12-03,144.000000,146.850006,143.149994,145.899994,118.555557,10690334,47.976602,119.241758,120.512160,120.057505,-0.568114,0.201238,-0.769352
2021-12-06,145.800003,145.850006,142.750000,143.350006,116.483498,7749262,44.425338,118.939296,120.387100,120.264143,-0.733644,0.014261,-0.747906
2021-12-07,145.000000,146.250000,144.500000,145.899994,118.555557,10253663,48.528381,118.257629,120.358844,120.535225,-0.689681,-0.126527,-0.563154
2021-12-08,147.000000,150.350006,146.800003,148.399994,120.587021,12266948,52.250494,117.652707,120.320978,120.783143,-0.485322,-0.198286,-0.287036
2021-12-09,149.500000,149.899994,146.350006,147.350006,119.733818,7989291,50.595629,117.675277,120.177180,121.039684,-0.387743,-0.236178,-0.151566
2021-12-10,146.250000,148.000000,145.550003,147.550003,119.896339,10324085,50.914538,117.986767,120.001940,121.239488,-0.293909,-0.247724,-0.046186
2021-12-13,148.949997,150.500000,145.350006,145.949997,118.596191,13595587,48.232240,118.334368,119.921512,121.379995,-0.320759,-0.262331,-0.058428
2021-12-14,144.250000,147.449997,143.949997,146.899994,119.368156,12331999,49.919280,118.754201,119.834933,121.496459,-0.276558,-0.265176,-0.011382
2021-12-15,146.300003,147.699997,143.600006,143.949997,116.971039,10361033,45.013733,118.749686,119.516662,121.569761,-0.429999,-0.298141,-0.131858
2021-12-16,145.300003,146.250000,144.550003,145.350006,118.108650,12156709,47.643280,118.700030,119.276818,121.638481,-0.454567,-0.329426,-0.125141
2021-12-17,144.199997,145.100006,138.500000,139.399994,113.273788,17667617,39.087828,118.343396,118.797414,121.591657,-0.854322,-0.434405,-0.419916
2021-12-20,137.500000,137.649994,131.649994,134.000000,108.885857,17238729,33.251805,117.268984,118.224738,121.212185,-1.507819,-0.649088,-0.858731
2021-12-21,135.050003,136.850006,133.800003,136.050003,110.551651,8615570,37.091786,116.153943,117.818447,120.797002,-1.869750,-0.893220,-0.976530
2021-12-22,137.399994,137.949997,135.300003,136.800003,111.161079,4968143,38.486063,115.201417,117.435372,120.512080,-2.083392,-1.131255,-0.952137
2021-12-23,138.500000,141.000000,137.149994,140.500000,114.167633,6324169,44.966439,114.564894,116.934280,120.277659,-1.987194,-1.302443,-0.684751
2021-12-24,141.550003,141.600006,137.199997,138.500000,112.542473,5657495,42.368202,113.892259,116.291954,119.949144,-2.018821,-1.445718,-0.573103
2021-12-27,136.550003,138.050003,136.000000,137.350006,111.608009,4404298,40.904633,113.030020,115.914684,119.624585,-2.095138,-1.575602,-0.519536
2021-12-28,139.149994,140.500000,138.500000,139.500000,113.355064,8738089,44.747491,112.628245,115.736690,119.388828,-1.991688,-1.658820,-0.332869
2021-12-29,140.199997,140.850006,137.449997,138.899994,112.867508,6571286,43.889729,112.045896,115.612868,119.158107,-1.926834,-1.712422,-0.214411
2021-12-30,138.750000,141.199997,138.500000,140.500000,114.167633,11556524,46.817338,112.145212,115.545152,118.906016,-1.750350,-1.720008,-0.030342
2021-12-31,140.449997,142.949997,139.449997,142.399994,115.711555,6393760,50.144033,112.903623,115.483242,118.737976,-1.468970,-1.669800,0.200830
2022-01-03,142.350006,143.449997,141.199997,143.050003,116.239716,3765911,51.267060,113.535630,115.372964,118.637142,-1.189643,-1.573769,0.384126
2022-01-04,143.100006,148.600006,143.100006,147.800003,120.099472,16351836,58.605371,114.528785,115.545153,118.610454,-0.649339,-1.388883,0.739544
2022-01-05,148.500000,151.100006,147.399994,150.350006,122.171577,12977680,61.920506,115.418112,115.717344,118.592896,-0.053328,-1.121772,1.068444
2022-01-06,150.600006,151.399994,148.350006,150.800003,122.537209,9012777,62.491334,116.528638,115.810210,118.515671,0.443407,-0.808736,1.252143
2022-01-07,151.500000,157.500000,151.350006,157.050003,127.615852,30889365,69.361543,118.307287,116.185545,118.511905,1.232668,-0.400455,1.633123
2022-01-10,158.250000,159.399994,156.399994,158.350006,128.672195,16418985,70.569036,120.009191,116.603443,118.608750,1.921254,0.063886,1.857367
2022-01-11,158.800003,161.649994,157.600006,160.949997,130.784927,14457548,72.871866,122.000015,117.183859,118.865333,2.607387,0.572586,2.034800
2022-01-12,162.699997,165.699997,161.399994,164.949997,134.035217,21220614,75.985028,124.207525,117.882291,119.203316,3.374524,1.132974,2.241550
2022-01-13,164.949997,165.500000,163.050003,163.949997,133.222672,7445346,73.707804,126.153204,118.656178,119.462370,3.872282,1.680836,2.191447
2022-01-14,162.949997,163.300003,160.199997,161.050003,130.866180,11646259,67.399175,127.778367,119.263680,119.678292,4.030153,2.150699,1.879454
2022-01-17,162.500000,168.199997,162.300003,165.850006,134.766586,32577835,71.714505,129.408046,120.287146,119.985289,4.419057,2.604371,1.814687
2022-01-18,168.300003,168.399994,163.399994,163.850006,133.141388,11175409,67.693683,130.626914,121.442171,120.259651,4.543749,2.992247,1.551503
2022-01-19,165.300003,171.000000,164.899994,170.250000,138.341919,36648534,72.924912,132.382993,122.765517,120.592194,5.004519,3.394701,1.609818
2022-01-20,170.899994,170.899994,166.500000,166.850006,135.579147,14474454,66.741943,133.267804,123.928283,120.843676,5.088097,3.733380,1.354717
2022-01-21,165.300003,166.399994,162.300003,163.649994,132.978897,8625926,61.460282,133.746326,124.824057,121.028039,4.888167,3.964338,0.923830
2022-01-24,165.199997,168.300003,163.750000,165.699997,134.644669,28783449,63.455449,134.175186,125.876543,121.309598,4.808703,4.133211,0.675493
2022-01-25,163.000000,166.699997,163.000000,165.149994,134.197754,14249846,62.520290,134.193246,126.952245,121.564724,4.655994,4.237767,0.418227
2022-01-27,165.100006,168.750000,164.500000,165.699997,134.644669,25936832,63.105833,134.351245,127.966035,121.780213,4.518942,4.294002,0.224939
2022-01-28,167.550003,174.699997,166.250000,168.800003,137.163681,32790065,66.301515,135.050968,129.122996,122.055082,4.561013,4.347404,0.213609
2022-01-31,171.600006,174.850006,169.550003,172.600006,140.251526,24031034,69.759369,135.660405,130.365086,122.386655,4.788322,4.435588,0.352734
2022-02-01,174.000000,174.899994,168.500000,170.949997,138.910721,14220953,66.565337,136.301442,131.469808,122.739570,4.804886,4.509448,0.295438
2022-02-02,170.550003,174.050003,170.500000,171.300003,139.195129,12478192,66.911417,136.396244,132.562923,123.133911,4.785795,4.564717,0.221078
2022-02-03,170.000000,171.250000,166.000000,167.500000,136.107315,12529302,59.687746,136.454929,133.325201,123.465316,4.469977,4.545769,-0.075792
2022-02-04,170.000000,172.699997,169.050003,169.600006,137.813751,17434362,62.121486,136.992135,134.070067,123.722633,4.307728,4.498161,-0.190433
2022-02-07,170.699997,173.300003,169.199997,172.100006,139.845200,11723574,64.842644,137.569972,134.894257,123.993494,4.293571,4.457243,-0.163672
2022-02-08,172.000000,173.000000,166.500000,166.949997,135.660400,13231599,55.929069,137.732488,135.277331,124.309763,3.899720,4.345738,-0.446018
2022-02-09,167.899994,169.600006,163.100006,163.949997,133.222672,17938632,51.488893,137.574488,135.494020,124.626032,3.352243,4.147039,-0.794796
2022-02-10,165.850006,170.399994,165.149994,169.100006,137.407455,26763203,57.697585,137.601574,135.809378,125.056222,3.218935,3.961419,-0.742483
2022-02-11,167.949997,170.500000,167.100006,168.149994,136.635529,12884995,56.267042,137.199797,135.933203,125.468886,3.016230,3.772381,-0.756150
2022-02-14,168.899994,176.350006,165.199997,166.199997,135.050964,44604164,53.343285,136.770935,136.020264,125.822597,2.696639,3.557233,-0.860593
2022-02-15,170.000000,170.000000,156.399994,164.149994,133.385178,31146458,50.379573,136.125385,136.140217,126.113374,2.282633,3.302313,-1.019680
2022-02-16,164.500000,168.899994,164.500000,168.550003,136.960541,15960268,56.026736,136.220188,136.244691,126.514885,2.217470,3.085344,-0.867874
2022-02-17,168.550003,172.399994,168.500000,171.750000,139.560791,24640791,59.625525,136.414303,136.550377,126.926752,2.348574,2.937990,-0.589416
2022-02-18,171.199997,171.750000,166.699997,167.899994,136.432343,11829998,53.909055,136.035097,136.459444,127.237445,2.174963,2.785385,-0.610421
2022-02-21,167.399994,167.550003,163.050003,163.399994,134.174210,14222260,50.170135,135.869965,136.392543,127.520590,1.834022,2.595112,-0.761090
2022-02-22,166.500000,166.500000,163.250000,164.949997,135.446991,29399172,52.183183,136.117111,136.510071,127.825505,1.647534,2.405597,-0.758062
2022-02-23,166.250000,166.399994,159.649994,160.750000,131.998215,21301826,46.680258,135.516084,136.384049,128.088289,1.207534,2.165984,-0.958450
2022-02-24,160.750000,162.399994,156.000000,156.649994,128.631500,28766189,42.021594,134.626748,136.118989,128.269923,0.580474,1.848882,-1.268408
2022-02-25,159.399994,160.399994,156.800003,159.500000,130.971786,20225258,46.052018,134.173506,135.944090,128.544448,0.269262,1.532958,-1.263696
2022-02-28,160.500000,161.850006,155.800003,160.649994,131.916122,20210070,47.633910,134.010278,135.694207,128.815183,0.097698,1.245906,-1.148208
2022-03-02,165.649994,168.350006,161.899994,162.949997,133.804733,41103406,50.744596,133.659632,135.387216,129.217750,0.112827,1.019290,-0.906463
2022-03-03,168.300003,171.800003,162.899994,170.300003,139.840088,42345653,59.104905,133.690665,135.431472,129.824696,0.604847,0.936402,-0.331555
2022-03-04,170.100006,171.000000,163.850006,165.250000,135.693344,32658756,52.510121,133.608554,135.264720,130.317670,0.652646,0.879650,-0.227005
2022-03-07,167.100006,189.800003,167.100006,186.949997,153.512054,132538155,68.681123,135.757204,136.093517,131.148082,2.104093,1.124539,0.979554
2022-03-08,190.000000,194.949997,177.800003,179.100006,147.066132,73127816,60.637190,137.048219,136.534107,131.793150,2.703083,1.440248,1.262836
2022-03-09,183.000000,183.800003,173.850006,175.399994,144.027893,51977091,57.234589,138.384850,136.733283,132.410511,2.899207,1.732040,1.167167
2022-03-10,168.250000,176.899994,165.000000,174.350006,143.165695,62112814,56.269614,139.999761,137.090678,133.029290,2.951047,1.975841,0.975206
2022-03-11,172.500000,176.399994,171.699997,175.699997,144.274246,26187452,57.267204,141.477812,137.616943,133.635548,3.046463,2.189965,0.856497
2022-03-14,174.000000,175.500000,170.600006,171.800003,141.071793,20214021,53.472231,142.495109,137.791436,134.188573,2.831035,2.318179,0.512856
2022-03-15,168.300003,169.500000,161.649994,163.750000,134.461639,42333127,46.606833,142.568098,137.687917,134.586495,2.102685,2.275080,-0.172396
2022-03-16,166.000000,167.850006,161.850006,167.300003,137.376678,25545119,49.675398,142.294386,137.798665,135.011301,1.740616,2.168188,-0.427571
2022-03-17,166.600006,171.500000,164.600006,170.300003,139.840088,66314748,52.176699,142.755135,138.106042,135.474054,1.633620,2.061274,-0.427654
2022-03-21,171.699997,175.000000,170.300003,172.550003,141.687668,20614652,54.022490,141.441315,138.331143,135.897352,1.678559,1.984731,-0.306172
2022-03-22,176.199997,181.250000,173.800003,175.449997,144.068954,39742745,56.360344,141.108295,138.545818,136.326712,1.884599,1.964705,-0.080106
2022-03-23,176.500000,177.699997,174.850006,175.600006,144.192123,10994784,56.483597,141.126543,138.915331,136.751318,2.034375,1.978639,0.055736
2022-03-24,178.899994,180.399994,176.500000,177.449997,145.711227,20332589,58.057029,141.409380,139.464713,137.106129,2.249719,2.032855,0.216864
2022-03-25,178.500000,179.250000,175.100006,175.800003,144.356369,13608989,56.108466,141.418505,139.888969,137.413662,2.284718,2.083227,0.201491
2022-03-28,175.500000,177.899994,174.649994,176.350006,144.807983,15253027,56.630980,141.833637,140.498958,137.688624,2.322129,2.131008,0.191121
2022-03-29,174.949997,175.199997,170.550003,171.000000,140.414871,14210783,50.351565,142.495107,141.060071,137.813715,1.974529,2.099712,-0.125183
2022-03-30,163.000000,164.850006,161.149994,162.000000,133.024612,95239532,41.928882,142.011544,141.157825,137.809832,1.090154,1.897800,-0.807646
2022-03-31,161.850006,165.250000,161.149994,163.899994,134.584778,33523683,44.056448,141.427621,141.284903,137.882745,0.509302,1.620101,-1.110799
2022-04-01,163.899994,168.250000,163.550003,167.949997,137.910416,28335224,48.396466,141.007926,141.480412,137.944389,0.313708,1.358822,-1.045114
2022-04-04,166.949997,169.050003,165.350006,168.050003,137.992523,17745513,48.502689,140.332767,141.392433,138.039509,0.163439,1.119746,-0.956306
2022-04-05,170.250000,172.750000,169.300003,171.850006,141.112854,20054934,52.503968,139.990626,141.650505,138.093842,0.292760,0.954349,-0.661588
2022-04-06,170.600006,173.500000,170.300003,172.800003,141.892929,12969222,53.477166,139.566371,141.097213,138.217641,0.452972,0.854073,-0.401101
2022-04-07,170.600006,173.800003,168.199997,168.850006,138.649429,24550313,48.982980,138.932266,140.696418,138.328828,0.314591,0.746177,-0.431586
2022-04-08,169.000000,171.300003,168.699997,170.899994,140.332779,9529874,51.271782,138.435021,140.520460,138.440360,0.336873,0.664316,-0.327443
2022-04-11,171.000000,172.750000,169.550003,171.199997,140.579117,9724979,51.613884,138.453271,140.397289,138.565484,0.370141,0.605481,-0.235340
2022-04-12,171.000000,172.199997,168.199997,168.899994,138.690506,13184429,48.785972,139.082815,140.131397,138.644815,0.241330,0.532651,-0.291321
2022-04-13,171.399994,174.850006,170.699997,174.250000,143.083603,23458303,54.966782,140.027128,140.227198,138.760891,0.488106,0.523742,-0.035636
2022-04-18,176.000000,179.000000,175.100006,175.800003,144.356369,23916912,56.600958,140.743345,140.698375,138.841379,0.777417,0.574477,0.202940
2022-04-19,177.300003,179.800003,176.000000,177.149994,145.464874,17880666,58.029472,141.573607,141.083527,138.969891,1.083654,0.676312,0.407342
2022-04-20,176.899994,177.350006,174.800003,175.500000,144.110031,10076403,55.619738,141.906626,141.286858,139.066262,1.203155,0.781681,0.421474
2022-04-21,175.699997,176.699997,173.899994,174.149994,143.001465,12246720,53.656381,142.029797,141.349420,139.201441,1.194638,0.864272,0.330365
2022-04-22,174.149994,176.300003,173.699997,174.000000,142.878281,10267952,53.430678,142.499669,141.292721,139.300746,1.164524,0.924323,0.240201
2022-04-25,171.000000,173.000000,168.300003,169.649994,139.306335,12583497,47.227086,142.385620,141.060064,139.290180,0.842718,0.908002,-0.065284
2022-04-26,171.100006,171.699997,165.699997,166.949997,137.089264,20086229,43.825809,141.997859,140.649495,139.318197,0.404126,0.807227,-0.403100
2022-04-27,167.949997,168.899994,163.350006,164.850006,135.364868,13981957,41.332455,141.628343,140.221328,139.360201,-0.081663,0.629449,-0.711112
2022-04-28,166.000000,166.000000,162.449997,164.800003,135.323822,13030499,41.272264,140.766145,139.769701,139.319345,-0.464611,0.410637,-0.875248
2022-04-29,166.500000,167.449997,159.500000,160.449997,131.751846,15964743,36.315943,139.365643,139.357176,139.223587,-1.044291,0.119651,-1.163942
2022-05-02,158.149994,159.250000,155.899994,156.350006,128.385223,23405519,32.370294,137.467904,139.136253,139.092886,-1.755118,-0.255303,-1.499815
2022-05-04,159.000000,162.800003,157.949997,162.250000,133.229935,23661920,42.116469,136.259004,139.071737,139.089842,-1.905560,-0.585354,-1.320206
2022-05-05,164.199997,168.399994,163.399994,164.850006,135.364868,26878516,45.821764,135.410494,138.950520,139.058554,-1.831403,-0.834564,-0.996839
2022-05-06,163.899994,167.399994,161.100006,166.949997,137.089264,16768573,48.679336,134.767270,138.907508,139.010093,-1.614874,-0.990626,-0.624248
2022-05-09,165.250000,167.300003,162.750000,164.750000,135.282761,9952775,45.945325,134.320206,138.629884,138.987552,-1.570934,-1.106688,-0.464246
2022-05-10,160.449997,161.649994,152.899994,154.449997,126.825012,22602956,35.805946,133.179733,137.912364,138.843450,-2.193298,-1.324010,-0.869288
2022-05-11,154.000000,160.000000,153.750000,158.600006,130.232758,15084514,41.415753,132.609499,137.511571,138.741210,-2.384067,-1.536021,-0.848046
2022-05-12,159.000000,161.000000,154.000000,156.500000,128.508362,21459069,39.533107,131.852225,136.948503,138.672782,-2.643920,-1.757601,-0.886319
2022-05-13,160.000000,160.300003,152.949997,153.550003,126.086037,12934346,36.989436,131.222691,136.258356,138.622871,-3.010612,-2.008203,-1.002409
2022-05-16,154.199997,156.250000,151.800003,153.500000,126.044952,13205775,36.946016,130.962661,135.656187,138.526266,-3.266875,-2.259938,-1.006938
2022-05-17,156.000000,163.699997,155.550003,163.149994,133.968948,17843200,49.306222,131.044774,135.222156,138.566518,-2.798308,-2.367612,-0.430696
2022-05-18,162.000000,164.500000,160.199997,163.199997,134.009979,12616832,49.361575,130.894230,134.729471,138.570542,-2.396034,-2.373296,-0.022738
2022-05-19,158.550003,162.050003,157.800003,160.000000,131.382355,8932407,45.904696,130.260129,134.058875,138.404704,-2.263168,-2.351271,0.088102
2022-05-20,161.649994,163.800003,160.100006,161.899994,132.942490,7235654,48.223231,130.000099,133.527087,138.350766,-2.008825,-2.282781,0.273957
2022-05-23,161.750000,164.199997,154.649994,155.100006,127.358749,18029557,41.386337,130.059403,132.782196,137.837956,-2.232087,-2.272643,0.040556
2022-05-24,157.399994,157.750000,150.149994,150.649994,123.704681,19141394,37.626787,129.334062,131.869167,137.379888,-2.673063,-2.352727,-0.320336
2022-05-25,152.899994,153.250000,147.600006,152.600006,125.305908,19366472,40.190730,128.978233,131.202480,137.012791,-2.860362,-2.454254,-0.406108
2022-05-26,152.800003,153.300003,148.100006,151.899994,124.731117,12824105,39.562048,128.827687,130.613997,136.651328,-3.020361,-2.567475,-0.452886
2022-05-27,155.000000,155.500000,141.100006,143.800003,118.079872,52469252,33.108209,127.942678,129.790902,136.137713,-3.641880,-2.782356,-0.859524
2022-05-30,145.649994,147.300003,141.149994,144.050003,118.285187,40261336,33.469008,126.200038,128.979538,135.690917,-4.070944,-3.040074,-1.030871
2022-05-31,145.399994,153.000000,145.399994,151.250000,124.197388,57675204,43.002687,125.109750,128.619802,135.489657,-3.889085,-3.209876,-0.679209
2022-06-01,151.199997,152.899994,148.750000,149.750000,122.965683,22780094,41.663222,124.174564,128.361729,135.207089,-3.800537,-3.328008,-0.472529
2022-06-02,147.800003,152.899994,146.000000,152.449997,125.182724,25429955,44.984987,123.312368,127.978528,134.919689,-3.510994,-3.364605,-0.146389
2022-06-03,153.949997,154.199997,151.149994,151.600006,124.484764,16747177,44.133003,122.993036,127.460428,134.582377,-3.299810,-3.351646,0.051836
2022-06-06,153.100006,156.000000,152.800003,153.949997,126.414444,30327268,47.115186,123.294121,126.952103,134.236211,-2.942813,-3.269880,0.327066
2022-06-07,154.800003,162.949997,154.199997,161.850006,132.901474,61411715,55.680100,124.138073,126.838709,134.014825,-2.112095,-3.038323,0.926228
2022-06-08,163.500000,166.399994,162.100006,163.399994,134.174210,45994327,57.146509,125.187305,127.188671,133.788609,-1.335649,-2.697788,1.362139
2022-06-09,166.000000,167.350006,164.500000,165.550003,135.939667,31122996,59.164849,127.171727,127.460428,133.623576,-0.571267,-2.272484,1.701217
2022-06-10,164.000000,166.649994,163.350006,164.649994,135.200638,17812698,57.934761,129.051221,127.779108,133.435197,-0.024836,-1.822954,1.798118
2022-06-13,162.000000,163.949997,158.449997,159.550003,131.012817,12237777,51.411776,129.808491,128.013717,133.250843,0.069492,-1.444465,1.513957
2022-06-14,159.550003,160.550003,155.300003,155.949997,128.056732,12844437,47.358393,130.374163,128.109516,133.153433,-0.093210,-1.174214,1.081004
2022-06-15,156.949997,157.250000,150.800003,151.399994,124.320557,16223385,42.768771,130.278367,127.650068,132.952174,-0.517663,-1.042904,0.525241
2022-06-16,149.149994,151.550003,142.600006,143.550003,117.874611,25130676,36.242793,129.543905,126.881718,132.559315,-1.358519,-1.106027,-0.252492
2022-06-17,142.449997,145.149994,140.649994,141.449997,116.150208,22922034,34.716655,128.403435,126.156377,132.131034,-2.139387,-1.312699,-0.826688
2022-06-20,138.600006,138.899994,130.000000,134.399994,110.361176,28656582,30.129755,125.898957,125.081076,131.528060,-3.188601,-1.687879,-1.500721
2022-06-21,136.100006,140.199997,135.000000,139.100006,114.220543,20581784,36.183311,123.681883,124.455448,130.985464,-3.666427,-2.083589,-1.582838
2022-06-22,136.949997,136.949997,131.000000,134.850006,110.730698,31824106,33.368019,120.880887,123.837639,130.438038,-4.277402,-2.522352,-1.755051
2022-06-23,134.000000,136.399994,132.199997,134.800003,110.689629,26829020,33.335148,118.157441,123.141626,129.856800,-4.710617,-2.960005,-1.750612
2022-06-24,137.000000,141.000000,135.199997,137.350006,112.783562,25461812,36.755986,116.131968,122.572694,129.311789,-4.829311,-3.333866,-1.495445
2022-06-27,140.000000,142.600006,137.250000,141.500000,116.191231,24188349,41.974357,114.813579,122.482759,128.870627,-4.595433,-3.586179,-1.009254
2022-06-28,142.800003,151.750000,142.149994,149.350006,122.637222,54387675,50.324184,114.626542,122.689999,128.469717,-3.845615,-3.638067,-0.207549
2022-06-29,149.350006,157.399994,146.199997,154.149994,126.578682,165860322,54.623872,115.593661,122.803394,128.121135,-2.899908,-3.490435,0.590527
2022-06-30,153.000000,154.449997,149.250000,151.550003,124.443733,38725546,51.998460,116.515164,122.873777,127.708956,-2.296232,-3.251594,0.955363
2022-07-01,148.949997,151.149994,130.000000,131.050003,107.610359,125788305,36.927687,116.209518,122.036998,126.993276,-3.139931,-3.229262,0.089331
2022-07-04,129.949997,129.949997,124.099998,126.000000,103.463600,85993413,34.291062,115.014302,121.035990,126.218024,-4.095962,-3.402602,-0.693360
2022-07-05,127.000000,128.600006,126.000000,127.400002,104.613197,44595740,35.662518,114.334579,119.997835,125.467728,-4.706606,-3.663403,-1.043203
2022-07-06,123.000000,123.500000,119.849998,120.949997,99.316856,59092334,32.316023,113.070938,118.398568,124.683621,-5.553894,-4.041501,-1.512393
2022-07-07,121.250000,124.150002,121.250000,123.500000,101.410751,36229792,34.916268,111.807293,116.838403,123.984042,-5.987397,-4.430680,-1.556717
2022-07-08,126.349998,126.349998,121.000000,121.500000,99.768478,42778692,33.818874,109.982542,115.115966,123.286074,-6.389811,-4.822506,-1.567305
2022-07-11,121.500000,125.900002,121.050003,125.500000,103.053032,31521678,38.014897,107.806521,113.585127,122.653313,-6.370259,-5.132057,-1.238202
2022-07-12,124.900002,126.750000,123.500000,124.099998,101.903427,25216226,37.127623,105.064826,112.198966,122.068050,-6.374051,-5.380456,-0.993596
2022-07-13,122.449997,124.900002,121.400002,124.449997,102.190826,27166975,37.520236,102.592281,110.967256,121.554434,-6.281457,-5.560656,-0.720801
2022-07-14,124.400002,132.600006,123.800003,127.150002,104.407921,38464081,40.601737,102.236454,110.019035,120.989297,-5.960466,-5.640618,-0.319848
2022-07-15,127.599998,128.399994,124.599998,126.550003,103.915230,18088858,40.128099,102.286636,109.354303,120.372637,-5.680355,-5.648566,-0.031789
2022-07-18,127.050003,130.699997,126.949997,129.899994,106.666031,21010247,44.052318,102.514728,108.902675,119.776103,-5.176724,-5.554197,0.377473
2022-07-19,130.500000,133.199997,124.449997,127.900002,105.023766,33778758,42.270999,103.148829,108.648513,119.182790,-4.854154,-5.414189,0.560034
2022-07-20,135.000000,136.600006,132.199997,132.550003,108.842072,60317150,47.578547,103.974531,108.392395,118.830183,-4.241517,-5.179654,0.938138
2022-07-21,133.000000,133.500000,131.800003,133.100006,109.293694,20853780,48.185342,105.032889,108.323967,118.419613,-3.677167,-4.879157,1.201990
2022-07-22,133.800003,133.800003,131.550003,132.449997,108.759949,11630255,47.485759,105.666990,108.232077,118.032389,-3.235685,-4.550462,1.314777
2022-07-25,132.000000,132.449997,128.399994,129.800003,106.583939,21705935,44.640233,106.187047,107.936857,117.649995,-3.026506,-4.245671,1.219165
2022-07-26,130.850006,131.600006,127.750000,128.199997,105.270111,22172845,42.966110,106.529190,107.416804,117.242645,-2.932935,-3.983124,1.050188
2022-07-27,129.100006,130.199997,127.800003,128.600006,105.598564,20187969,43.536209,106.661484,106.605439,116.686363,-2.800000,-3.746499,0.946499
2022-07-28,130.399994,130.500000,128.250000,130.250000,106.953445,25736737,45.936873,106.999063,105.670904,116.155843,-2.555858,-3.508371,0.952513
2022-07-29,130.449997,134.500000,129.899994,134.149994,110.155876,19738642,51.216437,107.386824,104.990530,115.739638,-2.079988,-3.222694,1.142707
2022-08-01,134.100006,139.000000,133.199997,138.399994,113.645721,20592826,56.232466,108.344819,105.277928,115.361270,-1.405059,-2.859167,1.454108
2022-08-02,136.699997,137.050003,134.600006,136.699997,112.249794,15037928,53.847441,108.723455,105.696318,115.065016,-0.971613,-2.481656,1.510044
2022-08-03,136.000000,138.449997,133.800003,135.649994,111.387604,15853543,52.369989,108.956111,106.018909,114.823504,-0.689724,-2.123270,1.433546
2022-08-04,134.350006,137.149994,134.000000,136.250000,111.880280,14311959,53.160850,109.302815,106.617167,114.560257,-0.421709,-1.782958,1.361248
2022-08-05,135.100006,138.500000,133.600006,136.500000,112.085571,66480753,53.507267,109.914107,107.125492,114.312305,-0.190544,-1.464475,1.273931
2022-08-08,136.300003,137.500000,135.050003,136.500000,112.085571,12451233,53.507267,110.671381,107.712020,114.194769,-0.007260,-1.173032,1.165772
2022-08-10,136.399994,136.750000,133.449997,133.800003,109.868500,15829467,48.970921,111.145818,108.036566,114.029736,-0.040439,-0.946513,0.906074
2022-08-11,134.500000,136.000000,132.050003,132.800003,109.047356,19479706,47.369104,111.378475,108.376753,113.732677,-0.131478,-0.783506,0.652029
2022-08-12,133.899994,139.699997,133.500000,139.199997,114.302650,40876891,57.051540,111.839227,108.953507,113.562814,0.217920,-0.583221,0.801141
2022-08-16,139.500000,141.899994,136.100006,139.949997,114.918510,31230003,58.026066,111.980648,109.454011,113.361554,0.538310,-0.358915,0.897224
2022-08-17,139.949997,140.800003,138.699997,139.649994,114.672157,15694770,57.464365,112.249800,109.966246,113.169150,0.763540,-0.134424,0.897964
2022-08-18,138.250000,138.300003,134.699997,135.550003,113.957550,42597708,55.777671,112.535350,110.313461,112.924898,0.874296,0.067320,0.806976
2022-08-19,137.500000,138.500000,134.050003,134.600006,113.158890,35382493,53.874405,112.677417,110.700848,112.537788,0.887396,0.231335,0.656061
2022-08-22,134.500000,134.500000,129.800003,131.899994,110.888977,31231393,48.779797,112.544462,110.798319,112.081215,0.706472,0.326363,0.380109
2022-08-23,131.899994,134.199997,130.100006,133.750000,112.444275,24268146,52.120710,112.584318,110.948347,111.620521,0.680740,0.397238,0.283502
2022-08-24,134.699997,137.399994,134.500000,136.000000,114.335869,22730039,55.889203,113.080693,111.213867,111.211408,0.803718,0.478534,0.325184
2022-08-25,137.000000,138.149994,136.149994,136.550003,114.798256,14620592,56.784611,113.719682,111.605025,110.893475,0.927795,0.568386,0.359409
2022-08-26,136.500000,138.250000,136.100006,136.649994,114.882332,12105053,56.955708,113.784091,112.062750,110.635154,1.021141,0.658937,0.362203
2022-08-29,134.199997,136.600006,133.750000,135.899994,114.251808,9198908,55.190946,113.710013,112.474809,110.437727,1.032339,0.733618,0.298721
2022-08-30,137.899994,139.850006,137.550003,138.600006,116.521698,21720398,59.996416,113.915517,112.930440,110.411200,1.210422,0.828978,0.381444
2022-09-01,135.000000,136.250000,134.149994,134.699997,113.242966,20349294,51.418609,113.836119,113.077445,110.354195,1.074601,0.878103,0.196498
2022-09-02,134.699997,135.750000,132.300003,132.750000,111.603584,17495310,47.743078,113.663307,112.980200,110.378556,0.825165,0.867515,-0.042351
2022-09-05,132.899994,133.899994,132.649994,133.399994,112.150047,14865879,49.050469,113.803426,112.975450,110.337958,0.663927,0.826798,-0.162871
2022-09-06,134.100006,134.149994,131.699997,132.100006,111.057137,10870488,46.542512,113.649300,112.959714,110.344359,0.442851,0.750008,-0.307158
2022-09-07,131.000000,132.949997,130.050003,132.500000,111.393410,12042788,47.433110,113.322360,112.936529,110.358158,0.291421,0.658291,-0.366869
2022-09-08,131.649994,134.149994,131.500000,131.850006,110.846947,14629497,46.089335,112.883325,112.877547,110.320185,0.125867,0.551806,-0.425939
2022-09-09,132.500000,134.199997,131.949997,134.000000,112.654457,12327341,51.030974,112.635784,112.904637,110.250837,0.138913,0.469227,-0.330314
2022-09-12,135.000000,135.399994,133.600006,134.000000,112.654457,13500202,51.030974,112.458300,113.037302,110.055096,0.147552,0.404892,-0.257341
2022-09-13,134.199997,135.149994,133.500000,133.899994,112.570374,10846178,50.779851,112.019264,113.205064,109.780424,0.145931,0.353100,-0.207169
2022-09-14,132.449997,134.100006,132.000000,133.199997,111.981903,8597956,48.963804,111.879146,113.094553,109.536074,0.096054,0.301691,-0.205637
2022-09-15,133.600006,134.399994,132.000000,132.600006,111.477486,10810473,47.399018,111.865135,112.930694,109.611900,0.015644,0.244481,-0.228837
2022-09-16,131.100006,132.000000,130.000000,131.250000,110.342522,20909579,43.992322,111.664299,112.724521,109.746781,-0.138072,0.167971,-0.306043
2022-09-19,132.100006,134.350006,129.699997,130.550003,109.754036,19411428,42.294897,111.519510,112.524354,109.847582,-0.303876,0.073601,-0.377478
2022-09-20,131.399994,133.600006,131.300003,133.199997,111.981903,13080582,50.138523,111.584898,112.468307,110.095916,-0.252595,0.008362,-0.260957
2022-09-21,132.199997,133.199997,130.050003,130.899994,110.048279,11156865,44.486564,111.496157,112.428274,110.265279,-0.363788,-0.066068,-0.297720
2022-09-22,130.399994,130.850006,128.100006,128.649994,108.156685,11366882,39.764192,110.996405,112.224103,110.429754,-0.597656,-0.172386,-0.425270
2022-09-23,128.250000,129.100006,127.500000,128.600006,108.114662,10407849,39.663462,110.491983,111.927855,110.529001,-0.777427,-0.293394,-0.484033
2022-09-26,127.300003,128.800003,122.650002,123.449997,103.785019,12848954,30.961060,109.515833,111.403415,110.565895,-1.254799,-0.485675,-0.769124
2022-09-27,124.349998,127.900002,123.849998,124.449997,104.625725,14465123,33.989628,108.698480,110.915005,110.613638,-1.547443,-0.698028,-0.849414
2022-09-28,123.949997,123.949997,121.500000,122.550003,103.028389,15267018,31.190029,107.759691,110.380556,110.586589,-1.886511,-0.935725,-0.950786
2022-09-29,123.500000,128.199997,123.500000,126.650002,106.475288,20597761,42.244967,107.329998,109.902156,110.636786,-1.855697,-1.119719,-0.735978
2022-09-30,125.500000,132.399994,125.500000,126.800003,106.601395,33530494,42.608252,106.979705,109.585891,110.635519,-1.800348,-1.255845,-0.544503
2022-10-03,131.699997,135.000000,130.600006,132.399994,111.309349,50966493,54.192634,106.904977,109.571879,110.758765,-1.360904,-1.276857,-0.084047
2022-10-04,134.899994,135.000000,131.800003,133.899994,112.570374,14137567,56.712963,107.185209,109.591895,110.831869,-0.900506,-1.201587,0.301081
2022-10-06,136.500000,136.550003,132.399994,132.649994,111.519508,14570735,54.044381,107.558857,109.613913,110.875513,-0.613363,-1.083942,0.470579
2022-10-07,132.050003,134.250000,131.199997,134.050003,112.696510,13532236,56.512562,108.067951,109.675965,110.952700,-0.287512,-0.924656,0.637144
2022-10-10,133.000000,134.000000,132.199997,133.250000,112.023933,10183057,54.704510,108.983386,109.732012,111.059367,-0.082591,-0.756243,0.673652
2022-10-11,133.250000,133.500000,130.250000,131.100006,110.216423,13176461,50.068405,109.604574,109.615915,111.156353,-0.065289,-0.618052,0.552763
2022-10-12,131.100006,132.000000,129.100006,131.350006,110.426590,9401804,50.592716,110.426597,109.509826,111.251021,-0.034224,-0.501287,0.467063
2022-10-13,131.199997,131.850006,127.650002,129.850006,109.165535,13320136,47.377984,110.725513,109.347691,111.294395,-0.110091,-0.423048,0.312956
2022-10-14,132.000000,132.800003,127.050003,127.599998,107.273949,13205955,42.967615,110.800241,109.123503,111.237886,-0.319173,-0.402273,0.083099
2022-10-17,127.000000,128.199997,126.000000,127.800003,107.442085,9320940,43.471334,110.370545,108.931341,111.116247,-0.465934,-0.415005,-0.050929
2022-10-18,128.449997,129.100006,127.599998,128.699997,108.198723,6490293,45.791628,109.884806,108.829255,111.036814,-0.515249,-0.435054,-0.080195
2022-10-19,128.699997,128.699997,127.400002,127.800003,107.442085,7381712,43.853155,109.431759,108.719162,110.959451,-0.608373,-0.469718,-0.138655
2022-10-20,127.000000,131.000000,125.800003,129.600006,108.955368,18748363,48.544747,109.016077,108.575042,110.902099,-0.553683,-0.486511,-0.067172
2022-10-21,129.350006,133.399994,128.750000,131.550003,110.594742,11945173,53.115299,108.857278,108.601064,110.872868,-0.373748,-0.463958,0.090210
2022-10-24,133.000000,134.000000,132.399994,132.800003,111.645622,2154912,55.824143,109.016078,108.767204,110.864241,-0.144683,-0.400103,0.255420
2022-10-25,132.449997,132.899994,129.850006,130.750000,109.922180,10232002,50.655166,108.960032,108.853276,110.865294,-0.101051,-0.340293,0.239242
2022-10-27,130.750000,132.199997,130.300003,131.800003,110.804909,13865026,53.052929,109.142185,109.187556,110.899755,0.004703,-0.271293,0.275997
2022-10-28,132.100006,135.600006,131.800003,133.699997,112.402252,22918037,57.113959,109.711996,109.557867,110.862493,0.214929,-0.174049,0.388978
2022-10-31,134.399994,135.199997,132.800003,134.050003,112.696510,8753855,57.837510,110.295821,110.018254,110.818924,0.400660,-0.059107,0.459767
2022-11-01,134.100006,135.699997,134.100006,135.149994,113.621269,11630848,60.114954,110.898326,110.358539,110.798318,0.615379,0.075790,0.539589
2022-11-02,135.850006,139.199997,135.350006,136.449997,114.714180,21117499,62.680602,111.706337,110.744862,110.813154,0.863778,0.233388,0.630390
2022-11-03,136.399994,136.699997,135.250000,136.399994,114.672150,7561534,62.514058,112.341535,110.904995,110.842826,1.045195,0.395749,0.649446
2022-11-04,136.399994,138.399994,136.050003,137.850006,115.891174,7498344,65.386640,112.930027,111.063129,110.940908,1.272665,0.571132,0.701533
2022-11-07,138.550003,139.000000,136.750000,138.550003,116.479668,9987481,66.712797,113.467144,111.299327,111.020034,1.483324,0.753571,0.729753
2022-11-09,138.949997,139.000000,137.000000,138.649994,116.563736,12033732,66.907849,114.205094,111.483480,111.063717,1.638172,0.930491,0.707681
2022-11-10,137.500000,140.850006,137.399994,139.850006,117.572594,15908521,69.237437,114.957059,111.747702,111.118116,1.821302,1.108653,0.712649
2022-11-11,140.600006,141.300003,139.199997,140.449997,118.077011,18492513,70.360913,115.587588,112.122016,111.180757,1.984263,1.283775,0.700488
2022-11-14,140.600006,141.000000,138.600006,139.250000,117.068153,12743505,65.229797,116.073326,112.438281,111.235979,2.008848,1.428790,0.580058
2022-11-15,140.000000,143.350006,140.000000,142.350006,119.674355,24636519,71.094248,116.745891,112.938701,111.297796,2.213118,1.585655,0.627463
2022-11-16,142.800003,143.300003,141.199997,142.899994,120.136726,11460200,71.996646,117.348396,113.551214,111.432968,2.384823,1.745489,0.639334
2022-11-17,141.949997,143.800003,141.699997,143.199997,120.388954,13368536,72.500979,117.983597,114.167732,111.605230,2.512293,1.898850,0.613443
2022-11-18,143.149994,143.250000,140.199997,141.750000,119.169937,19958908,66.287425,118.347904,114.690170,111.742875,2.486288,2.016337,0.469951
2022-11-21,136.000000,136.350006,134.399994,135.449997,119.567154,16348881,67.271713,118.690958,115.267555,111.909738,2.469268,2.106923,0.362344
2022-11-22,134.949997,135.899994,132.899994,135.199997,119.346474,11198874,66.116765,119.000151,115.762369,112.065681,2.410189,2.167576,0.242612
2022-11-23,135.550003,136.649994,134.550003,136.500000,120.494041,9010911,69.088746,119.324756,116.233764,112.254839,2.427979,2.219657,0.208322
2022-11-24,136.500000,140.000000,135.500000,139.449997,123.098122,11803087,74.545003,119.882657,116.779121,112.459617,2.621981,2.300122,0.321859
2022-11-25,139.000000,141.300003,137.750000,140.550003,124.069138,9789098,76.229873,120.660545,117.452786,112.683434,2.821556,2.404409,0.417148
2022-11-28,139.500000,141.199997,139.050003,139.600006,123.230537,8925344,71.809216,121.055676,118.044483,112.892457,2.878868,2.499300,0.379567
2022-11-29,140.050003,141.100006,139.500000,140.250000,123.804321,13558920,72.964463,121.463186,118.587438,113.124269,2.936734,2.586787,0.349947
2022-11-30,139.600006,141.800003,139.600006,141.100006,124.554642,17720938,74.439555,121.926041,119.152111,113.380684,3.008458,2.671121,0.337337
2022-12-01,141.449997,142.000000,139.800003,140.050003,123.627762,27727625,69.402025,122.421355,119.628611,113.641179,2.956429,2.728183,0.228246
2022-12-02,141.850006,144.800003,140.550003,140.899994,124.378090,24518337,71.106633,122.955903,120.088797,113.927925,2.941829,2.770912,0.170917
2022-12-05,141.500000,143.949997,140.600006,143.750000,126.893890,18440387,75.945445,123.794505,120.670785,114.220317,3.097556,2.836241,0.261315
2022-12-06,142.850006,143.149994,141.149994,142.449997,125.746338,10977472,70.172608,124.378093,121.140078,114.528122,3.092722,2.887537,0.205185
2022-12-07,140.800003,141.750000,140.100006,140.649994,124.157387,9731670,63.028513,124.495789,121.505684,114.841861,2.926936,2.895417,0.031519
2022-12-08,141.250000,143.000000,140.350006,142.649994,125.922874,10150945,67.043297,124.701760,121.951357,115.191042,2.904528,2.897239,0.007289
2022-12-09,142.500000,142.949997,140.300003,140.699997,124.201561,9438307,60.181495,124.809652,122.267022,115.591366,2.716558,2.861103,-0.144544
2022-12-12,140.000000,142.500000,139.199997,142.350006,125.658073,8946335,63.578381,125.015624,122.628025,116.003765,2.654520,2.819786,-0.165266
2022-12-13,143.050003,144.649994,142.550003,144.350006,127.423553,12593054,67.227885,125.334392,123.121140,116.482102,2.716500,2.799129,-0.082629
2022-12-14,144.350006,148.600006,144.100006,147.600006,130.292450,17692988,72.117197,126.074913,123.626763,116.949105,2.962960,2.831895,0.131065
2022-12-15,147.649994,148.850006,146.649994,147.449997,130.160049,11426194,71.586394,126.717353,124.104064,117.411039,3.111728,2.887862,0.223866
2022-12-16,148.350006,150.500000,147.000000,147.199997,129.939362,20540447,70.652929,127.055739,124.558846,117.776334,3.175218,2.945333,0.229885
2022-12-19,147.050003,147.550003,145.000000,145.800003,128.703522,10635055,65.501945,127.384315,125.012826,118.092670,3.090191,2.974305,0.115886
2022-12-20,145.500000,146.199997,143.100006,145.850006,128.747665,6714207,65.598424,127.894346,125.449993,118.430477,2.991879,2.977820,0.014060
2022-12-21,146.500000,146.800003,142.699997,143.500000,126.673210,10011408,57.465246,127.977716,125.798885,118.704530,2.715275,2.925311,-0.210035
2022-12-22,145.000000,145.149994,141.550003,142.250000,125.569794,9123323,53.654638,128.129742,126.040588,118.970135,2.379598,2.816168,-0.436570
2022-12-23,140.600006,143.500000,139.300003,139.800003,123.407089,8007752,47.066759,127.879633,126.055300,119.228776,1.916961,2.636327,-0.719365
2022-12-26,140.500000,142.850006,139.500000,141.300003,124.731178,7150680,51.031036,127.580480,126.086826,119.509258,1.638277,2.436717,-0.798440
2022-12-27,142.100006,145.399994,142.100006,144.800003,127.820786,8765357,58.787071,127.305851,126.305409,119.875047,1.647728,2.278919,-0.631191
2022-12-28,143.449997,144.649994,142.699997,143.899994,127.026321,9534858,56.316975,126.957659,126.458838,120.262348,1.572980,2.137731,-0.564751
2022-12-29,142.750000,146.000000,142.500000,144.649994,127.688370,36752195,57.904314,126.707548,126.608063,120.659334,1.549304,2.020046,-0.470742
2022-12-30,145.449997,148.750000,144.550003,146.750000,129.542130,9644998,62.061380,126.800727,126.889700,121.077833,1.660976,1.948232,-0.287256
2023-01-02,147.300003,150.800003,147.250000,150.449997,132.808273,9631496,68.048375,127.251906,127.291137,121.575209,1.990088,1.956603,0.033485
2023-01-03,149.699997,150.600006,148.000000,149.550003,132.013794,14991139,65.346999,127.845304,127.534942,122.027335,2.161882,1.997659,0.164223
2023-01-04,148.800003,148.850006,145.000000,146.250000,129.100754,13535874,56.491750,128.237633,127.694676,122.390198,2.039463,2.006020,0.033443
2023-01-05,145.850006,147.000000,144.149994,146.500000,129.321442,16320559,56.967510,128.894783,127.940583,122.736782,1.937913,1.992398,-0.054485
2023-01-06,146.699997,148.100006,146.300003,147.350006,130.071777,16804116,58.624140,129.488183,128.138150,123.131873,1.896123,1.973143,-0.077020
2023-01-09,149.300003,150.199997,147.800003,148.149994,130.777939,18660445,60.177908,129.816756,128.451311,123.523501,1.898105,1.958136,-0.060031
2023-01-10,148.600006,150.300003,148.600006,149.350006,131.837250,18490715,62.455568,130.351303,128.745558,123.904579,1.962530,1.959015,0.003516
2023-01-11,149.500000,150.000000,146.250000,146.800003,129.586273,12538238,55.227057,130.562181,128.848544,124.235751,1.811076,1.929427,-0.118351
2023-01-12,147.699997,148.250000,145.750000,146.149994,129.012482,13270422,53.526412,130.503332,128.787593,124.537539,1.626004,1.868742,-0.242738
2023-01-13,146.399994,147.500000,145.899994,146.949997,129.718658,8854484,55.348792,130.160041,128.766575,124.831745,1.518807,1.798755,-0.279948
2023-01-16,147.699997,147.800003,146.000000,147.600006,130.292450,9696320,56.830079,129.968781,128.783388,125.138025,1.463286,1.731661,-0.268376
2023-01-17,148.300003,149.000000,146.649994,147.850006,130.513138,18484595,57.415232,130.125712,128.869561,125.424730,1.420715,1.669472,-0.248757
2023-01-18,148.250000,149.750000,148.199997,149.250000,131.748978,12139643,60.633235,130.395438,129.012480,125.724129,1.469757,1.629529,-0.159772
2023-01-19,148.050003,152.100006,148.050003,151.750000,133.955826,18437610,65.628169,130.826999,129.359271,126.065150,1.667475,1.637118,0.030357
2023-01-20,152.000000,152.500000,150.550003,151.600006,133.823410,17512691,65.094470,131.165385,129.752301,126.383793,1.792818,1.668258,0.124559
2023-01-23,152.550003,153.100006,151.350006,152.350006,134.485458,16742252,66.558746,131.459630,130.279842,126.705528,1.923402,1.719287,0.204115
2023-01-24,152.350006,153.199997,151.600006,152.149994,134.308929,8276792,65.766528,131.984370,130.735926,127.043582,1.989711,1.773372,0.216339
2023-01-25,151.250000,153.399994,151.149994,152.449997,134.573730,9827342,66.412343,132.602286,131.057494,127.335727,2.040111,1.826720,0.213391
2023-01-27,152.449997,154.149994,146.600006,147.649994,130.336594,13052535,50.119387,132.670946,131.215126,127.535724,1.718344,1.805044,-0.086701
2023-01-30,147.500000,148.850006,143.250000,144.899994,127.909042,12688399,43.530325,132.406123,131.225635,127.683177,1.253014,1.694638,-0.441624
2023-01-31,145.149994,147.899994,144.250000,144.899994,127.909042,19050398,43.530325,132.116779,131.147869,127.854532,0.874160,1.530543,-0.656383
2023-02-01,145.800003,146.000000,142.350006,144.250000,127.335274,11526089,42.016164,131.626367,130.887250,128.006848,0.521604,1.328755,-0.807151
2023-02-02,143.000000,145.000000,140.649994,143.449997,126.629059,11886667,40.164317,130.812282,130.630834,128.149644,0.183105,1.099625,-0.916520
2023-02-03,143.500000,145.350006,140.100006,144.300003,127.379410,9250428,43.037039,130.096282,130.548865,128.284651,-0.024330,0.874834,-0.899164
2023-02-06,141.699997,144.199997,141.600006,143.500000,126.673210,6436143,41.039991,129.228255,130.422759,128.354751,-0.242909,0.651285,-0.894194
2023-02-07,143.899994,144.949997,142.199997,144.649994,127.688370,8681511,44.991537,128.492637,130.309263,128.425716,-0.330410,0.454946,-0.785356
2023-02-08,145.399994,145.899994,143.149994,143.899994,127.026321,10325869,42.968963,127.654036,130.130615,128.500143,-0.448013,0.274355,-0.722367
2023-02-09,144.649994,146.399994,143.199997,146.199997,129.056625,8078404,50.341593,127.511817,129.998204,128.603130,-0.373085,0.144867,-0.517951
2023-02-10,146.149994,147.000000,144.800003,146.699997,129.497986,6396208,51.800314,127.688366,129.994000,128.700058,-0.274920,0.060909,-0.335830
2023-02-13,147.449997,148.800003,146.600006,148.149994,130.777939,6563018,55.850635,128.007133,130.078069,128.840257,-0.092773,0.030173,-0.122946
2023-02-14,148.649994,149.199997,147.000000,148.449997,131.042770,6991500,56.662106,128.419077,130.141122,128.970937,0.072118,0.038562,0.033556
2023-02-15,149.000000,149.399994,145.500000,147.500000,130.204193,12631259,53.320168,128.816314,130.136919,129.035845,0.133589,0.057567,0.076022
2023-02-16,150.000000,156.449997,148.399994,155.899994,137.619171,30949761,70.108434,129.954065,130.475302,129.268646,0.771736,0.200401,0.571335
2023-02-17,155.500000,158.800003,154.399994,156.600006,138.237122,19874561,71.043101,131.238944,130.784261,129.544719,1.312209,0.422763,0.889447
2023-02-20,157.199997,157.800003,154.399994,154.850006,136.692322,8348393,65.527004,132.239383,130.914570,129.755885,1.597471,0.657704,0.939767
2023-02-21,154.899994,155.899994,153.449997,154.100006,136.030289,7599927,63.260105,133.239824,131.019660,129.987821,1.749950,0.876154,0.873797
2023-02-22,154.250000,154.500000,151.699997,153.600006,135.588898,9599697,61.726850,133.965632,131.072205,130.182543,1.814261,1.063775,0.750486
2023-02-23,153.699997,156.199997,153.250000,154.649994,136.515762,18675946,63.715608,134.745385,131.177292,130.360821,1.917909,1.234602,0.683308
2023-02-24,151.750000,155.350006,149.750000,155.000000,140.457657,14648507,70.690914,135.820909,131.457479,130.560139,2.291712,1.446024,0.845688
2023-02-27,154.000000,156.050003,153.000000,155.250000,140.684204,11904749,71.035540,136.892180,131.950222,130.766495,2.576533,1.672126,0.904407
2023-02-28,154.149994,155.449997,151.199997,152.050003,137.784424,17607584,61.127795,137.734428,132.420478,130.920320,2.539000,1.845501,0.693499
2023-03-01,152.000000,155.100006,151.850006,154.800003,140.276398,7707977,65.571818,138.029675,133.009400,131.147239,2.679449,2.012290,0.667159
2023-03-02,154.500000,155.050003,152.649994,154.050003,139.596786,8219892,63.441653,138.180749,133.593282,131.359967,2.704738,2.150780,0.553958
2023-03-03,154.000000,155.699997,153.449997,154.250000,139.777985,8260104,63.779506,138.523600,134.219421,131.616923,2.708183,2.262260,0.445923
2023-03-06,154.699997,159.699997,153.550003,158.199997,143.357391,14491522,69.730495,139.337723,134.980277,131.965700,2.965556,2.402920,0.562637
2023-03-08,156.550003,158.850006,156.399994,158.250000,143.402725,7339476,69.798175,140.205926,135.776921,132.357771,3.137023,2.549740,0.587283
2023-03-09,159.050003,159.149994,156.050003,156.300003,141.635666,5314022,63.809164,140.774804,136.441078,132.689231,3.094651,2.658723,0.435929
2023-03-10,155.600006,156.699997,154.199997,155.800003,141.182602,4689681,62.332377,140.855353,137.115186,132.951228,2.990046,2.724987,0.265059
2023-03-13,156.199997,158.000000,155.199997,155.800003,141.182602,8785721,62.332377,140.910731,137.692614,133.228802,2.874015,2.754793,0.119222
2023-03-14,155.800003,156.850006,153.050003,153.300003,138.917145,7177342,54.956413,141.036589,138.141145,133.448974,2.569635,2.717761,-0.148126
2023-03-15,154.000000,154.449997,151.800003,152.550003,138.237518,9832270,52.932792,140.810047,138.496363,133.619472,2.247662,2.623742,-0.376079
2023-03-16,151.199997,153.399994,148.000000,152.199997,137.920349,18551936,51.971009,140.623776,138.823867,133.719709,1.944489,2.487891,-0.543402
2023-03-17,153.500000,154.899994,151.949997,153.149994,138.781219,16593429,54.393227,140.513024,139.232297,133.852403,1.753474,2.341008,-0.587534
2023-03-20,153.000000,154.149994,151.600006,152.300003,138.010971,8749355,51.872506,139.918978,139.250954,134.027113,1.522391,2.177284,-0.654893
2023-03-21,153.149994,153.750000,150.949997,151.550003,137.331329,6148489,49.684567,139.244378,139.207821,134.184170,1.269778,1.995783,-0.726005
2023-03-22,152.399994,152.800003,150.850006,151.550003,137.331329,4329409,49.684567,138.766118,139.238250,134.326514,1.057391,1.808104,-0.750714
2023-03-23,151.100006,153.149994,150.300003,152.800003,138.464066,4484564,53.477533,138.464059,139.354144,134.477223,0.969302,1.640344,-0.671042
2023-03-24,152.699997,153.199997,148.800003,149.399994,135.383026,8301726,43.804738,137.819661,139.344341,134.546748,0.643459,1.440967,-0.797508
2023-03-27,149.550003,152.449997,149.250000,150.250000,136.153305,7437261,46.414285,137.512568,139.327081,134.675513,0.442283,1.241230,-0.798947
2023-03-28,150.250000,150.250000,146.649994,147.199997,133.389465,8964539,39.352876,136.973896,138.990500,134.761336,0.059148,1.004814,-0.945665
2023-03-29,147.250000,150.850006,146.500000,149.350006,135.337753,24012834,45.632116,136.686941,138.735907,134.871514,-0.086283,0.786594,-0.872877
2023-03-31,150.100006,153.000000,150.050003,151.050003,136.878235,7998472,50.036991,136.475498,138.692756,135.000647,-0.076354,0.614005,-0.690359
2023-04-03,154.500000,157.850006,153.100006,153.649994,139.234314,20016785,55.919417,136.611425,138.643133,135.171651,0.120244,0.515253,-0.395008
2023-04-05,156.750000,157.350006,152.550003,152.899994,138.554642,15880397,53.946251,136.747348,138.593507,135.305095,0.218685,0.455939,-0.237254
2023-04-06,153.199997,153.449997,150.399994,150.600006,136.470474,10670936,48.316211,136.651698,138.436006,135.354402,0.127061,0.390163,-0.263103
2023-04-10,150.699997,157.500000,150.000000,157.149994,142.405945,17431401,60.847964,137.089684,138.390699,135.522687,0.527312,0.417593,0.109719
2023-04-11,157.100006,159.300003,156.399994,159.050003,144.127686,13305621,63.604728,138.061313,138.425221,135.711750,0.972237,0.528522,0.443715
2023-04-12,159.000000,159.050003,156.600006,157.649994,142.859039,7333339,60.238989,138.806395,138.483477,135.879400,1.208542,0.664526,0.544016
2023-04-13,158.149994,160.500000,158.000000,158.750000,143.855804,11610851,61.942963,139.969321,138.610772,136.061401,1.459424,0.823505,0.635918
2023-04-17,159.100006,160.449997,158.000000,160.149994,145.124481,9358885,64.054474,141.056736,138.798481,136.351360,1.740556,1.006916,0.733641
2023-04-18,160.149994,160.550003,159.399994,160.100006,145.079163,8008560,63.918050,141.967950,139.091910,136.688029,1.937366,1.193006,0.744361
2023-04-19,158.300003,160.449997,158.050003,160.100006,145.079163,11374283,63.918050,142.617377,139.417703,137.024698,2.069484,1.368301,0.701183
2023-04-20,159.600006,160.100006,158.500000,159.149994,144.218292,5733670,61.053327,143.246672,139.717605,137.355737,2.080738,1.510789,0.569949
2023-04-21,158.899994,159.850006,158.699997,159.600006,144.626083,3512214,61.923883,144.152851,139.995932,137.708620,2.098373,1.628306,0.470068
2023-04-24,159.600006,160.750000,159.300003,160.250000,145.215073,7028440,63.203234,144.464976,140.338984,138.058339,2.135262,1.729697,0.405565
2023-04-25,160.199997,161.800003,160.000000,160.649994,145.577545,10169778,64.004791,144.626072,140.731661,138.429012,2.168745,1.817506,0.351238
2023-04-26,160.000000,161.600006,159.750000,161.149994,146.030624,9177783,65.030211,144.978470,141.145913,138.788664,2.206406,1.895286,0.311120
2023-04-27,160.199997,160.899994,159.600006,160.050003,145.033844,6456825,60.918558,145.109363,141.458760,139.141753,2.131253,1.942480,0.188773
2023-04-28,159.800003,159.800003,154.850006,158.949997,144.037048,12656744,57.034964,144.988537,141.870856,139.435487,1.968569,1.947697,0.020871
2023-05-02,159.500000,164.800003,159.350006,164.250000,148.839783,16612560,67.714619,145.406384,142.474974,139.814738,2.201799,1.998518,0.203281
2023-05-03,162.899994,163.350006,160.850006,161.149994,146.030624,8029435,58.547685,145.512102,143.076934,140.113810,2.135346,2.025883,0.109462
2023-05-04,160.800003,161.199997,159.199997,161.000000,145.894714,9929482,58.137614,145.698371,143.579647,140.405025,2.048105,2.030328,0.017777
2023-05-05,161.050003,161.949997,159.699997,160.300003,145.260391,5488707,56.160535,145.768850,143.978797,140.700244,1.905812,2.005425,-0.099612
2023-05-08,160.300003,165.350006,160.000000,165.000000,149.519440,9699470,64.812936,146.247113,144.468565,140.933583,2.112364,2.026812,0.085551
2023-05-09,165.000000,166.500000,164.399994,165.250000,149.745987,7600834,65.206307,146.710273,145.001486,141.159247,2.268192,2.075088,0.193103
2023-05-10,165.250000,167.649994,165.000000,166.949997,151.286453,10901429,67.839152,147.294254,145.707009,141.445406,2.487317,2.157534,0.329783
2023-05-11,166.100006,168.649994,166.100006,167.050003,151.377106,7877677,67.992645,147.999061,146.134207,141.746324,2.637882,2.253604,0.384279
2023-05-12,168.149994,169.000000,165.000000,165.500000,149.972519,16373574,62.977342,148.658557,146.412532,142.028356,2.613738,2.325631,0.288108
2023-05-15,165.500000,166.600006,164.399994,165.600006,150.063126,8559162,63.166088,148.794484,146.755584,142.293990,2.572264,2.374957,0.197307
2023-05-16,168.300003,168.500000,166.750000,168.000000,152.237961,12249266,67.454998,149.484189,147.154734,142.524977,2.683947,2.436755,0.247192
2023-05-17,168.000000,168.000000,166.100006,167.250000,151.558319,7360259,64.911344,150.113478,147.461108,142.738195,2.686646,2.486733,0.199912
2023-05-18,167.500000,168.449997,166.000000,166.350006,150.742798,7433090,61.895275,150.722634,147.730804,142.992281,2.593087,2.508004,0.085083
2023-05-19,166.199997,166.750000,164.000000,164.899994,149.428802,5969632,57.277350,150.712563,147.937930,143.171739,2.385415,2.483486,-0.098071
2023-05-22,164.100006,166.399994,164.100006,165.600006,150.063126,7331865,58.872576,150.747801,148.216256,143.376962,2.246126,2.436014,-0.189888
2023-05-23,165.600006,167.050003,164.449997,165.000000,149.519440,10119254,56.911099,150.551466,148.449273,143.567971,2.068029,2.362417,-0.294388
2023-05-24,165.000000,166.449997,164.649994,166.250000,150.652161,6107980,59.908097,150.470917,148.708181,143.711005,1.995286,2.288991,-0.293705
2023-05-25,166.250000,167.399994,165.250000,166.000000,150.425613,8077606,59.023859,150.521261,148.939042,143.848709,1.897484,2.210690,-0.313206
2023-05-26,166.050003,167.399994,162.300003,163.750000,148.386688,14873707,51.636821,150.334990,149.051235,143.981082,1.636585,2.095869,-0.459284
2023-05-29,160.000000,160.250000,156.500000,159.000000,144.082367,43253971,40.198943,149.428813,149.005927,144.037940,1.070161,1.890727,-0.820566
2023-05-30,159.699997,161.699997,157.250000,158.850006,143.946426,16117505,39.898356,148.583047,149.001612,144.092133,0.603343,1.633250,-1.029908
2023-05-31,159.000000,159.399994,150.050003,154.899994,140.367035,83741017,32.918582,147.430184,148.598147,144.120562,-0.054810,1.295638,-1.350448
2023-06-01,154.699997,156.000000,153.199997,153.649994,139.234314,13982606,31.066432,146.297463,148.274514,144.140107,-0.660191,0.904472,-1.564663
2023-06-02,155.000000,155.000000,153.399994,154.699997,140.185791,9851058,34.405041,145.199982,148.002660,144.184528,-1.051068,0.513364,-1.564432
2023-06-05,155.500000,156.000000,154.449997,155.399994,140.820099,11850547,36.609223,144.233388,147.791218,144.224506,-1.294732,0.151745,-1.446477
2023-06-06,155.500000,155.899994,153.199997,153.649994,139.234314,8118800,33.571959,142.964739,147.301450,144.248493,-1.597384,-0.198081,-1.399303
2023-06-07,153.600006,154.500000,152.550003,153.850006,139.415543,12180164,34.243386,141.741397,146.809524,144.289360,-1.801844,-0.518833,-1.283010
2023-06-08,154.500000,156.649994,154.199997,156.100006,141.454468,13850599,41.417587,140.971151,146.341334,144.370205,-1.778850,-0.770837,-1.008013
2023-06-09,156.699997,156.899994,153.800003,154.250000,139.777985,11764248,37.768790,140.492886,145.788995,144.395969,-1.874299,-0.991529,-0.882770
2023-06-12,154.850006,155.250000,152.600006,155.050003,140.502945,11017643,40.221302,140.110277,145.338063,144.496359,-1.869890,-1.167201,-0.702689
2023-06-13,155.199997,156.199997,154.250000,155.649994,141.046646,10073644,42.065349,140.185789,144.908707,144.592307,-1.801755,-1.294112,-0.507643
2023-06-14,156.100006,158.399994,155.850006,157.850006,143.040253,9695952,48.356177,140.608671,144.470721,144.781538,-1.568805,-1.349051,-0.219754
2023-06-15,157.500000,157.899994,156.199997,157.649994,142.859039,7426254,47.847590,140.905699,144.056469,144.929014,-1.382872,-1.355815,-0.027057
2023-06-16,158.250000,158.649994,156.350006,157.000000,142.269989,11466647,46.148496,141.066798,143.653002,145.034735,-1.268429,-1.338338,0.069909
2023-06-19,157.899994,158.449997,156.500000,157.800003,142.994949,4718221,48.569123,141.484646,143.346628,145.108473,-1.106479,-1.291966,0.185487
2023-06-20,157.550003,157.800003,156.550003,157.250000,142.496536,6059738,47.004780,141.826979,142.986314,145.185765,-1.006745,-1.234922,0.228177
2023-06-21,157.000000,160.550003,156.600006,160.199997,145.169769,8284206,55.317467,142.239790,142.779187,145.356339,-0.703884,-1.128714,0.424831
2023-06-22,160.199997,160.949997,157.500000,158.949997,144.037048,10629027,51.622469,142.713019,142.464182,145.388322,-0.548937,-1.012759,0.463822
2023-06-23,159.000000,159.000000,155.399994,156.899994,142.179382,8722650,46.175072,142.899290,142.071504,145.350120,-0.569474,-0.924102,0.354627
2023-06-26,157.000000,158.250000,155.850006,156.899994,142.179382,4273205,46.175072,143.025150,141.775918,145.336793,-0.579075,-0.855097,0.276021
2023-06-27,158.850006,158.850006,157.350006,157.850006,143.040253,9730174,49.063860,143.025150,141.726294,145.320802,-0.511325,-0.786342,0.275018
2023-06-28,157.850006,160.149994,156.550003,158.550003,143.674576,40243993,51.144529,143.115765,141.713348,145.292372,-0.401815,-0.709437,0.307622
2023-06-30,161.000000,161.000000,158.949997,160.300003,145.260391,7840112,55.985169,143.448032,141.946365,145.295926,-0.184935,-0.604536,0.419602
2023-07-03,160.300003,163.250000,160.000000,162.899994,147.616440,9548822,62.007967,143.961531,142.345514,145.345676,0.175041,-0.448621,0.623662
2023-07-04,162.500000,162.899994,160.000000,161.199997,146.075943,5394282,56.558450,144.359243,142.625998,145.382101,0.332189,-0.292459,0.624648
2023-07-05,162.000000,164.399994,161.350006,162.800003,147.525833,8795342,60.111620,144.621028,142.945318,145.438959,0.567186,-0.120530,0.687716
2023-07-06,162.800003,165.800003,162.550003,165.399994,149.881897,9845699,65.106165,145.270455,143.452346,145.530465,0.932785,0.090133,0.842652
2023-07-07,165.500000,166.000000,162.800003,163.500000,148.160172,7597171,59.266103,145.934987,143.868757,145.581105,1.071248,0.286356,0.784892
2023-07-10,163.899994,165.399994,162.500000,162.750000,147.480530,5437687,57.089146,146.524004,144.155712,145.609534,1.113305,0.451746,0.661559
2023-07-11,163.250000,165.100006,162.899994,164.600006,149.156967,6343183,60.903918,147.203639,144.602331,145.690380,1.267302,0.614857,0.652445
2023-07-12,165.949997,169.000000,165.250000,167.649994,151.920792,15614026,66.233523,148.119885,145.146038,145.844963,1.593988,0.810683,0.783305
2023-07-13,168.649994,169.300003,167.199997,167.800003,152.056717,11350009,66.475569,148.875032,145.670327,145.908040,1.842617,1.017070,0.825547
2023-07-14,169.000000,169.750000,168.199997,169.250000,153.370682,9448062,68.803579,149.514392,146.162252,146.051963,2.121231,1.237902,0.883329
2023-07-17,167.800003,168.399994,166.149994,166.399994,150.788071,4968847,59.986284,150.037962,146.539825,146.147911,2.109325,1.412187,0.697138
2023-07-18,166.399994,168.149994,166.050003,166.899994,151.241165,4322257,60.932211,150.450777,146.967024,146.265181,2.112103,1.552170,0.559933
2023-07-19,167.199997,167.949997,166.100006,166.750000,151.105240,5968174,60.470376,150.586704,147.353228,146.296275,2.079366,1.657609,0.421757
2023-07-20,167.000000,168.100006,166.000000,167.199997,151.513016,5217131,61.415225,150.959242,147.782584,146.330923,2.062551,1.738598,0.323953
2023-07-21,167.350006,171.000000,166.500000,170.550003,154.548737,7842863,67.620187,151.744598,148.229202,146.394889,2.268038,1.844486,0.423552
2023-07-24,171.649994,172.250000,170.250000,171.000000,154.956512,8451631,68.356317,152.388992,148.749176,146.465074,2.435714,1.962731,0.472983
2023-07-25,172.000000,173.350006,171.300003,173.000000,156.768860,10480578,71.461686,152.927667,149.443913,146.598335,2.683901,2.106965,0.576936
2023-07-26,173.850006,174.300003,172.000000,172.949997,156.723557,9103949,71.273396,153.446204,150.136493,146.728932,2.844151,2.254402,0.589748
2023-07-27,173.449997,173.649994,170.699997,171.000000,154.956512,7731146,64.171154,153.622408,150.703934,146.782237,2.796329,2.362788,0.433542
2023-07-28,170.699997,174.949997,168.899994,171.800003,155.681442,9004252,65.682010,154.166116,151.275689,146.863083,2.784825,2.447195,0.337629
2023-07-31,172.800003,177.500000,171.399994,177.050003,160.438873,9277749,73.561364,155.188083,151.998474,147.053202,3.123585,2.582473,0.541112
2023-08-01,175.300003,177.000000,174.300003,176.699997,160.121719,5584773,72.368473,156.189914,152.593964,147.262867,3.328099,2.731598,0.596501
2023-08-02,177.000000,178.649994,174.000000,175.949997,159.442078,8975495,69.757884,157.070921,153.230446,147.446768,3.396188,2.864516,0.531672
2023-08-03,175.250000,175.800003,171.500000,172.100006,155.953308,6152393,58.159739,157.226985,153.631755,147.572922,3.132524,2.918118,0.214406
2023-08-04,173.350006,174.449997,172.100006,173.350006,157.086014,4605271,60.458420,157.463596,153.974808,147.699076,2.980610,2.930616,0.049994
2023-08-07,174.300003,174.500000,172.100006,172.949997,156.723557,2240015,59.335057,157.458562,154.382588,147.822565,2.798708,2.904235,-0.105527
2023-08-08,172.899994,173.800003,172.600006,173.350006,157.086014,3631238,60.132801,157.498835,154.839992,147.993140,2.653212,2.854030,-0.200818
2023-08-09,173.350006,177.250000,173.300003,176.899994,160.302948,4852294,66.427773,158.092884,155.370753,148.311191,2.765605,2.836345,-0.070740
2023-08-10,178.100006,179.750000,176.899994,178.649994,161.888748,10430692,69.024285,158.782584,155.845418,148.663001,2.948648,2.858806,0.089842
2023-08-11,178.899994,179.699997,176.699997,177.199997,160.574799,4112277,64.568293,158.797687,156.251041,149.059232,2.953638,2.877772,0.075866
2023-08-14,180.000000,180.449997,177.350006,178.000000,161.299759,12876956,65.877196,158.928580,156.628616,149.491887,2.981720,2.898562,0.083158
2023-08-16,176.300003,179.449997,175.800003,179.050003,162.251236,8371665,67.570461,159.240709,157.174481,149.924543,3.045643,2.927978,0.117665
2023-08-17,178.699997,179.100006,177.100006,177.750000,161.073196,5199363,63.377131,159.809586,157.642673,150.321663,2.967042,2.935791,0.031251
2023-08-18,177.649994,177.649994,174.149994,175.300003,159.301163,6734650,57.587787,160.055713,158.032955,150.715130,2.730289,2.894690,-0.164401
2023-08-21,175.300003,176.300003,174.300003,176.050003,159.982727,3599820,59.134032,160.417843,158.436274,151.118409,2.568054,2.829363,-0.261309
2023-08-22,176.050003,177.899994,175.600006,176.149994,160.073593,5348036,59.346827,160.749797,158.699363,151.483489,2.418930,2.747276,-0.328347
2023-08-23,177.000000,177.199997,175.000000,175.500000,159.482910,6379611,57.259528,160.658681,158.914905,151.869860,2.227409,2.643303,-0.415894
2023-08-24,175.500000,176.699997,172.800003,173.100006,157.301971,7976333,50.234290,160.149039,158.940292,152.199253,1.877995,2.490241,-0.612247
2023-08-25,173.100006,175.250000,172.850006,174.699997,158.755936,4757915,54.263084,159.946943,159.037072,152.546494,1.698821,2.331957,-0.633136
2023-08-28,175.100006,175.800003,174.550003,175.199997,159.210297,4354221,55.476110,159.714781,159.239633,152.863554,1.575329,2.180632,-0.605303
2023-08-29,175.600006,176.100006,174.949997,175.699997,159.664658,4596468,56.712486,159.427383,159.429310,153.193076,1.496869,2.043879,-0.547010
2023-08-30,175.699997,176.899994,175.000000,175.750000,159.710098,5937955,56.841563,159.275928,159.394606,153.535039,1.421963,1.919496,-0.497532
2023-08-31,175.800003,176.000000,173.050003,174.149994,158.256119,15823452,51.545228,159.159812,159.305768,153.834277,1.231085,1.781814,-0.550729
2023-09-01,174.399994,184.750000,174.399994,181.750000,165.162491,22460960,67.185678,159.735341,159.578169,154.278708,1.618443,1.749140,-0.130697
2023-09-04,183.850006,184.449997,181.800003,182.949997,166.252991,10998180,68.893059,160.421941,160.068630,154.692104,1.990476,1.797407,0.193069
2023-09-05,183.500000,186.000000,182.399994,183.100006,166.389313,13506519,69.109439,161.189319,160.511644,155.130384,2.270146,1.891955,0.378191
2023-09-06,184.899994,186.750000,182.350006,183.050003,166.343857,11954407,68.937243,162.193973,160.969753,155.604197,2.459764,2.005517,0.454248
2023-09-07,185.000000,185.199997,181.000000,181.750000,165.162491,11137801,64.443155,162.905813,161.354348,156.054846,2.486054,2.101624,0.384430
2023-09-08,182.500000,184.949997,182.000000,184.449997,167.616089,9737214,68.967976,163.839789,161.702592,156.536726,2.674049,2.216109,0.457940
2023-09-11,185.449997,185.949997,182.300003,183.399994,166.661911,10845871,65.478292,164.617262,161.929886,156.987458,2.714748,2.315837,0.398911
2023-09-12,184.850006,184.899994,180.199997,180.899994,164.390060,15524470,57.958728,165.137258,162.111565,157.362549,2.534467,2.359563,0.174904
2023-09-13,181.899994,184.699997,180.899994,183.899994,167.116272,10578786,63.391720,166.121719,162.388542,157.744899,2.581814,2.404013,0.177801
2023-09-14,184.750000,188.899994,184.199997,187.899994,170.751236,17746404,69.121575,166.742691,162.793304,158.228728,2.879456,2.499102,0.380354
2023-09-15,191.699997,191.699997,185.600006,186.649994,169.615295,19924829,65.662788,167.116280,163.200070,158.661855,2.989220,2.597125,0.392095
2023-09-18,185.800003,187.500000,185.100006,186.750000,169.706161,5022956,65.810168,167.484819,163.695546,159.050566,3.048401,2.687381,0.361021
2023-09-20,186.449997,189.500000,186.199997,188.199997,171.023834,12687099,67.957920,168.004817,164.221313,159.498873,3.165142,2.782933,0.382209
2023-09-21,188.399994,188.449997,186.050003,186.699997,169.660736,7814108,63.513095,168.504622,164.677844,159.933779,3.111799,2.848706,0.263093
2023-09-22,186.600006,187.699997,185.000000,185.100006,168.206772,7814821,59.074686,168.570253,165.093266,160.307305,2.918557,2.862676,0.055881
2023-09-25,186.000000,186.699997,185.250000,185.500000,168.570267,5540062,59.830457,168.782293,165.629852,160.633765,2.762894,2.842720,-0.079826
2023-09-26,186.000000,188.149994,185.250000,187.750000,170.614914,12446655,63.871997,169.473943,166.194565,160.997651,2.772556,2.828687,-0.056131
2023-09-27,189.300003,189.300003,186.300003,187.250000,170.160538,5630907,62.370207,169.812195,166.716005,161.326864,2.712283,2.805406,-0.093123
2023-09-28,188.899994,189.500000,186.500000,187.449997,170.342300,14890642,62.747543,169.766758,167.224464,161.710280,2.648651,2.774055,-0.125404
2023-09-29,188.500000,192.250000,188.149994,191.850006,174.340729,10085766,69.898350,170.291806,167.921161,162.163213,2.887576,2.796759,0.090816
2023-10-03,189.300003,189.300003,183.649994,184.600006,167.752396,22118500,52.138796,170.074721,168.373364,162.489628,2.516295,2.740667,-0.224371
2023-10-04,184.449997,184.600006,182.100006,182.750000,166.071243,9360058,48.736034,169.524433,168.416638,162.775083,2.062622,2.605058,-0.542436
2023-10-05,181.250000,184.000000,181.000000,182.199997,165.571426,11128340,47.738500,169.070065,168.384183,162.991214,1.643802,2.412806,-0.769004
2023-10-06,183.500000,183.500000,180.600006,181.449997,164.889893,5759904,46.345514,168.701523,168.312782,163.185986,1.242567,2.178759,-0.936191
2023-10-09,182.899994,184.699997,181.250000,181.699997,165.117065,14622727,46.901690,168.317834,168.254363,163.349677,0.932171,1.929441,-0.997270
2023-10-10,182.300003,184.500000,182.050003,183.500000,166.752792,11819690,50.852167,167.888709,168.330092,163.546328,0.808845,1.705322,-0.896477
2023-10-11,184.399994,184.699997,182.750000,183.250000,166.525589,8499601,50.292461,167.484826,168.278163,163.773173,0.684881,1.501234,-0.816353
2023-10-12,183.199997,184.850006,183.000000,184.449997,167.616089,8677885,52.968167,167.181914,168.323600,164.007186,0.666944,1.334376,-0.667432
2023-10-13,184.500000,186.250000,184.050003,184.899994,168.025024,7435899,53.968817,166.480169,168.496694,164.155934,0.677912,1.203083,-0.525171
2023-10-16,187.949997,188.199997,186.250000,186.550003,169.524429,12376549,57.536261,166.677061,168.611368,164.340301,0.798390,1.122144,-0.323754
2023-10-17,187.000000,187.050003,185.550003,186.250000,169.251801,4381065,56.676173,167.030457,168.539966,164.532648,0.861935,1.070103,-0.208167
2023-10-18,188.000000,188.050003,186.050003,186.949997,169.887924,10181113,58.244615,167.510067,168.552949,164.805876,0.952644,1.046611,-0.093967
2023-10-19,186.000000,186.649994,185.050003,186.300003,169.297256,9148124,56.209731,167.999775,168.533477,165.045312,0.965737,1.030436,-0.064699
2023-10-20,187.000000,187.300003,185.149994,186.199997,169.206390,7912216,55.886263,168.454144,168.446932,165.290073,0.957740,1.015897,-0.058157
2023-10-23,185.949997,185.949997,184.199997,184.850006,167.979568,4723090,51.571154,168.590452,168.366877,165.503673,0.842695,0.981256,-0.138562
2023-10-25,184.850006,185.850006,183.000000,184.350006,167.525223,6812004,50.030479,168.701523,168.334422,165.645286,0.706712,0.926348,-0.219635
2023-10-26,183.500000,184.149994,179.899994,180.899994,164.390060,8474867,40.941310,168.343075,168.135364,165.694331,0.342021,0.809482,-0.467461
2023-10-27,181.000000,185.800003,180.300003,184.750000,167.888718,6422123,51.524925,168.327930,168.005545,165.837741,0.331491,0.713884,-0.382393
2023-10-30,185.000000,189.199997,184.600006,188.800003,171.569077,7352638,59.705275,168.555113,168.072619,166.039100,0.613054,0.693718,-0.080664
2023-10-31,189.199997,189.800003,184.199997,186.149994,169.160934,9404675,53.360060,168.545017,168.016363,166.174585,0.634563,0.681887,-0.047324
2023-11-01,186.149994,188.800003,185.050003,186.699997,169.660736,9167869,54.442232,168.519774,167.793506,166.342968,0.684053,0.682320,0.001733
2023-11-02,187.000000,187.649994,185.750000,186.199997,169.206390,11471209,53.233046,168.509677,167.862744,166.537188,0.678788,0.681614,-0.002826
2023-11-03,186.649994,190.649994,185.800003,190.000000,172.659561,7464912,60.427068,168.893363,168.176474,166.785753,0.942394,0.733770,0.208624
2023-11-06,190.199997,194.199997,189.550003,193.300003,175.658401,8962124,65.404168,169.746567,168.656806,167.091338,1.377407,0.862497,0.514910
2023-11-07,193.399994,198.000000,192.350006,193.199997,175.567505,13921916,65.136754,170.640154,169.165264,167.406722,1.695281,1.029054,0.666227
2023-11-08,193.699997,196.550003,192.300003,195.350006,177.521301,10186886,68.151072,172.099180,169.755941,167.803180,2.080867,1.239417,0.841450
2023-11-09,196.500000,196.699997,192.199997,192.699997,175.113159,5303833,61.134934,172.901896,170.154054,168.123909,2.167148,1.424963,0.742185
2023-11-10,192.699997,196.500000,192.699997,195.899994,178.021088,6025889,65.723791,173.618786,170.701459,168.492748,2.442022,1.628375,0.813647
2023-11-13,195.899994,197.300003,194.100006,195.800003,177.930222,11181086,65.463686,174.593152,171.192608,168.850897,2.622301,1.827160,0.795141
2023-11-15,198.500000,203.000000,197.649994,199.500000,181.292557,19769385,70.168334,175.885576,171.824395,169.274082,3.001882,2.062104,0.939778
2023-11-16,202.500000,203.399994,201.000000,201.800003,183.382629,18629240,72.661393,177.460714,172.484310,169.766759,3.431794,2.336042,1.095752
2023-11-17,200.850006,201.250000,195.550003,196.350006,178.430038,13199928,59.889349,178.101878,172.921369,170.026907,3.334433,2.535721,0.798713
2023-11-20,198.000000,198.500000,197.000000,197.850006,179.793121,6423265,61.875600,178.561291,173.393045,170.292400,3.328890,2.694354,0.634535
2023-11-21,193.000000,193.949997,191.000000,191.199997,178.950790,10720353,59.901552,178.937212,173.852737,170.538703,3.219416,2.799367,0.420049
2023-11-22,191.199997,191.850006,189.750000,191.000000,178.763611,7538825,59.447680,179.075246,174.307842,170.782228,3.082026,2.855899,0.226127
2023-11-23,191.000000,191.750000,189.600006,190.649994,178.436020,6541617,58.610670,179.444453,174.805769,171.042493,2.913128,2.867345,0.045784
2023-11-24,190.850006,191.850006,188.149994,188.850006,176.751358,5751331,54.371035,179.303372,175.245108,171.221616,2.613214,2.816518,-0.203304
2023-11-28,188.850006,194.449997,188.399994,193.949997,181.524597,9277764,62.621195,179.702747,176.061039,171.513041,2.729230,2.799061,-0.069831
2023-11-29,195.500000,195.500000,191.699997,192.000000,179.699524,8791333,58.282011,179.525743,176.623458,171.813227,2.643433,2.767935,-0.124502
2023-11-30,192.649994,195.649994,192.050003,194.949997,182.460526,14965403,62.513845,179.423287,177.142099,172.114094,2.766340,2.767616,-0.001276
2023-12-01,195.250000,198.250000,194.250000,194.550003,182.086166,9935740,61.601409,179.829524,177.757586,172.336348,2.801246,2.774342,0.026903
2023-12-04,196.500000,205.899994,196.050003,202.050003,189.105698,28615290,70.342492,180.864254,178.683536,172.718513,3.356633,2.890800,0.465833
2023-12-05,202.199997,203.949997,199.149994,202.050003,189.105698,14557746,70.342492,181.992577,179.631122,173.098896,3.753513,3.063343,0.690170
2023-12-06,203.750000,203.750000,199.100006,201.949997,189.012070,12662213,70.095657,183.131295,180.409813,173.451606,4.014215,3.253517,0.760698
2023-12-07,200.899994,200.899994,196.050003,198.899994,186.157486,16425880,62.853895,183.989236,180.909770,173.775072,3.945007,3.391815,0.553192
2023-12-08,199.850006,200.300003,194.100006,195.949997,183.396469,10414387,56.747171,184.727581,181.282578,174.072909,3.625574,3.438567,0.187007
2023-12-11,197.050003,200.850006,194.250000,197.800003,185.127960,10108266,59.410505,185.127955,181.644799,174.397570,3.472114,3.445277,0.026838
2023-12-12,196.949997,197.800003,194.550003,195.399994,182.881714,10719911,54.704464,185.481532,182.014731,174.638095,3.133126,3.382846,-0.249720
2023-12-13,195.399994,195.399994,192.050003,193.149994,180.775848,10892122,50.653488,185.294345,182.145910,174.846239,2.663843,3.239046,-0.575203
2023-12-14,195.899994,196.300003,193.250000,195.949997,183.396469,15257294,55.108597,185.439935,182.406207,175.102203,2.474866,3.086210,-0.611344
2023-12-15,197.250000,201.949997,196.850006,201.050003,188.169739,22863981,61.862444,185.335939,182.733692,175.373360,2.679377,3.004843,-0.325466
2023-12-18,201.050003,201.649994,197.350006,199.000000,186.251083,8061011,58.079936,185.018760,182.870285,175.736079,2.656017,2.935078,-0.279061
2023-12-19,202.000000,203.550003,199.300003,200.300003,187.467804,16739742,59.760236,184.847175,183.300655,176.155620,2.704507,2.888964,-0.184456
2023-12-20,201.750000,212.000000,200.949997,203.199997,190.181992,57762576,63.294728,185.294342,183.795363,176.638180,2.928194,2.896810,0.031384
2023-12-21,203.949997,206.750000,201.199997,202.649994,189.667236,22823936,62.179246,185.991094,184.305670,177.124010,3.029015,2.923251,0.105764
2023-12-22,204.000000,204.500000,201.800003,203.949997,190.883957,9910694,63.803079,186.630649,184.882829,177.629243,3.170547,2.972710,0.197837
2023-12-26,204.500000,208.500000,203.649994,207.350006,194.066147,17052969,67.708112,187.873364,185.627121,178.164799,3.499152,3.077998,0.421154
2023-12-27,209.500000,209.899994,204.500000,205.550003,192.381470,20361303,63.784862,189.162877,186.371412,178.671777,3.582340,3.178867,0.403473
2023-12-28,206.500000,208.899994,205.350006,208.300003,194.955276,22010872,66.936909,190.447189,187.010968,179.207840,3.812009,3.305495,0.506514
2023-12-29,208.000000,208.000000,204.250000,205.050003,191.913498,12171663,60.261488,190.863163,187.592586,179.676241,3.705858,3.385568,0.320290
2024-01-01,206.000000,207.100006,204.750000,205.350006,192.194275,4820168,60.651573,191.523517,188.056098,180.120748,3.602858,3.429026,0.173832
2024-01-02,205.350006,210.750000,203.649994,207.050003,193.785355,21141219,62.875512,192.225467,188.613202,180.601798,3.608025,3.464826,0.143200
2024-01-03,205.500000,210.449997,204.500000,208.250000,194.908493,11650902,64.404880,192.750634,188.889526,181.092397,3.660552,3.503971,0.156581
2024-01-04,210.500000,215.399994,209.300003,214.649994,200.898438,31054419,71.215473,193.998545,189.451085,181.712028,4.137820,3.630741,0.507079
2024-01-05,215.449997,217.500000,213.050003,216.449997,202.583145,20743811,72.792261,195.298455,190.097326,182.366475,4.598985,3.824390,0.774596
2024-01-08,218.000000,220.800003,217.100006,217.949997,203.987030,19310595,74.067104,196.400775,190.946352,183.072503,5.019878,4.063487,0.956391
2024-01-09,221.000000,221.449997,215.949997,216.649994,202.770340,11951525,70.963731,197.555094,191.868918,183.763584,5.195373,4.289865,0.905509
2024-01-10,215.000000,215.000000,209.699997,212.100006,198.511810,16500666,61.284831,197.950265,192.506244,184.432638,4.933951,4.418682,0.515269
2024-01-11,214.000000,214.000000,210.850006,211.850006,198.277863,12586419,60.794266,198.657416,193.239394,185.028503,4.654243,4.465794,0.188449
2024-01-12,213.800003,224.750000,212.350006,223.399994,209.087875,39228118,71.962314,200.534483,194.587585,185.764166,5.244396,4.621515,0.622882
2024-01-15,228.500000,235.449997,224.649994,233.500000,218.540817,57884916,77.892764,203.285090,196.261126,186.732399,6.401083,4.977428,1.423654
2024-01-16,234.949997,238.949997,231.100006,235.100006,220.038330,34505065,78.662731,206.077294,197.778678,187.720195,7.353831,5.452709,1.901122
2024-01-17,232.199997,237.250000,230.699997,232.050003,217.183731,26010955,73.413754,207.886771,199.251661,188.660927,7.788765,5.919920,1.868845
2024-01-18,230.050003,234.500000,224.649994,233.550003,218.587631,19232183,74.321271,209.665048,200.733558,189.561478,8.152756,6.366487,1.786269
2024-01-19,236.000000,242.550003,235.000000,242.050003,226.543076,26391844,78.748234,212.171275,202.465038,190.559216,8.979648,6.889119,2.090529
2024-01-23,245.000000,245.649994,228.000000,229.899994,215.171463,20282617,62.232679,213.549177,203.679525,191.335765,8.618028,7.234901,1.383127
2024-01-24,231.000000,235.000000,228.100006,234.350006,219.336380,14458601,65.118175,215.863018,205.034402,192.155668,8.568741,7.501669,1.067072
2024-01-25,235.000000,237.500000,232.800003,234.050003,219.055603,18291957,64.758969,218.171656,206.224376,193.017285,8.410078,7.683351,0.726727
2024-01-29,241.000000,254.949997,239.100006,252.500000,236.323593,54127939,74.188977,221.197847,208.316858,194.160471,9.567431,8.060167,1.507264
2024-01-30,256.500000,263.299988,248.649994,249.199997,233.235016,51491099,70.552529,222.830536,210.139703,195.244879,10.118777,8.471889,1.646888
2024-01-31,250.449997,254.350006,246.300003,252.250000,236.089615,33293192,71.922369,224.614012,212.243328,196.319331,10.663147,8.910141,1.753006
2024-02-01,254.649994,254.649994,245.449997,247.649994,231.784317,29758133,66.869991,226.236299,214.128568,197.268384,10.624687,9.253050,1.371637
2024-02-02,250.000000,260.000000,249.000000,257.250000,240.769302,30482663,71.387387,228.700929,216.365898,198.490722,11.190227,9.640485,1.549742
2024-02-05,260.049988,268.049988,255.100006,262.950012,246.104156,34001868,73.682000,230.874383,218.803787,199.790938,11.931362,10.098661,1.832701
2024-02-06,265.350006,273.399994,260.200012,272.299988,254.855103,36708949,76.947747,235.283676,221.373152,201.279258,13.074135,10.693755,2.380379
2024-02-07,275.000000,275.649994,267.549988,271.899994,254.480728,23756939,76.510340,239.188604,223.844466,202.763908,13.790612,11.313127,2.477485
2024-02-08,273.049988,275.649994,269.100006,273.149994,255.650650,25252940,76.951272,243.254720,226.304638,204.277920,14.288124,11.908126,2.379997
2024-02-09,275.000000,275.649994,259.149994,267.549988,250.409409,26743792,70.560965,244.819811,228.573165,205.722195,14.096979,12.345897,1.751083
2024-02-12,261.950012,266.600006,256.799988,257.899994,241.377625,30906374,61.138872,245.724545,230.614394,206.895784,13.066089,12.489935,0.576154
2024-02-13,258.000000,262.399994,254.699997,259.500000,242.875137,20711842,62.043867,246.478492,232.738074,208.134522,12.228970,12.437742,-0.208772
2024-02-14,258.000000,269.649994,256.000000,268.850006,251.626144,36168962,66.895524,248.683139,234.763706,209.490710,12.131832,12.376560,-0.244728
2024-02-15,271.649994,279.850006,269.000000,277.299988,259.534790,32831246,70.558220,250.768194,236.715800,211.009311,12.548361,12.410920,0.137441
2024-02-16,275.149994,278.000000,270.350006,274.700012,260.864288,27044984,71.136363,252.408208,238.659893,212.416342,12.837758,12.496288,0.341470
2024-02-19,274.700012,279.049988,272.399994,274.649994,260.816803,15322964,71.082673,253.070619,240.737659,213.822442,12.914405,12.579911,0.334494
2024-02-20,274.799988,281.149994,274.049988,276.600006,262.668579,18968785,71.971096,253.980381,242.836751,215.266687,12.975004,12.658930,0.316074
2024-02-21,276.000000,281.100006,271.600006,272.950012,259.202423,16340579,67.773817,254.375022,244.391958,216.698941,12.598116,12.646767,-0.048651
2024-02-22,273.850006,276.000000,268.500000,274.700012,260.864288,16791453,68.715851,255.536675,246.567807,218.217918,12.291836,12.575781,-0.283945
2024-02-23,274.899994,276.000000,271.100006,272.200012,258.490204,9464646,65.758554,257.438073,248.432275,219.656393,11.722409,12.405106,-0.682698
2024-02-26,271.899994,271.899994,267.799988,269.850006,256.258575,8661999,63.013311,258.925122,250.203845,221.095155,10.964666,12.117018,-1.152352
2024-02-27,268.049988,270.200012,264.950012,269.350006,255.783737,19582774,62.416229,259.387076,251.130519,222.565898,10.208161,11.735247,-1.527086
2024-02-28,270.000000,270.299988,264.600006,265.750000,252.365051,9118196,58.144451,258.590439,252.041473,223.918223,9.226410,11.233480,-2.007070
2024-02-29,265.000000,266.350006,261.500000,264.600006,251.272995,17179832,56.806983,257.524740,252.764491,225.155542,8.264971,10.639778,-2.374807
2024-03-01,266.500000,272.950012,266.500000,270.549988,256.923279,12930057,61.714074,257.092126,253.961584,226.541271,7.868255,10.085473,-2.217219
2024-03-04,272.750000,280.549988,272.500000,279.200012,265.137634,22280353,67.495580,257.366465,255.121981,228.064209,8.123046,9.692988,-1.569941
2024-03-05,280.000000,284.950012,276.649994,283.750000,269.458435,18544484,70.056955,258.506022,256.234089,229.618649,8.574779,9.469346,-0.894567
2024-03-06,284.299988,284.299988,273.549988,280.250000,266.134735,16807149,65.763955,259.091627,256.771215,231.118012,8.565843,9.288645,-0.722802
2024-03-07,280.250000,284.350006,277.250000,278.100006,264.093018,11386963,63.201843,259.714162,257.228943,232.553484,8.298354,9.090587,-0.792233
2024-03-11,278.100006,280.500000,273.200012,274.000000,260.199554,10684598,58.519775,260.152049,257.445557,233.850217,7.683624,8.809195,-1.125570
2024-03-12,274.000000,275.600006,269.049988,270.399994,256.780823,13780189,54.688711,260.262836,257.748958,235.112950,6.841717,8.415699,-1.573982
2024-03-13,270.799988,271.000000,252.750000,255.350006,242.488861,20079496,42.239386,259.165482,257.801874,236.044981,4.964035,7.725366,-2.761331
2024-03-14,252.500000,264.350006,251.199997,263.250000,249.990997,21404057,48.824832,259.023037,258.140725,237.183755,4.034808,6.987255,-2.952447
2024-03-15,263.950012,266.399994,248.899994,258.750000,245.717606,34961065,45.633242,257.777963,257.859366,238.233232,2.919902,6.173784,-3.253882
2024-03-18,258.950012,263.049988,257.549988,261.600006,248.424103,9246173,47.953710,255.920904,257.330285,239.304580,2.229029,5.384833,-3.155804
2024-03-19,262.000000,263.950012,256.649994,259.250000,246.192444,8758348,46.202600,253.335793,256.631626,240.310148,1.484320,4.604730,-3.120411
2024-03-20,259.450012,264.600006,257.200012,263.850006,250.560760,10484778,50.047784,251.605352,256.143243,241.283919,1.232413,3.930267,-2.697854
2024-03-21,264.700012,266.950012,262.350006,262.950012,249.706116,12163200,49.305268,250.006807,255.525983,242.207899,0.952828,3.334779,-2.381951
2024-03-22,262.950012,265.250000,258.450012,263.250000,249.990997,13025089,49.573828,248.872523,255.087343,243.109937,0.745648,2.816953,-2.071305
2024-03-26,261.649994,267.899994,259.299988,265.500000,252.127640,10830926,51.642963,248.355503,254.671313,244.077728,0.745274,2.402617,-1.657343
2024-03-27,265.000000,268.200012,259.649994,261.750000,248.566528,28563001,48.100382,249.030799,254.198757,245.059193,0.452411,2.012576,-1.560165
2024-03-28,262.450012,271.000000,261.950012,268.049988,254.549210,18888942,53.830445,249.537267,254.117358,246.162552,0.695055,1.749072,-1.054017
2024-04-01,268.049988,271.500000,267.799988,269.899994,256.306030,6440401,55.388068,250.713759,254.142229,247.088399,1.017385,1.602734,-0.585350
2024-04-02,270.100006,274.049988,269.450012,272.500000,258.775116,14439120,57.555387,251.863871,254.447471,247.877306,1.455292,1.573246,-0.117953
2024-04-03,275.049988,279.000000,273.850006,275.350006,261.481567,22600929,59.857492,253.562663,254.933593,248.689919,1.997697,1.658136,0.339561
2024-04-04,278.649994,278.649994,265.350006,269.000000,255.451370,24624383,52.964563,254.106064,254.863502,249.440265,1.918851,1.710279,0.208572
2024-04-05,267.850006,271.899994,266.500000,267.950012,254.454254,13029904,51.900287,254.633635,254.354770,250.143532,1.755668,1.719357,0.036311
2024-04-08,267.549988,272.000000,266.600006,270.399994,256.780823,13011300,54.212209,255.388060,253.751074,250.736429,1.793405,1.734167,0.059239
2024-04-09,270.000000,272.649994,268.000000,268.950012,255.403900,13173933,52.600816,255.752089,253.240082,251.525300,1.692694,1.725872,-0.033178
2024-04-10,269.950012,273.200012,269.149994,272.000000,258.300262,11137195,55.591035,256.833615,252.964236,252.289298,1.825548,1.745807,0.079741
2024-04-12,271.899994,272.500000,265.000000,265.700012,252.317596,21894584,48.749841,256.585658,252.588905,252.941494,1.431582,1.682962,-0.251380
2024-04-15,269.100006,282.950012,267.100006,279.850006,265.754883,75063828,60.505882,257.635530,253.016241,253.518578,2.178526,1.782075,0.396451
2024-04-16,277.000000,292.549988,275.250000,283.149994,268.888672,79082544,62.657251,258.759259,254.273375,254.217669,2.988900,2.023440,0.965460
2024-04-18,286.000000,287.700012,273.350006,274.149994,260.341949,34136482,54.015264,258.632634,254.766277,254.693205,2.907957,2.200344,0.707614
2024-04-19,276.750000,280.799988,274.100006,275.250000,261.386566,32658724,54.835208,259.292101,255.512418,255.273642,2.894733,2.339221,0.555512
2024-04-22,277.299988,278.000000,273.750000,276.799988,262.858490,14184019,56.025050,260.225905,256.199770,255.706763,2.968802,2.465138,0.503664
2024-04-23,276.850006,278.750000,275.549988,276.799988,262.858490,8799147,56.025050,260.901201,256.993391,256.035279,2.993001,2.570710,0.422290
2024-04-24,277.600006,280.399994,276.299988,279.350006,265.280090,9253985,58.129708,261.998556,257.694312,256.239691,3.171028,2.690774,0.480254
2024-04-25,279.350006,282.600006,278.000000,281.950012,267.749146,17050557,60.220215,263.048431,258.553504,256.499856,3.471332,2.846885,0.624447
2024-04-26,283.000000,286.149994,282.200012,282.899994,268.651276,11070290,60.986661,264.863285,259.442089,256.754770,3.739019,3.025312,0.713707
2024-04-29,283.950012,285.250000,282.149994,283.200012,268.936157,8952420,61.240627,265.216760,260.242494,257.118040,3.928860,3.206022,0.722839
2024-04-30,284.500000,286.350006,281.450012,282.850006,268.603821,10658906,60.743848,265.185109,261.196651,257.651887,4.006312,3.366080,0.640233
2024-05-02,281.000000,284.600006,279.049988,282.799988,268.556274,15677336,60.668024,266.097812,261.863654,258.155438,4.017545,3.496373,0.521172
2024-05-03,284.000000,292.950012,284.000000,286.100006,271.690125,28913016,63.869329,267.242652,262.596230,258.548850,4.230556,3.643209,0.587346
2024-05-06,288.700012,288.750000,275.250000,282.149994,267.939026,15491865,57.804635,267.807156,263.032607,258.713639,4.050000,3.724567,0.325432
2024-05-07,283.899994,285.000000,272.000000,273.600006,259.819672,13179001,47.328779,267.469510,262.953469,258.693156,3.214687,3.622591,-0.407904
2024-05-08,273.500000,280.250000,272.350006,276.850006,262.906006,12797721,50.966473,267.205722,263.308451,258.734121,2.769808,3.452035,-0.682227
2024-05-09,277.250000,278.549988,263.200012,265.250000,251.890244,14869187,40.274863,265.443622,263.186356,258.522781,1.510941,3.063816,-1.552875
2024-05-10,267.000000,271.200012,264.450012,270.250000,256.638428,9530738,45.574639,264.108861,263.179575,258.472506,0.886204,2.628294,-1.742090
2024-05-13,271.899994,271.899994,262.049988,266.899994,253.457138,7163239,42.832235,262.388970,263.086872,258.327268,0.132860,2.129207,-1.996347
2024-05-14,267.950012,274.649994,266.450012,272.899994,259.154938,9123849,48.777333,261.339094,263.127571,258.340302,-0.004356,1.702494,-1.706850
2024-05-15,274.500000,276.000000,272.500000,273.450012,259.677277,6368662,49.297885,260.352539,263.478032,258.407335,-0.070144,1.347967,-1.418110
2024-05-16,276.000000,279.350006,273.799988,277.649994,263.665680,23757779,53.208125,259.460934,263.378546,258.561883,0.197276,1.117829,-0.920552
2024-05-17,278.799988,283.399994,276.600006,277.450012,263.475769,11529157,52.998532,258.965017,263.120789,258.779741,0.389395,0.972142,-0.582747
2024-05-21,281.100006,284.000000,278.350006,280.100006,265.992310,17559555,55.500014,259.650865,263.389853,259.068355,0.736228,0.924959,-0.188731
2024-05-22,284.000000,284.000000,276.899994,278.000000,263.998077,17935064,53.088749,259.772207,263.514211,259.207076,0.840489,0.908065,-0.067576
2024-05-23,279.950012,284.549988,279.100006,283.450012,269.173584,17719819,58.168236,261.692578,263.814930,259.286212,1.325458,0.991544,0.333914
2024-05-24,284.000000,285.950012,281.850006,283.250000,268.983673,11041667,57.920404,263.064272,264.106605,259.276903,1.675164,1.128268,0.546897
2024-05-27,284.000000,284.200012,275.700012,277.649994,263.665680,13719808,51.325803,264.198554,264.029728,259.228490,1.505834,1.203781,0.302053
2024-05-28,279.299988,279.299988,273.049988,274.299988,260.484406,6927361,47.818368,264.346273,263.683788,259.157733,1.102230,1.183471,-0.081241
2024-05-29,273.799988,273.799988,270.250000,271.850006,258.157837,8327205,45.376168,264.177446,263.184101,259.117700,0.587859,1.064348,-0.476489
2024-05-30,273.000000,275.100006,265.000000,266.700012,253.267242,15390964,40.673654,263.022064,262.437962,259.048806,-0.211969,0.809085,-1.021054
2024-05-31,268.450012,268.450012,263.000000,264.350006,251.035568,24167379,38.702610,261.639820,261.601379,259.216388,-1.014225,0.444423,-1.458648
2024-06-03,277.950012,286.549988,273.200012,284.100006,269.790833,30195397,57.390692,262.061878,261.660167,259.604621,-0.135069,0.328524,-0.463594
2024-06-04,285.000000,285.000000,223.000000,236.300003,224.398361,72779900,31.979020,257.661909,259.408178,259.186596,-3.065784,-0.350337,-2.715447
2024-06-05,247.000000,249.750000,230.449997,247.500000,235.034256,37078551,38.815154,253.868651,257.841285,258.924050,-4.478543,-1.175978,-3.302565
2024-06-06,254.000000,259.500000,249.250000,252.300003,239.592499,30881233,41.527394,250.602965,256.878086,258.794639,-5.170748,-1.974932,-3.195815
2024-06-07,253.500000,260.799988,251.800003,260.399994,247.284531,22010688,45.886694,248.782837,256.134206,258.730400,-5.040538,-2.588053,-2.452484
2024-06-10,264.000000,264.000000,258.049988,259.149994,246.097473,14138524,45.325105,247.184289,255.858360,258.659642,-4.975773,-3.065597,-1.910176
2024-06-11,266.850006,275.000000,265.250000,273.549988,259.772156,47270206,52.532210,247.363658,256.007585,258.851429,-3.777470,-3.207972,-0.569498
2024-06-12,278.000000,279.100006,274.600006,275.500000,261.623993,20560662,53.427518,248.292185,256.396483,259.037632,-2.647856,-3.095949,0.448093
2024-06-13,278.000000,278.000000,272.500000,276.549988,262.621094,16013386,53.931367,249.579466,256.561538,259.313212,-1.653115,-2.807382,1.154267
2024-06-14,277.000000,278.200012,274.600006,275.399994,261.529022,10642648,53.251847,248.661487,256.649716,259.450071,-0.942037,-2.434313,1.492276
2024-06-18,278.950012,279.000000,274.000000,275.799988,261.908844,17044769,53.471428,252.829319,256.566057,259.559930,-0.343890,-2.016228,1.672338
2024-06-19,275.899994,276.600006,271.100006,271.549988,257.872955,13361607,50.743973,255.366952,256.299257,259.542241,-0.193288,-1.651640,1.458352
2024-06-20,271.799988,274.000000,269.100006,271.850006,258.157837,12826509,50.934223,257.429767,255.926187,259.477070,-0.050368,-1.331386,1.281018
2024-06-21,271.450012,274.750000,268.899994,269.649994,256.068634,17406416,49.426486,258.405779,255.548594,259.489173,-0.104479,-1.086004,0.981526
2024-06-24,269.649994,271.250000,266.600006,269.899994,256.306030,7282347,49.609021,259.540063,254.935854,259.525482,-0.126745,-0.894152,0.767407
2024-06-25,270.100006,270.799988,265.000000,267.000000,253.552094,14425434,47.468621,258.848945,254.201016,259.462174,-0.362433,-0.787809,0.425375
2024-06-26,266.899994,269.149994,264.100006,267.750000,254.264297,10650910,48.092357,258.031201,253.753332,259.439829,-0.486145,-0.727476,0.241331
2024-06-27,267.399994,268.100006,263.500000,267.500000,254.026901,22830930,47.888247,257.076291,253.445831,259.356037,-0.596467,-0.701274,0.104807
2024-06-28,269.000000,275.450012,268.350006,274.200012,260.389465,19532912,53.575227,256.949673,253.552099,259.514309,-0.168550,-0.594729,0.426179
2024-07-01,275.000000,275.799988,271.600006,272.950012,259.202423,11750972,52.425726,256.648960,253.834727,259.385830,0.073941,-0.460995,0.534936
2024-07-02,273.200012,279.799988,271.500000,274.850006,261.006714,24470518,54.039903,256.997155,254.309543,259.231281,0.407016,-0.287393,0.694409
2024-07-03,276.000000,277.700012,274.000000,274.700012,260.864288,9125400,53.884482,257.297872,253.884470,259.241523,0.651972,-0.099520,0.751492
2024-07-04,275.000000,278.899994,273.049988,277.049988,263.095886,13444669,56.018870,258.078678,255.727209,259.275039,1.014479,0.123280,0.891199
2024-07-05,277.250000,289.299988,276.500000,288.200012,273.684326,39781962,64.430884,260.009599,257.567689,259.487311,2.131595,0.524943,1.606652
2024-07-08,290.000000,303.000000,287.350006,299.149994,284.082825,53136198,70.415326,263.401903,259.686276,259.903474,3.812046,1.182363,2.629683
2024-07-09,300.799988,301.850006,293.350006,297.450012,282.468445,18686252,68.488735,266.535697,261.361700,260.240501,4.956415,1.937174,3.019241
2024-07-10,299.700012,299.799988,288.850006,298.149994,283.133179,19278800,68.866462,269.769728,263.125305,260.542148,5.849544,2.719648,3.129896
2024-07-11,300.000000,307.200012,295.149994,304.750000,289.400757,36020507,72.244728,272.993205,264.536191,260.949001,6.982605,3.572239,3.410366
2024-07-12,306.799988,311.750000,304.200012,307.100006,291.632416,31788101,73.353442,276.596537,265.965163,261.394026,7.968781,4.451547,3.517234
2024-07-15,311.799988,323.649994,308.649994,322.500000,306.256744,51435537,79.213353,281.624318,268.043052,262.132318,9.817227,5.524683,4.292544
2024-07-16,323.600006,327.600006,319.750000,322.649994,306.399200,37468292,79.261196,286.683753,270.179727,262.874336,11.164926,6.652732,4.512194
2024-07-18,325.100006,333.299988,321.649994,331.700012,314.993408,48189915,81.958993,292.450144,272.707563,263.723420,12.779158,7.878017,4.901141
2024-07-19,333.000000,333.200012,318.049988,319.649994,303.550293,26579496,69.074524,295.768585,274.882674,264.421681,12.985398,8.899493,4.085904
2024-07-22,320.000000,323.350006,314.500000,320.799988,304.642365,22234557,69.566243,298.052979,277.096223,265.300557,13.086116,9.736818,3.349298
2024-07-23,320.049988,321.399994,297.399994,314.149994,298.327301,37871058,63.298577,299.815074,279.108541,265.995092,12.512131,10.291881,2.220251
2024-07-24,313.049988,325.750000,312.100006,319.549988,303.455292,28259305,65.979030,302.073086,281.353744,267.006171,12.328910,10.699286,1.629624
2024-07-25,318.049988,337.549988,316.100006,335.799988,318.886841,42054664,72.490208,305.349318,284.464922,268.226729,13.275867,11.214603,2.061265
2024-07-26,336.500000,338.500000,330.100006,331.600006,314.898407,25703985,68.823894,307.934428,287.352261,269.431459,13.548328,11.681348,1.866980
2024-07-29,333.799988,339.549988,330.750000,332.899994,316.132935,26721790,69.340779,309.031782,290.309691,270.548675,13.705878,12.086254,1.619624
2024-07-30,332.000000,338.250000,331.000000,331.899994,315.183289,19792253,68.401310,310.007792,292.918921,271.637028,13.597367,12.388476,1.208890
2024-07-31,332.049988,337.450012,329.750000,334.200012,317.367462,21393361,69.427288,310.271576,295.688684,272.690004,13.531631,12.617107,0.914524
2024-08-01,337.799988,344.700012,337.149994,341.750000,324.537170,36044960,72.575127,312.603451,298.713944,273.887287,13.897865,12.873259,1.024606
2024-08-02,338.000000,338.000000,328.649994,330.100006,313.473969,22939377,61.971913,313.584741,301.219167,274.818300,13.143886,12.927384,0.216501
2024-08-05,320.350006,323.299988,306.000000,310.250000,294.623749,37986023,48.870532,313.173235,302.720494,275.418803,10.899652,12.521838,-1.622186
2024-08-06,314.799988,322.450012,305.149994,306.100006,290.682770,28386636,46.650052,311.754066,303.529944,275.840552,8.702756,11.758021,-3.055265
2024-08-07,312.399994,330.950012,312.000000,329.100006,312.524323,66110716,58.031287,311.047119,304.884301,276.694290,8.624711,11.131359,-2.506648
2024-08-08,329.000000,329.000000,321.700012,322.700012,306.446686,23478224,54.544373,310.108039,306.026122,277.533133,7.980452,10.501178,-2.520726
2024-08-09,333.950012,335.850006,328.200012,332.549988,315.800537,29814474,58.661326,310.071106,307.581710,278.617763,8.130921,10.027127,-1.896205
2024-08-12,332.750000,344.700012,329.899994,341.299988,324.109863,34754596,61.957551,311.062948,309.234525,279.910940,8.819002,9.785502,-0.966499
2024-08-13,344.100006,345.000000,332.950012,335.899994,318.981842,28943385,58.839400,311.242323,310.536878,281.199462,8.848523,9.598106,-0.749583
2024-08-14,335.850006,336.500000,326.799988,328.149994,311.622162,17812763,54.592883,309.807322,310.792374,282.387434,8.183717,9.315228,-1.131511
2024-08-16,332.549988,335.750000,328.649994,329.600006,312.999176,16584396,55.243736,309.754567,311.106659,283.234657,7.679443,8.988071,-1.308628
2024-08-19,335.000000,338.750000,333.549988,335.299988,318.412048,19636518,57.804107,312.397712,311.269451,285.078062,7.628637,8.716184,-1.087547
2024-08-20,335.850006,336.000000,328.049988,330.100006,313.473969,14972714,54.728186,314.930067,311.742007,286.616096,7.107975,8.394542,-1.286567
2024-08-21,330.649994,331.500000,326.500000,327.700012,311.194855,11835143,53.317980,314.782349,312.054031,288.020064,6.437237,8.003081,-1.565844
2024-08-22,328.549988,330.500000,323.600006,324.350006,308.013580,13387819,51.329776,314.956448,312.515282,289.210829,5.584595,7.519384,-1.934790
2024-08-23,324.399994,324.799988,317.549988,318.899994,305.190399,13229612,49.563450,313.777544,312.597906,290.369514,4.627716,6.941051,-2.313334
2024-08-26,323.500000,329.100006,322.799988,327.850006,313.755646,21346682,54.660977,312.627075,312.353564,291.428014,4.508556,6.454552,-1.945996
2024-08-27,329.399994,332.549988,326.000000,328.850006,314.712646,20165503,55.205723,312.152720,312.344718,292.468968,4.440158,6.051673,-1.611514
2024-08-28,328.649994,330.299988,324.649994,327.799988,313.707764,12446738,54.465721,312.384454,312.229234,293.470667,4.255809,5.692500,-1.436691
2024-08-29,326.100006,330.149994,324.950012,329.600006,315.430420,13799961,55.565331,312.654592,312.241002,294.527557,4.200297,5.394059,-1.193763
2024-08-30,330.450012,334.399994,329.549988,330.750000,316.530945,19666466,56.291523,312.445580,312.201168,295.598579,4.196728,5.154593,-0.957865
2024-09-02,330.000000,331.950012,325.799988,326.200012,312.176575,8975511,52.626756,312.301426,311.612568,296.663356,3.798750,4.883425,-1.084675
2024-09-03,327.000000,328.000000,321.649994,322.200012,308.348541,10321111,49.571348,311.985168,311.368500,297.647487,3.138282,4.534396,-1.396114
2024-09-04,315.000000,316.200012,308.399994,314.399994,300.883850,25397204,44.184294,311.192976,311.666600,298.526217,1.989584,4.025434,-2.035850
2024-09-05,316.950012,316.950012,310.149994,311.399994,298.012817,15571640,42.281122,310.395467,312.015650,299.343997,0.837905,3.387928,-2.550023
2024-09-06,311.500000,313.149994,303.700012,308.799988,295.524597,27946491,40.647038,308.369795,311.206139,300.166987,-0.272446,2.655853,-2.928299
2024-09-09,308.700012,308.700012,294.649994,298.899994,286.050201,30369085,35.086516,305.185079,310.234878,300.790240,-1.895067,1.745669,-3.640736
2024-09-10,300.100006,301.500000,295.000000,295.600006,282.892090,15618589,33.444159,301.761115,308.667809,301.356225,-3.396685,0.717198,-4.113883
2024-09-11,292.399994,292.399994,283.250000,285.299988,273.034851,44826300,28.897430,297.050496,306.235665,301.604173,-5.320789,-0.490399,-4.830390
2024-09-12,288.000000,294.750000,286.500000,294.049988,281.408691,21964895,36.762580,293.148024,304.446468,302.039590,-6.099644,-1.612248,-4.487396
2024-09-13,295.700012,297.250000,291.049988,291.450012,278.920471,13672371,35.505770,289.452901,302.889244,302.390840,-6.838837,-2.657566,-4.181271
2024-09-16,294.799988,295.399994,291.350006,292.500000,279.925354,10971110,36.450670,286.294769,301.314301,302.764587,-7.259879,-3.578029,-3.681851
2024-09-17,293.700012,296.600006,292.149994,294.649994,281.982880,11873436,38.439428,284.194661,299.579578,303.134920,-7.342889,-4.331001,-3.011889
2024-09-18,297.600006,297.799988,287.899994,290.399994,277.915619,13421760,36.038500,281.961639,297.886323,303.217887,-7.648700,-4.994541,-2.654159
2024-09-19,287.399994,289.200012,282.500000,285.250000,272.987030,17067311,33.322411,279.457465,296.066903,303.000322,-8.194294,-5.634491,-2.559803
2024-09-20,287.000000,289.049988,285.200012,286.250000,273.944000,16585530,34.356903,278.112332,294.444542,302.833176,-8.452032,-6.197999,-2.254033
2024-09-23,288.399994,296.399994,287.549988,295.450012,282.748535,14621229,43.103256,278.096381,293.375882,302.825634,-7.855288,-6.529457,-1.325831
2024-09-24,296.299988,302.000000,294.700012,299.450012,286.576569,16986759,46.444412,279.601017,292.081640,302.770258,-6.992865,-6.622139,-0.370726
2024-09-25,299.450012,301.200012,296.700012,298.700012,285.858795,10609614,45.900136,280.095473,290.707647,302.657049,-6.294744,-6.556660,0.261916
2024-09-26,297.049988,298.700012,291.500000,295.200012,282.509277,27812412,43.347272,280.494229,289.222005,302.191413,-5.943247,-6.433977,0.490731
2024-09-27,292.700012,298.450012,289.700012,297.200012,284.423279,35706130,45.222110,280.993998,287.745475,301.760512,-5.447444,-6.236670,0.789227
2024-09-30,297.000000,301.799988,293.750000,297.600006,284.806091,16294341,45.609806,281.307688,286.234767,301.168604,-4.966377,-5.982612,1.016235
2024-10-01,297.000000,299.149994,290.700012,291.950012,279.398987,10919818,41.176762,281.472507,284.673930,300.695049,-4.964212,-5.778932,0.814720
2024-10-03,295.000000,298.000000,290.549988,292.049988,279.494690,28124665,41.285538,282.195580,283.299937,300.201958,-4.898310,-5.602807,0.704498
2024-10-04,297.000000,299.700012,293.200012,295.250000,282.557129,23104209,44.802986,283.152595,282.427236,299.892738,-4.546558,-5.391558,0.845000
2024-10-07,296.000000,296.299988,281.500000,289.450012,277.006470,20917962,40.112439,282.514587,281.426934,299.374134,-4.661944,-5.245635,0.583691
2024-10-08,288.149994,293.899994,280.549988,293.450012,280.834503,10572360,44.433085,281.876580,280.727405,298.628010,-4.393849,-5.075278,0.681429
2024-10-09,291.250000,291.899994,286.850006,288.500000,276.097290,13147475,40.535632,280.791968,280.253457,297.867204,-4.511627,-4.962548,0.450920
2024-10-10,288.700012,292.149994,287.549988,288.750000,276.336548,7237212,40.817985,280.106110,279.941289,297.086882,-4.533404,-4.876719,0.343315
2024-10-11,291.299988,293.649994,289.500000,292.549988,279.973175,7011704,45.086088,279.611654,280.271685,296.396488,-4.208701,-4.743115,0.534415
2024-10-14,292.700012,292.899994,285.149994,286.500000,274.183258,12690951,40.124578,278.431339,279.927617,295.549739,-4.368215,-4.668135,0.299920
2024-10-15,286.399994,286.399994,280.850006,283.700012,271.503662,15087155,38.038291,277.554081,279.574435,294.509866,-4.657167,-4.665942,0.008774
2024-10-16,283.000000,287.250000,280.649994,285.399994,273.130554,18188885,40.075530,276.846954,279.250873,293.718819,-4.700701,-4.672893,-0.027807
2024-10-17,285.000000,287.600006,280.950012,281.600006,269.493958,13343303,37.136271,275.395491,278.656163,293.226078,-4.971338,-4.732582,-0.238756
2024-10-18,282.000000,284.500000,279.200012,283.299988,271.120819,14028398,39.281720,274.741530,278.332601,292.842510,-4.996944,-4.785455,-0.211489
2024-10-21,281.149994,284.000000,274.549988,276.600006,264.708893,10299773,34.311453,272.949795,277.938404,291.904953,-5.471553,-4.922674,-0.548879
2024-10-22,278.000000,278.149994,270.000000,270.799988,259.158234,10028511,30.691163,271.067678,277.234320,290.977728,-6.223832,-5.182906,-1.040926
2024-10-23,270.000000,274.399994,265.049988,270.850006,259.206085,18823321,30.758991,269.164293,276.113251,289.868033,-6.738480,-5.494021,-1.244459
2024-10-24,271.899994,272.450012,268.350006,269.100006,257.531311,7488521,29.664779,266.670753,274.730143,288.562571,-7.198502,-5.834917,-1.363585
2024-10-25,270.000000,270.299988,261.600006,264.049988,252.698395,12961181,26.711742,264.283546,273.151077,287.262896,-7.862416,-6.240417,-1.622000
2024-10-28,260.649994,265.049988,255.300003,263.350006,252.028519,13835091,26.320636,262.119641,271.699612,286.094393,-8.346414,-6.661616,-1.684798
2024-10-29,263.350006,265.549988,259.399994,265.000000,253.607559,9122757,28.961050,259.950419,270.232197,284.929851,-8.504536,-7.030200,-1.474336
2024-10-30,265.000000,266.200012,261.049988,261.649994,250.401581,11166643,26.856642,257.829044,268.593887,283.596313,-8.787250,-7.381610,-1.405640
2024-10-31,263.399994,268.299988,261.149994,266.149994,254.708130,16173656,33.813866,256.005412,267.418132,282.444042,-8.565067,-7.618302,-0.946766
2024-11-01,269.799988,274.000000,268.649994,271.750000,260.067383,2955757,41.296961,255.489688,266.493022,281.441542,-7.865867,-7.667815,-0.198052
2024-11-04,274.000000,274.350006,260.149994,265.299988,253.894638,14355959,36.217769,254.904844,265.128141,280.380386,-7.720833,-7.678418,-0.042415
2024-11-05,265.200012,268.600006,263.600006,267.399994,255.904373,11676017,38.854618,254.537988,264.123279,279.413994,-7.358895,-7.614514,0.255619
2024-11-06,267.700012,270.600006,264.399994,269.049988,257.483459,19244545,40.921276,254.532671,263.011325,278.310617,-6.865496,-7.464710,0.599214
2024-11-07,270.500000,270.500000,264.799988,265.200012,253.798965,6766663,37.717892,254.654956,261.949500,277.116232,-6.694611,-7.310690,0.616079
2024-11-08,265.950012,266.500000,259.649994,262.549988,251.262863,7836093,35.649257,254.569884,260.755515,275.891822,-6.686745,-7.185901,0.499156
2024-11-11,262.350006,262.350006,256.000000,256.899994,245.855789,8450657,31.662157,253.708576,259.130878,274.527613,-7.035713,-7.155864,0.120151
2024-11-12,260.850006,263.200012,255.399994,256.149994,245.138031,22445400,31.163894,253.123737,257.747771,273.127752,-7.286199,-7.181931,-0.104269
2024-11-13,256.149994,256.950012,249.000000,252.550003,241.692795,17483332,28.819501,251.677589,256.328206,271.745717,-7.674249,-7.280394,-0.393855
2024-11-14,252.550003,254.300003,249.000000,250.800003,240.018036,12454540,27.727537,249.449883,254.751420,270.405904,-8.024420,-7.429200,-0.595221
2024-11-18,251.100006,252.100006,247.100006,250.649994,239.874481,14636541,27.630895,247.892088,253.340969,269.209641,-8.218776,-7.587115,-0.631661
2024-11-19,250.000000,255.399994,247.100006,248.000000,243.159088,17397559,33.354583,246.475945,252.009458,268.134078,-8.015368,-7.672765,-0.342602
2024-11-21,248.000000,248.000000,240.800003,242.149994,237.423279,16189440,29.035877,244.247036,250.710143,266.994837,-8.222216,-7.782656,-0.439561
2024-11-22,244.800003,246.949997,243.500000,245.600006,240.805939,9637581,34.428059,242.803367,249.836224,266.107694,-8.020735,-7.830271,-0.190464
2024-11-25,248.500000,260.500000,247.949997,257.899994,252.865829,31973671,49.237493,242.981474,249.534307,265.518944,-6.809432,-7.626104,0.816671
2024-11-26,256.950012,258.250000,252.550003,254.250000,249.287094,9242451,45.922968,243.362730,249.141725,265.053302,-6.068289,-7.314541,1.246252
2024-11-27,255.000000,255.500000,250.550003,254.300003,249.336121,11689970,45.976621,243.829185,248.981617,264.424428,-5.414556,-6.934544,1.519988
2024-11-28,255.000000,257.399994,251.199997,252.199997,247.277100,14202863,44.002072,244.449663,248.755359,263.803969,-5.004920,-6.548619,1.543699
2024-11-29,253.800003,258.649994,252.250000,256.700012,251.689285,11476347,49.051476,245.746468,248.664012,263.250321,-4.274974,-6.093890,1.818916
2024-12-02,255.500000,258.299988,252.699997,257.549988,252.522659,13677959,49.969126,247.151822,248.765016,262.672670,-3.587882,-5.592688,2.004806
2024-12-03,260.399994,264.700012,258.850006,262.350006,257.228973,15345326,54.908438,248.715142,248.885056,262.267049,-2.633242,-5.000799,2.367557
2024-12-04,263.850006,264.299988,260.000000,260.700012,255.611206,10713838,52.972469,250.736023,248.672857,261.926347,-1.984349,-4.397509,2.413160
2024-12-05,260.700012,263.250000,256.899994,261.299988,256.199463,12896743,53.612929,252.446415,248.782611,261.578415,-1.406417,-3.799291,2.392874
2024-12-06,260.799988,263.000000,259.549988,260.049988,254.973862,8783386,52.023269,252.680640,248.738301,261.033813,-1.035362,-3.246505,2.211143
2024-12-09,260.049988,261.350006,257.700012,258.899994,253.846313,6800856,50.538604,253.187220,248.565103,260.392043,-0.822798,-2.761764,1.938966
2024-12-10,257.649994,258.750000,254.500000,256.899994,251.885361,11318782,47.974374,253.470469,248.473979,259.725898,-0.803311,-2.370073,1.566762
2024-12-11,257.500000,258.700012,255.649994,256.600006,251.591217,5353032,47.584365,253.949816,248.489615,259.119661,-0.802354,-2.056529,1.254175
2024-12-12,258.000000,258.600006,253.600006,254.050003,249.091003,7123877,44.288574,253.661118,248.643673,258.426872,-0.991908,-1.843605,0.851697
2024-12-13,253.000000,256.799988,249.500000,254.250000,249.287094,11143128,44.612593,253.301610,248.841248,257.730421,-1.113472,-1.697578,0.584106
2024-12-16,254.000000,256.299988,251.199997,251.800003,246.884918,7283872,41.433448,252.152271,249.088492,257.092890,-1.387652,-1.635593,0.247941
2024-12-17,251.750000,252.449997,246.500000,247.399994,242.570801,10066884,36.414639,250.703337,249.210052,256.368892,-1.930798,-1.694634,-0.236164
2024-12-18,247.399994,247.500000,243.399994,244.149994,239.384232,8430930,33.214335,248.834978,249.186707,255.522365,-2.588535,-1.873414,-0.715121
2024-12-19,240.000000,243.949997,238.550003,241.850006,237.129135,9518542,31.129310,246.852230,248.899566,254.740456,-3.254252,-2.149582,-1.104670
2024-12-20,241.500000,244.149994,235.300003,237.100006,232.471863,15556528,27.315601,244.477292,248.663784,253.792169,-4.110259,-2.541717,-1.568542
2024-12-23,238.250000,242.300003,236.850006,240.850006,236.148666,7722901,34.172231,242.728770,248.442009,253.008863,-4.440773,-2.921528,-1.519245
2024-12-24,241.000000,243.250000,238.600006,238.949997,234.285736,3577400,32.499386,240.805939,247.557243,252.184337,-4.797726,-3.296768,-1.500958
2024-12-26,240.000000,242.000000,239.000000,240.250000,235.560364,6330006,34.849409,239.302534,246.903589,251.313498,-4.921035,-3.621621,-1.299414
2024-12-27,240.000000,241.000000,236.300003,236.899994,232.275757,6487888,31.779045,237.412386,246.091191,250.491782,-5.223584,-3.942014,-1.281570
2024-12-30,236.050003,237.000000,231.149994,232.649994,228.108704,19401112,28.364731,235.326140,245.178410,249.640900,-5.733511,-4.300313,-1.433198
2024-12-31,232.649994,239.899994,232.350006,239.250000,234.579880,12004845,39.275714,234.438260,244.363677,248.885005,-5.551468,-4.550544,-1.000924
2025-01-01,237.809998,239.240005,236.350006,236.949997,232.324783,9418453,37.152047,233.653876,243.401873,248.156197,-5.525470,-4.745529,-0.779941
2025-01-02,237.050003,246.779999,237.000000,246.070007,241.266769,19745810,48.941283,234.113614,242.641768,247.570824,-4.728813,-4.742186,0.013373
2025-01-03,248.449997,262.750000,247.990005,258.890015,253.836533,49760410,60.233712,236.487466,242.557260,247.357640,-3.048045,-4.403358,1.355313
2025-01-06,259.109985,259.500000,251.449997,254.360001,249.394943,19265884,55.557878,237.959274,242.233235,247.166203,-2.050784,-3.932843,1.882059
2025-01-07,259.149994,267.399994,258.049988,263.489990,258.346710,52956766,61.966199,240.632716,242.393847,247.149353,-0.531982,-3.252671,2.720689
2025-01-08,266.450012,273.500000,265.750000,271.329987,266.033691,42237794,66.441150,244.018641,242.974198,247.316066,1.277231,-2.346690,3.623922
2025-01-09,272.029999,272.589996,261.709991,263.179993,258.042755,14706472,58.708221,246.881641,243.267407,247.420857,2.042697,-1.468813,3.511510
2025-01-10,264.000000,266.500000,258.470001,263.019989,257.885895,13053552,58.564130,250.190218,243.567154,247.535708,2.606630,-0.653724,3.260354
2025-01-13,266.029999,268.600006,254.610001,255.729996,250.738190,20416370,52.268774,251.985586,243.645591,247.479446,2.448565,-0.033267,2.481831
2025-01-14,257.519989,262.000000,256.820007,260.369995,255.287628,8470150,55.544376,254.537013,243.931331,247.575251,2.659739,0.505335,2.154404
2025-01-15,260.899994,264.470001,257.690002,258.179993,253.140366,9344731,53.672186,255.856301,244.229210,247.544510,2.623587,0.928985,1.694602
2025-01-16,260.000000,265.630005,260.000000,263.179993,258.042755,14195450,57.217716,256.323659,244.965969,247.504812,2.956438,1.334476,1.621962
2025-01-17,262.000000,267.000000,261.299988,266.570007,261.366608,12148143,59.481876,257.653844,246.012749,247.651321,3.448677,1.757316,1.691362
2025-01-20,268.100006,270.470001,265.010010,269.359985,264.102142,9676264,61.297267,258.293337,247.297178,247.812061,4.013254,2.208503,1.804750
2025-01-21,268.049988,269.350006,264.809998,265.799988,260.611633,8989218,57.742219,257.690886,248.637167,247.873398,4.131405,2.593084,1.538321
2025-01-22,266.000000,266.390015,261.709991,264.049988,258.895782,7919682,56.022174,257.785667,249.720363,247.973336,4.040015,2.882470,1.157545
2025-01-23,263.000000,263.829987,261.170013,263.049988,257.915314,5026675,55.013720,257.788935,250.845581,248.103776,3.844159,3.074808,0.769351
2025-01-24,262.989990,265.640015,255.750000,256.510010,251.502991,6306281,48.823685,257.873913,251.604754,248.214505,3.135379,3.086922,0.048457
2025-01-27,255.000000,256.440002,249.509995,250.779999,245.884827,6944911,44.137753,256.829158,252.252805,248.229148,2.096163,2.888770,-0.792607
2025-01-28,250.000000,252.399994,246.710007,248.679993,243.825806,8029472,42.526813,255.794206,253.001238,248.270972,1.093822,2.529781,-1.435959
2025-01-29,248.899994,252.000000,247.000000,251.399994,246.492722,5651586,45.311024,254.510869,253.568516,248.397927,0.508792,2.125583,-1.616790
2025-01-30,252.000000,259.399994,250.940002,256.720001,251.708878,12588155,50.374700,253.437788,254.491568,248.629974,0.460741,1.792615,-1.331873
2025-01-31,257.010010,263.489990,255.210007,262.609985,257.483887,8850307,55.308463,252.702426,255.263812,248.910852,0.878528,1.609797,-0.731269
2025-02-01,259.549988,262.500000,253.750000,257.549988,252.522659,10921673,50.649675,251.803652,255.201247,249.206918,0.800075,1.447853,-0.647778
2025-02-03,255.600006,256.350006,244.850006,249.000000,244.139572,25719512,43.917997,250.164073,254.950991,249.272284,0.060755,1.170433,-1.109678
2025-02-04,252.399994,257.500000,252.000000,254.100006,249.140030,8402532,48.329437,249.189041,254.512578,249.199229,-0.120280,0.912291,-1.032570
2025-02-05,259.000000,263.000000,257.750000,261.649994,256.542633,11590755,54.087155,249.749001,254.060622,249.341494,0.329776,0.795788,-0.466012
2025-02-06,262.649994,262.950012,254.300003,256.149994,251.149994,12327998,49.738992,250.334020,253.732396,249.377061,0.248443,0.686319,-0.437876
2025-02-07,252.949997,253.850006,247.500000,248.899994,248.899994,10098454,48.004935,250.897819,253.304496,249.408882,0.002402,0.549536,-0.547133
2025-02-10,248.949997,249.600006,241.800003,242.449997,242.449997,7582536,43.340278,250.448627,252.909820,249.227719,-0.704922,0.298644,-1.003566
2025-02-11,242.449997,242.449997,236.800003,238.949997,238.949997,6711630,41.011476,249.030974,252.131837,248.961589,-1.530262,-0.067137,-1.463125
2025-02-12,239.000000,241.250000,234.149994,237.399994,237.399994,5985956,39.986754,246.799430,251.382296,248.572785,-2.283104,-0.510330,-1.772773
2025-02-13,238.500000,239.449997,234.199997,234.949997,234.949997,10079210,38.355412,244.846912,250.282641,248.167664,-3.042360,-1.016736,-2.025624
2025-02-14,235.000000,237.949997,226.750000,230.500000,230.500000,8065352,35.520819,243.331404,248.812802,247.663753,-3.957534,-1.604896,-2.352638
2025-02-17,230.199997,234.300003,225.050003,233.649994,233.649994,6692422,38.959687,241.610289,247.362700,247.245637,-4.378169,-2.159551,-2.218619
2025-02-18,232.199997,237.149994,229.550003,236.600006,236.600006,6170974,42.075402,239.394441,246.219289,246.907475,-4.422504,-2.612141,-1.810363
2025-02-19,236.000000,238.800003,234.500000,238.300003,238.300003,6168581,43.853965,237.966665,245.238538,246.641095,-4.271229,-2.943959,-1.327270
2025-02-20,236.800003,242.649994,236.500000,241.899994,241.899994,8929816,47.528225,237.188887,244.475903,246.451071,-3.816854,-3.118538,-0.698316
2025-02-21,241.899994,243.050003,238.100006,239.899994,239.899994,5697387,45.737470,236.905553,243.923380,246.270855,-3.576910,-3.210212,-0.366697
2025-02-24,236.300003,237.949997,234.000000,234.350006,234.350006,6883143,41.108705,236.394443,243.374103,245.977971,-3.790891,-3.326348,-0.464543
2025-02-25,235.000000,236.699997,232.550003,233.000000,233.000000,5519036,40.047030,235.905555,242.858588,245.705718,-4.023031,-3.465685,-0.557347
2025-02-27,233.500000,233.850006,228.500000,231.000000,231.000000,9664032,38.462241,235.466666,242.120839,245.478839,-4.318606,-3.636269,-0.682337
2025-02-28,230.000000,230.500000,223.149994,225.250000,225.250000,17237276,34.264049,234.883333,240.860893,245.201698,-4.959656,-3.900946,-1.058709
2025-03-03,224.750000,226.000000,218.360001,225.130005,225.130005,11928529,34.180203,233.936668,239.320232,244.966420,-5.414955,-4.203748,-1.211207
2025-03-04,220.100006,227.750000,215.479996,226.759995,226.759995,12428265,36.454943,232.843333,238.093438,244.854423,-5.579934,-4.478985,-1.100949
2025-03-05,227.119995,231.250000,226.759995,228.940002,228.940002,7466729,39.468072,231.803333,237.369649,244.713077,-5.471698,-4.677528,-0.794171
2025-03-06,231.490005,233.570007,226.710007,232.600006,232.600006,10439208,44.247829,230.770001,236.582029,244.680023,-5.032577,-4.748537,-0.284039
2025-03-07,232.600006,236.470001,231.169998,232.889999,232.889999,9079049,44.620957,229.991113,235.455713,244.627663,-4.608051,-4.720440,0.112389
2025-03-10,232.889999,235.000000,222.479996,223.190002,223.190002,16489167,35.953277,228.751112,234.124285,244.449511,-4.996721,-4.775696,-0.221024
2025-03-11,220.899994,227.259995,220.100006,226.720001,226.720001,10941588,40.484173,228.053335,233.068095,244.422282,-4.962696,-4.813096,-0.149600
2025-03-12,227.100006,228.839996,222.360001,224.399994,224.399994,6994310,38.553746,227.320001,232.208571,244.222676,-5.064556,-4.863388,-0.201167
2025-03-13,228.149994,230.399994,224.869995,225.429993,225.429993,16105085,39.923384,227.340000,231.564761,244.087484,-5.004479,-4.891606,-0.112873
2025-03-17,226.520004,230.449997,226.240005,229.740005,229.740005,8788971,45.407075,227.852222,231.200000,243.861469,-4.556561,-4.824597,0.268036
2025-03-18,229.740005,229.740005,229.740005,229.740005,229.740005,0,45.407075,228.183334,230.951905,243.388988,-4.153701,-4.690418,0.536717
2025-03-19,232.500000,235.139999,231.600006,232.570007,232.570007,8626593,48.955182,228.586668,231.050477,243.059087,-3.564979,-4.465330,0.900351
2025-03-20,233.479996,237.039993,232.009995,235.589996,235.589996,18955995,52.502761,228.918889,231.142858,242.612877,-2.822193,-4.136703,1.314510
2025-03-21,235.800003,248.000000,235.800003,242.419998,242.419998,29285333,59.378731,229.977778,231.420000,242.149864,-1.663233,-3.642009,1.978776
2025-03-24,244.190002,246.399994,242.750000,243.830002,243.830002,10566066,60.645350,232.271111,231.683334,241.871182,-0.623782,-3.038363,2.414581
2025-03-25,244.009995,245.369995,240.550003,242.250000,242.250000,8915800,58.446123,233.996667,231.700001,241.564596,0.071671,-2.416357,2.488027
2025-03-26,243.350006,244.500000,239.369995,239.720001,239.720001,7543985,55.006327,235.698890,231.691430,241.348553,0.413901,-1.850305,2.264206
2025-03-27,238.869995,243.399994,238.649994,242.169998,242.169998,9935664,57.608215,237.558890,232.063810,241.091345,0.872755,-1.305693,2.178448
2025-03-28,243.440002,254.899994,243.259995,246.380005,246.380005,32905564,61.706175,239.407779,232.700953,240.958789,1.558151,-0.732924,2.291075
2025-04-01,247.000000,252.199997,246.699997,248.070007,248.070007,11258957,63.242290,241.444446,233.513811,240.763245,2.212201,-0.143899,2.356100
2025-04-02,250.050003,251.500000,248.000000,250.639999,250.639999,15337906,65.508187,243.452223,234.722858,240.552919,2.904436,0.465768,2.438668
2025-04-03,248.000000,249.619995,242.509995,243.309998,243.309998,11141370,55.079318,244.310001,235.588572,240.145230,2.828957,0.938406,1.890551
2025-04-04,240.559998,241.210007,224.199997,226.009995,226.009995,38336194,39.212419,242.486667,235.552858,239.466766,1.357525,1.022230,0.335295
2025-04-07,208.000000,220.800003,205.000000,219.839996,219.839996,27024128,35.306026,239.821111,235.119524,238.700967,-0.302970,0.757190,-1.060160
2025-04-08,223.000000,227.240005,219.179993,226.660004,226.660004,11309092,42.164553,238.088889,234.836667,238.088117,-1.056429,0.394466,-1.450895
2025-04-09,222.000000,224.059998,220.259995,221.940002,221.940002,16889575,39.076896,236.113334,234.315239,237.508451,-2.011231,-0.086674,-1.924558
2025-04-11,228.300003,231.399994,225.250000,230.369995,230.369995,13886447,46.598413,234.802222,234.657143,237.204239,-2.063898,-0.482118,-1.581779
2025-04-15,234.000000,234.000000,230.100006,232.690002,232.690002,12102239,48.483439,233.281111,234.941429,236.985890,-1.896568,-0.765008,-1.131560
2025-04-16,232.690002,242.000000,231.720001,241.220001,241.220001,18748952,54.800829,232.519999,235.742382,236.882503,-1.063401,-0.824687,-0.238714
2025-04-17,241.000000,244.610001,239.259995,243.490005,243.490005,12891813,56.335386,231.725555,236.602382,236.721348,-0.217433,-0.703236,0.485803
2025-04-21,244.009995,250.550003,241.750000,249.779999,249.779999,11698653,60.352183,232.444444,237.556668,236.570292,0.949606,-0.372668,1.322274
2025-04-22,248.970001,250.600006,247.259995,247.779999,247.779999,9896443,58.509128,234.863334,238.415715,236.477299,1.693587,0.040583,1.653004
2025-04-23,248.740005,252.750000,244.919998,252.169998,252.169998,16555874,61.302612,238.455556,239.349048,236.634758,2.607378,0.553942,2.053435
2025-04-24,250.000000,251.369995,248.000000,249.369995,249.369995,6538518,58.592934,240.978889,240.005238,236.639267,3.070235,1.057201,2.013034
2025-04-25,249.000000,250.679993,244.399994,246.330002,246.330002,15616265,55.713558,243.688889,240.191429,236.439019,3.155377,1.476836,1.678541
2025-04-28,246.000000,251.949997,244.380005,250.600006,250.600006,7669983,58.777811,245.936668,240.513810,236.428235,3.526752,1.886819,1.639933
2025-04-29,251.240005,252.100006,245.100006,245.679993,245.679993,8030552,54.130335,247.380000,240.677143,236.365098,3.385045,2.186464,1.198581
2025-04-30,245.500000,247.440002,242.220001,244.449997,244.449997,9822483,53.002051,247.738888,240.902381,236.404314,3.137325,2.376636,0.760689
2025-05-02,241.000000,246.270004,239.000000,242.740005,242.740005,10203190,51.398069,247.655555,240.929524,236.478628,2.771081,2.455525,0.315555
2025-05-05,240.000000,241.149994,234.500000,239.199997,239.199997,20086323,48.149489,246.479999,240.587619,236.513922,2.170164,2.398453,-0.228289
2025-05-06,241.130005,242.990005,236.000000,237.000000,237.000000,11350559,46.195385,245.282221,240.060476,236.554118,1.499130,2.218588,-0.719458
2025-05-07,232.300003,240.089996,232.070007,238.669998,238.669998,16689539,47.923130,243.782221,239.490476,236.714314,1.089527,1.992776,-0.903249
2025-05-08,237.660004,239.339996,231.399994,233.220001,233.220001,15026122,43.063187,241.987778,239.010000,236.705883,0.321439,1.658509,-1.337070
2025-05-09,229.100006,235.300003,228.449997,234.960007,234.960007,11184507,44.981561,240.724445,239.436191,236.673726,-0.145199,1.297767,-1.442966
2025-05-12,239.000000,244.600006,238.110001,244.020004,244.020004,11374237,53.724431,239.993334,240.587620,236.785883,0.213591,1.080932,-0.867341
2025-05-13,244.149994,245.289993,240.289993,241.160004,241.160004,9336026,50.970895,239.491113,241.278096,236.771373,0.264112,0.917568,-0.653456
2025-05-14,241.160004,246.899994,241.160004,246.009995,246.009995,8234859,55.167264,239.664446,242.424286,236.891177,0.687578,0.871570,-0.183992
2025-05-15,244.949997,248.919998,242.300003,247.610001,247.610001,16812750,56.490299,240.205556,243.245239,237.151177,1.139154,0.925087,0.214067
2025-05-16,247.059998,249.389999,246.199997,247.270004,247.270004,8030229,56.111364,241.102224,243.939524,237.430981,1.452848,1.030639,0.422209
2025-05-19,248.000000,249.449997,244.910004,246.580002,246.580002,8043270,55.300625,242.166668,244.194762,237.736471,1.627021,1.149915,0.477105
2025-05-20,246.789993,252.699997,246.789993,249.259995,249.259995,13183059,57.848130,243.343335,244.469524,238.207255,1.958728,1.311678,0.647050
2025-05-21,251.500000,251.949997,247.759995,248.679993,248.679993,7158307,57.089810,245.061111,244.417143,238.669020,2.150023,1.479347,0.670676
2025-05-22,248.679993,250.479996,239.610001,241.669998,241.669998,18502235,48.768762,245.806666,244.126190,238.961373,1.716194,1.526716,0.189478
2025-05-23,242.500000,244.679993,240.149994,244.240005,244.240005,8725218,51.556527,245.831111,243.748571,239.261373,1.561757,1.533724,0.028032
2025-05-26,245.300003,247.130005,244.809998,245.940002,245.940002,7159571,53.364277,246.362222,243.585239,239.522941,1.558573,1.538694,0.019879
2025-05-27,246.850006,246.850006,242.919998,244.539993,244.539993,9712093,51.654731,246.198888,243.500000,239.751373,1.426636,1.516283,-0.089646
2025-05-28,244.639999,245.339996,241.300003,242.669998,242.669998,7385958,49.379272,245.649999,243.122381,240.133333,1.157835,1.444593,-0.286758
2025-05-29,243.600006,244.600006,241.350006,243.039993,243.039993,12938112,49.850000,245.179998,242.996666,240.453333,0.963557,1.348386,-0.384829
2025-05-30,243.039993,245.190002,238.889999,239.399994,239.399994,10108840,45.379170,244.382219,242.756190,240.747451,0.509993,1.180707,-0.670714
2025-06-02,239.000000,240.089996,237.660004,238.309998,238.309998,6278145,44.103597,243.165553,242.545237,241.000000,0.061874,0.956941,-0.895067
2025-06-03,240.500000,241.050003,236.600006,237.270004,237.270004,9515918,42.865521,241.897776,242.453333,241.147647,-0.372884,0.690976,-1.063860
2025-06-04,238.000000,238.500000,235.500000,238.050003,238.050003,6733580,44.132247,241.495555,242.503333,241.310588,-0.647035,0.423373,-1.070409
2025-06-05,238.050003,239.619995,236.220001,237.770004,237.770004,8941808,43.757204,240.776666,242.460476,241.412549,-0.876788,0.163341,-1.040129
2025-06-06,237.789993,240.470001,237.509995,240.059998,240.059998,5985346,47.673781,240.123332,242.786190,241.500196,-0.864125,-0.042152,-0.821973
2025-06-09,241.779999,244.119995,240.500000,242.800003,242.800003,7719525,51.982437,239.929999,243.159523,241.507647,-0.625780,-0.158878,-0.466902
2025-06-10,244.250000,245.000000,242.589996,244.679993,244.679993,7659657,54.736413,240.153332,243.190951,241.524314,-0.281940,-0.183490,-0.098450
2025-06-11,244.500000,250.399994,243.550003,247.320007,247.320007,20842417,58.349021,240.628889,243.484285,241.623725,0.201262,-0.106540,0.307802
2025-06-12,251.500000,255.199997,246.750000,247.880005,247.880005,35613271,59.094808,241.571113,243.573333,241.783726,0.622218,0.039212,0.583006
2025-06-13,255.550003,255.949997,249.119995,251.509995,251.509995,39320377,63.639675,243.037779,243.759047,241.966863,1.234508,0.278271,0.956237
2025-06-16,253.990005,257.500000,252.190002,256.790009,256.790009,41444122,69.029825,245.206668,244.212381,242.170980,2.121352,0.646887,1.474464
2025-06-17,256.940002,257.089996,251.550003,252.309998,252.309998,18781097,60.794745,246.791112,244.485237,242.254117,2.434617,1.004433,1.430184
2025-06-18,254.029999,255.889999,249.770004,250.360001,250.360001,12691905,57.575119,248.190001,244.537619,242.248627,2.496753,1.302897,1.193856
2025-06-19,250.500000,253.000000,248.199997,251.559998,251.559998,10790997,59.013619,249.467779,244.674762,242.410392,2.612708,1.564860,1.047849
2025-06-20,252.259995,253.250000,249.350006,251.889999,251.889999,15907673,59.421103,250.477778,245.161429,242.917843,2.700107,1.791909,0.908198
2025-06-23,253.009995,255.490005,250.330002,251.380005,251.380005,16776881,58.453899,251.222224,245.501429,243.536275,2.697128,1.972953,0.724175
2025-06-24,247.500000,248.000000,243.490005,243.919998,243.919998,22215004,46.524524,250.844445,245.405238,243.874706,2.068957,1.992154,0.076803
2025-06-25,244.000000,245.300003,241.500000,241.910004,241.910004,13056178,43.923516,250.181112,245.280000,244.266275,1.392881,1.872299,-0.479418
2025-06-26,242.000000,245.369995,241.539993,244.729996,244.729996,15769123,48.291299,249.427778,245.378095,244.547843,1.072275,1.712294,-0.640019
2025-06-27,245.009995,246.220001,242.000000,242.830002,242.830002,21691960,45.708074,247.876667,245.368096,244.746667,0.657302,1.501296,-0.843994
2025-06-30,244.000000,245.699997,243.000000,244.210007,244.210007,8783448,47.888493,246.976668,245.597144,244.805294,0.434776,1.287992,-0.853216
2025-07-01,245.300003,245.300003,241.300003,243.369995,243.369995,8470489,46.660094,246.200000,245.838096,244.802941,0.188468,1.068087,-0.879619
2025-07-02,242.899994,243.750000,240.199997,241.070007,241.070007,10419419,43.379039,245.034446,246.019049,244.632157,-0.190131,0.816444,-1.006574
2025-07-03,242.000000,246.199997,241.800003,244.050003,244.050003,13891239,48.438117,244.163335,246.304763,244.559020,-0.246867,0.603782,-0.850648
2025-07-04,245.199997,245.449997,242.509995,245.240005,245.240005,7717259,50.346058,243.481113,246.660477,244.423138,-0.193576,0.444310,-0.637886
2025-07-07,245.500000,245.500000,240.830002,241.520004,241.520004,9222263,44.769135,243.214447,246.730002,244.269216,-0.446370,0.266174,-0.712544
2025-07-08,242.410004,243.699997,240.649994,243.240005,243.240005,7537067,47.656252,243.362225,246.750954,244.208628,-0.502133,0.112513,-0.614645
2025-07-09,243.350006,244.589996,242.270004,243.350006,243.350006,9590680,47.844026,243.208893,246.687621,244.066471,-0.531324,-0.016255,-0.515070
2025-07-10,243.509995,244.690002,242.330002,243.089996,243.089996,8012201,47.411082,243.237781,246.486192,244.015687,-0.568882,-0.126780,-0.442102
2025-07-11,243.050003,243.089996,240.800003,241.759995,241.759995,5608382,45.159931,242.965558,246.194763,243.962942,-0.697921,-0.241008,-0.456913
2025-07-14,242.899994,244.889999,241.139999,244.220001,244.220001,7568906,49.898471,243.060003,245.847621,243.991961,-0.594827,-0.311772,-0.283055
2025-07-15,244.479996,245.369995,242.699997,243.669998,243.669998,7843083,48.881509,243.348891,245.222858,244.079608,-0.551152,-0.359648,-0.191504
2025-07-16,244.000000,244.149994,242.300003,242.850006,242.850006,5656962,47.332665,243.215558,244.772382,244.194314,-0.576065,-0.402931,-0.173133
2025-07-17,243.000000,244.559998,242.820007,243.869995,243.869995,7006298,49.477142,243.063334,244.463335,244.296275,-0.507652,-0.423875,-0.083776
2025-07-18,244.740005,247.350006,243.460007,246.309998,246.309998,10293817,54.273659,243.595556,244.213335,244.552942,-0.253623,-0.389825,0.136202
2025-07-21,246.000000,246.300003,244.429993,245.039993,245.039993,5424455,51.531393,243.795554,243.887144,244.750589,-0.153018,-0.342463,0.189446
2025-07-22,245.039993,246.869995,244.070007,246.410004,246.410004,5869862,54.218669,244.135554,243.650477,244.797451,0.036836,-0.266603,0.303440
2025-07-23,246.000000,247.199997,244.259995,245.550003,245.550003,7357753,52.259915,244.408888,243.728096,244.883530,0.116559,-0.189971,0.306530
2025-07-24,245.559998,246.199997,243.759995,244.830002,244.830002,4590999,50.611379,244.750000,243.867144,244.860393,0.120255,-0.127926,0.248181
2025-07-25,244.000000,244.800003,239.250000,240.289993,240.289993,7427827,41.682590,244.313332,243.655715,244.716863,-0.240386,-0.150418,-0.089968
2025-07-28,240.289993,241.559998,237.800003,240.020004,240.020004,6865890,41.216903,243.907778,243.521906,244.574706,-0.541737,-0.228682,-0.313055
2025-07-29,240.020004,242.509995,239.820007,241.440002,241.440002,6157824,44.715311,243.751111,243.390001,244.473922,-0.658389,-0.314623,-0.343766
2025-07-30,242.539993,243.710007,240.100006,241.809998,241.809998,8767763,45.623388,243.522222,243.315715,244.327843,-0.712764,-0.394251,-0.318513
2025-07-31,240.199997,242.809998,239.660004,241.000000,241.000000,10254214,43.922493,242.932222,243.312382,244.177255,-0.811858,-0.477773,-0.334086
2025-08-01,240.100006,240.710007,234.050003,236.789993,236.789993,12629251,36.339327,242.015555,242.966667,244.081569,-1.216086,-0.625435,-0.590650
2025-08-04,236.500000,238.389999,234.000000,234.830002,234.830002,16174972,33.444366,240.728889,242.470952,243.897059,-1.675282,-0.835405,-0.839877
2025-08-05,235.500000,236.000000,233.050003,234.479996,234.479996,9562689,32.939714,239.498888,242.135714,243.672353,-2.043880,-1.077100,-0.966780
2025-08-06,234.550003,235.369995,232.910004,233.770004,233.770004,7568954,31.888562,238.269999,241.684761,243.461177,-2.366013,-1.334882,-1.031131
2025-08-07,233.149994,234.199997,231.309998,233.929993,233.929993,5560413,32.411964,237.563332,241.236189,243.289804,-2.578671,-1.583640,-0.995031
2025-08-08,233.899994,235.119995,232.679993,233.440002,233.440002,5249568,31.610776,236.832221,240.776666,243.101569,-2.754984,-1.817909,-0.937075
2025-08-11,233.440002,235.000000,231.580002,233.789993,233.789993,4699743,32.886893,235.982220,240.397142,242.991569,-2.833806,-2.021088,-0.812718
2025-08-12,233.800003,236.360001,233.610001,235.520004,235.520004,7036778,38.950892,235.283332,239.982856,242.936863,-2.725261,-2.161923,-0.563338
2025-08-13,237.740005,239.949997,236.300003,238.669998,238.669998,8501906,48.139217,235.024443,239.744761,242.964314,-2.357879,-2.201114,-0.156765
2025-08-14,238.509995,238.669998,234.429993,236.940002,236.940002,7258450,44.204250,235.041111,239.463332,242.942549,-2.181179,-2.197127,0.015948
2025-08-18,237.250000,238.589996,235.500000,238.160004,238.160004,8501972,47.465518,235.411111,239.191428,242.950197,-1.920561,-2.141814,0.221253
2025-08-19,237.500000,238.539993,236.679993,237.940002,237.940002,5538059,46.932783,235.795556,238.792857,242.908628,-1.712036,-2.055858,0.343823
2025-08-20,237.000000,239.089996,237.000000,237.929993,237.929993,7438061,46.906987,236.257777,238.454285,242.813138,-1.529949,-1.950676,0.420727
2025-08-21,238.000000,240.990005,237.229996,238.289993,238.289993,8111371,48.013688,236.742221,238.067618,242.687843,-1.341136,-1.828768,0.487633
