Price,Close,High,Low,Open,Volume,RSI_14,MA_9,MA_21,MA_51,MACD,MACD_Signal,MACD_Hist
Ticker,SBIN.NS,SBIN.NS,SBIN.NS,SBIN.NS,SBIN.NS,,,,,,,
Date,,,,,,,,,,,,
2015-03-17,252.3381805419922,253.14038053295485,249.12935337662282,253.0512411558437,11350496,36.201556542410806,255.85399373372397,262.718020484561,269.52702750411686,-4.815066013458306,-3.9042499378838253,-0.910816075574481
2015-03-18,256.081787109375,257.10684913403736,251.3576993845285,253.2295174798234,12394230,41.935515179749984,255.2052985297309,261.8839837937128,269.06038620892696,-4.53503002791814,-4.030405955890688,-0.5046240720274513
2015-03-19,251.00112915039062,258.7557640236503,250.10978993267014,258.48837313893983,11046649,42.30771308618665,253.99703979492188,260.8186195010231,268.4722765754251,-4.669242012865027,-4.158173167285556,-0.5110688455794712
2015-03-20,248.01513671875,251.71418902285978,246.72268397563872,251.17938005324427,11482652,25.143594121957122,252.7689683702257,259.6535077776228,267.869312061983,-4.959381944189431,-4.3184149226663315,-0.6409670215230996
2015-03-23,244.89549255371094,249.57502425855893,243.82587442628096,249.04021519484394,13058026,19.68863788787445,251.49633280436197,258.4820316859654,267.42975990445007,-5.379042884242324,-4.53054051498153,-0.8485023692607943
2015-03-24,241.15184020996094,246.36618063041524,239.770275155656,244.04869297671144,17585259,16.99284250225753,250.05038113064236,257.13441249302457,266.91243339987363,-5.945176367440496,-4.813467685473323,-1.1317086819671731
2015-03-25,236.56146240234375,242.53344703783347,236.2049320960874,242.35516828394591,15824629,18.353803675140426,247.92602369520398,255.812257312593,266.22295574113434,-6.687160928759653,-5.188206334130589,-1.4989545946290637
2015-03-26,228.76223754882812,237.0071264934978,227.4697982181939,235.75925685028383,22253318,15.377519417937322,245.53922017415366,254.1314464750744,265.4093894210516,-7.814441289290016,-5.713453325162475,-2.1009879641275413
2015-03-27,234.95704650878906,236.1603600122277,228.18286234268714,231.6145241111911,19423101,26.45782683047983,243.7515903049045,252.7753375825428,264.64912863338697,-8.11441189644043,-6.193645039418066,-1.9207668570223637
2015-03-30,238.789794921875,240.08224779772314,234.55593321332574,236.29405574270538,12303870,33.219761350101905,242.24621412489148,251.86277625674293,263.9989749684053,-7.95121336029851,-6.545158703594155,-1.406054656704355
2015-03-31,238.0321807861328,241.86495660589162,237.0962852774877,239.68116415035925,19482636,34.150644778022055,240.2407023111979,250.46846807570685,263.34095704321766,-7.793175596539413,-6.794762082183207,-0.9984135143562058
2015-04-01,243.73675537109375,244.80634626681692,234.55594377407385,237.67563148925652,12383589,39.15860742778679,239.43354966905383,249.25667172386534,262.5221482819202,-7.125479938992953,-6.8609056535451565,-0.2645742854477966
2015-04-06,244.80630493164062,245.78678348830647,241.73120102395526,245.51939260990378,12925445,44.639719598050426,239.07701280381946,248.0703386579241,261.8090757482192,-6.4358343171224135,-6.775891386260609,0.34005706913819544
2015-04-07,242.48886108398438,246.32163663830013,240.92901720992433,245.38571399295304,12933524,41.80885746837662,238.80960930718317,247.1450442359561,261.09076197007124,-6.007038147468506,-6.622120738502189,0.6150825910336826
2015-04-08,244.13783264160156,247.21296415522255,242.31059792867828,242.35515401376728,9913899,42.20334232419082,239.1413862440321,246.30039542061942,260.3173947801777,-5.471088566676542,-6.39191430413706,0.9208257374605182
2015-04-09,250.33265686035156,251.17941290493513,242.88996799702005,245.11831632726793,13471276,44.77732432112494,240.67151896158853,245.88443719773065,259.5248015160654,-4.494662449555449,-6.012463933220738,1.5178014836652896
2015-04-10,254.7001953125,256.1263435786999,249.6195506146365,250.46633379811897,16880558,53.4044476251358,243.5535142686632,245.805912562779,258.8449356976677,-3.330027382129032,-5.475976623002397,2.1459492408733656
2015-04-13,255.19039916992188,257.1513562681701,252.56096488080874,256.5274079546784,11985436,56.92176301987042,245.8016645643446,245.85472179594495,258.1257458855124,-2.3405103989991574,-4.84888337820175,2.5083729792025924
2015-04-15,258.4883728027344,262.4548431970372,254.87845985626737,256.17088539937254,17289500,63.067688231902935,247.99039543999567,245.98842148553757,257.42578214757583,-1.275489106476499,-4.1342045238567,2.8587154173802007
2015-04-16,260.6275634765625,262.2765463535825,255.3686679024686,258.7111897336527,15043998,69.31922036602293,250.50099351671008,246.48290216355096,256.6882422952091,-0.255887537425707,-3.3585411265705014,3.1026535891447944
2015-04-17,260.0482482910156,262.8559617268619,257.77534389092995,259.37974379669424,16819018,75.3123195183912,252.31338161892361,246.9115942092169,256.0721689860026,0.49964852081748745,-2.5869031970929037,3.086551717910391
2015-04-20,256.39373779296875,261.47438255652196,253.89799869598724,259.37972981360036,13788536,82.700567167284,253.60087415907117,247.1047159830729,255.69990419874003,0.7943708227784612,-1.910648393118631,2.7050192158970923
2015-04-21,257.77532958984375,260.27106868290906,251.13484110071792,256.1709025715738,15487948,80.476349438679,255.29937065972223,247.18536086309524,255.38007040584787,1.1264384012988273,-1.3032310342351396,2.4296694355339667
2015-04-22,253.0066375732422,261.3852206199912,245.47481044629765,258.9785938973602,17741741,68.52502458497813,256.28479342990454,247.28086126418341,255.0925687902114,0.9933599227320542,-0.8439128428417009,1.837272765573755
2015-04-23,247.4803466796875,256.1709046957866,246.2324771228073,254.0316958552039,13874710,60.95041607319011,255.9678700764974,247.2553950718471,254.8234193091299,0.43693209846904324,-0.587743854579552,1.0246759530485954
2015-04-24,245.60855102539062,249.21849177279174,244.53896010882335,248.104317567085,10049508,52.38094128991236,254.9576873779297,247.28935023716517,254.55689194623162,-0.1533119425182008,-0.5008574721672818,0.34754552964908103
2015-04-27,238.0321807861328,246.4999052603288,237.18542465962543,246.4999052603288,12394191,42.60704283378624,253.05121866861978,247.1407950265067,254.15054710238587,-1.2183895214373592,-0.6443638820212974,-0.5740256394160619
2015-04-28,242.8899383544922,243.78127757781144,236.33858962279294,237.98757262623639,12693457,50.41472138643324,251.31805928548178,247.44215102422805,254.028206021178,-1.651453806915896,-0.8457818670002171,-0.8056719399156789
2015-04-29,242.35513305664062,243.69214191190144,240.2604804097624,242.6671072298378,8217676,48.113180427373976,249.2877892388238,248.0894317626953,253.75905594171263,-2.014591731755729,-1.0795438399513195,-0.9350478918044096
2015-04-30,240.43878173828125,243.7367481051964,237.72020769098546,240.75075594080306,21635216,38.48542202449724,247.1089596218533,248.3504667736235,253.47592372520296,-2.4290145218354553,-1.3494379763281468,-1.0795765455073085
2015-05-04,247.03469848632812,247.79234238356,242.13233200032244,244.22698493919222,8012690,41.51873534164725,246.0690663655599,248.74308122907365,253.3509620217716,-2.1998536678163134,-1.5195211146257803,-0.6803325531905331
2015-05-05,242.48886108398438,246.90100177979016,241.86493985527144,246.90100177979016,7102772,37.104094550060545,244.37056986490884,248.95530410039993,252.74100718778723,-2.3578730345943484,-1.687191498619494,-0.6706815359748544
2015-05-06,236.56146240234375,243.87045608743398,234.6450882048868,241.954081889977,16335660,28.865964219553646,242.54332817925348,248.6136234828404,252.01919705260033,-2.9276479542853053,-1.9352827897526566,-0.9923651645326488
2015-05-07,232.59498596191406,238.21041230304496,231.4362286269959,235.31355976802197,15962706,23.900415032077106,240.88939921061197,248.03213210332962,251.23708926930146,-3.657103371464501,-2.2796469060950257,-1.3774564653694754
2015-05-08,233.48635864257812,238.87895094563132,232.01562692218286,235.31359346883085,14044596,25.41256372286746,239.54248894585504,247.6034415108817,250.53100825291054,-4.115830981663464,-2.6468837212087135,-1.4689472604547507
2015-05-11,246.05421447753906,247.0792764820495,234.06571664859635,234.77877724158637,17198308,41.78470704881546,240.43382602267795,247.6946977887835,250.07223121792663,-3.4257649004644577,-2.8026599570598627,-0.623104943404595
2015-05-12,238.34413146972656,245.47484611176188,237.4082360535665,245.3857067384329,12792368,35.971672857326354,239.9287363688151,247.12381562732514,249.56276867436426,-3.4611241377498345,-2.9343527931978572,-0.5267713445519773
2015-05-13,244.494384765625,245.11833322170628,238.92351355604077,240.5724968743816,9245732,43.974783604417794,240.1664310031467,246.63782464890252,249.1791435690487,-2.9587657372293847,-2.939235382004163,-0.01953035522522173
2015-05-14,250.4217987060547,251.26855475899754,243.2910839788663,244.2269794062026,13101418,52.07028782403859,241.2756551106771,246.41074843633743,248.9239762250115,-2.058619830038282,-2.763112271610987,0.7044924415727052
2015-05-15,256.21551513671875,257.0177151367715,251.3577046450629,251.3577046450629,18247889,57.07493093388461,242.29574584960938,246.3025171189081,248.88989646762025,-0.867740445832311,-2.384037906455252,1.516297460622941
2015-05-18,258.2655944824219,258.48842933529716,254.3882626020884,258.399289953843,13266119,64.56997266022535,244.04871622721353,246.19004240490142,248.71250317143458,0.23871258584762245,-1.859487807994677,2.0982003938422995
2015-05-19,257.10687255859375,259.6917514964007,255.1013588169558,257.7753771391397,14541041,60.81361289090092,246.331539577908,246.0499768938337,248.47568736356848,1.010437712632239,-1.2855027038692939,2.2959404165015327
2015-05-20,260.805908203125,262.76683851952794,257.8199158378196,258.04275068296903,11807544,63.38943240384598,249.46608649359808,246.2600802466983,248.30091498879824,1.898630467794959,-0.6486760695364433,2.5473065373314023
2015-05-21,258.71124267578125,262.72226969401044,257.10684274909676,262.05376519097223,12118415,63.225804313972375,252.2688513861762,246.30464753650483,248.23799731684667,2.4057753425327064,-0.03778578712261338,2.4435611296553197
2015-05-22,251.75877380371094,271.8584623527955,250.2434862476962,261.16239170284945,69490117,53.40177830343233,252.90269131130643,246.24522545224144,248.03963096469056,2.221081925908152,0.41398775548353967,1.8070941704246122
2015-05-25,247.4803466796875,253.40774747600568,246.1433377541338,249.75327817403854,20356833,53.60823491415824,253.9178263346354,246.24522545224144,247.81242639878218,1.70976860183967,0.6731439247547658,1.0366246770849044
2015-05-26,247.03469848632812,250.28808171401,246.00966366137612,248.68368174465195,9675703,58.222529434032786,254.20008341471353,246.3131372360956,247.6297888662301,1.254132168961462,0.7893415735961051,0.46479059536535683
2015-05-27,250.24346923828125,251.00111296479048,244.4052086192932,246.9009473873692,12176680,64.0226445491034,254.1802690294054,246.8946271623884,247.5528881596584,1.1388302696375945,0.859239312804403,0.27959095683319146
2015-05-28,250.5594024658203,252.54508721158928,249.2055152344253,252.54508721158928,13024987,63.69061937841669,253.55181206597223,247.2598397391183,247.4524709664139,1.0607185516275877,0.89953516056904,0.16118339105854762
2015-05-29,251.0558624267578,254.2149332079014,250.10815221037922,251.50715825263546,14809918,54.973628788016725,252.75073072645398,247.67416018531435,247.46840024461935,1.0270355950663088,0.9250352474684939,0.10200034759781496
2015-06-01,251.1009979248047,254.530835038566,250.51429134002885,251.507147623984,11567692,64.96697017111063,252.08341132269965,248.181884765625,247.46948421702666,0.9925422574899301,0.9385366494727811,0.05400560801714893
2015-06-02,240.31500244140625,252.22922203111256,239.5026755477691,251.64251548218334,21653784,45.57760456325333,249.806644015842,247.86189923967635,247.23373562681908,0.09378524780726138,0.7695863691396773,-0.6758011213324159
2015-06-03,232.3270721435547,241.26272346736263,230.2059901487391,240.99195700554498,25967877,31.653183884031563,246.8750695122613,247.3780045282273,246.76795690199907,-1.2486516951950648,0.36593875627272887,-1.6145904514677936
2015-06-04,232.50759887695312,235.93743589780266,229.03261574969997,234.58354851406057,20210546,22.87411266415495,244.73605007595486,247.1849634079706,246.40533866134345,-2.27178788895489,-0.1616065727727949,-2.110181316182095
2015-06-05,232.68809509277344,236.4789906943874,230.7024101711398,231.96603285670824,13539638,19.427004962819893,243.09246656629773,247.18939717610678,246.1048084333831,-3.033102440764452,-0.7359057463711264,-2.2971966943933255
2015-06-08,230.11573791503906,233.545588932108,227.94952346870897,233.545588932108,17384700,18.791938967455863,241.21258205837674,247.02889142717635,245.8150093228209,-3.800210967719295,-1.3487667906407603,-2.4514441770785345
2015-06-09,232.50759887695312,233.1393964624205,229.25826364699032,230.1608552361517,15275972,16.260667262900597,239.24192979600696,246.3838144938151,245.64551439472274,-4.16711095093325,-1.9124356226992583,-2.2546753282339913
2015-06-10,235.2153778076172,236.97541491068793,233.31992992784805,233.77122573041643,10910978,22.39015141599036,237.53703816731772,246.23482622419084,245.61912057913986,-4.191074601991687,-2.368163418557744,-1.822911183433943
2015-06-11,229.25823974609375,237.3364446448734,228.0397357187769,236.70461958036648,20857622,22.92645024644615,235.11508009168836,245.50929550897507,245.62884611241958,-4.63730130101095,-2.8219909950483855,-1.8153103059625648
2015-06-12,229.21315002441406,230.6121698563114,227.27258345828454,229.30341469968064,11440479,25.526999109113007,232.68309699164496,244.4993598574684,245.51622069115732,-4.9376592760345375,-3.245124651245616,-1.6925346247889212
2015-06-15,225.87353515625,230.70240545278781,224.60991249652534,230.16084501436063,13545280,23.690019791040612,231.07848951551648,243.05450366792223,245.26296069575292,-5.38312087813128,-3.6727238966227493,-1.7103969815085303
2015-06-16,229.79983520507812,230.8378100737492,224.74531655274117,225.87355609366858,9896598,25.027697423356784,230.79768541124133,241.69899132138207,245.1015421549479,-5.35757402826485,-4.009693922951169,-1.3478801053136804
2015-06-17,230.25112915039062,231.87578305815964,228.80697704075683,231.06345610427513,11241061,25.274807342265134,230.54696655273438,240.42014639718192,244.83711811140472,-5.24050305876321,-4.255855750113578,-0.9846473086496319
2015-06-18,232.95889282226562,235.30563644443822,230.34136897100316,231.46962222095328,11598549,29.0928026890889,230.5770551893446,239.09409804571243,244.60481591318168,-4.873056016995378,-4.379295803489938,-0.49376021350543997
2015-06-19,234.80918884277344,237.47184496293815,233.00400572263695,234.58354095275638,12216399,31.93189456362741,231.09854973687067,237.95590500604538,244.45423410453049,-4.382034794407474,-4.3798436016734446,-0.002191192734029457
2015-06-22,240.08937072753906,241.35299348554403,235.39588328933735,235.48614796024702,11051382,49.71495763977909,231.94096883138022,237.4002191452753,244.3748524983724,-3.5261827483598154,-4.209111431010719,0.6829286826509033
2015-06-23,241.6688690185547,244.78282064571977,240.31498179716223,243.1581394531052,16180083,64.08161218708628,232.65802341037326,237.1234821137928,244.20497430539598,-2.6894591135877874,-3.9051809675261326,1.2157218539383452
2015-06-24,236.7948760986328,241.80424770606635,235.1250763811865,241.62374594020258,8361760,55.661466579996315,233.49542744954428,236.63587152390252,243.853889614928,-2.3920658535910775,-3.6025579447391216,1.2104920911480441
2015-06-25,239.00624084472656,240.0893617653913,233.81633922761756,235.80205173386642,16506503,57.91856120875355,234.5835486518012,236.10076540992372,243.5365531771791,-1.9554002615566333,-3.273126408102624,1.3177261465459909
2015-06-26,239.36729431152344,240.90168344671645,235.62151727684738,238.37443807998167,14588452,62.275429946776974,236.08285522460938,235.56780787876673,243.16163006950828,-1.5621975951007698,-2.9309406455022535,1.3687430504014837
2015-06-29,234.35787963867188,235.39585436431327,230.1608346337438,233.5455527901224,15040805,52.29558919744112,236.58930460611978,234.77266584123885,242.64653822954963,-1.6359414332320341,-2.6719408030482095,1.0359993698161754
2015-06-30,237.1559295654297,237.69749000396132,232.50758859577397,233.9968591430548,14181965,52.40220500568932,237.35650465223523,234.10861496698288,242.1976692349303,-1.4518684754085598,-2.4279263375202795,0.9760578621117197
2015-07-01,241.6688690185547,243.24840411017925,236.97538229976507,237.47182414121926,12072024,65.93277519656829,238.32427978515625,234.17308480398995,241.90894631778494,-0.9310996948085517,-2.1285610089779343,1.1974613141693826
2015-07-02,241.75918579101562,244.8279919787251,240.1796503588948,241.80430435682572,8741783,66.08792804215412,239.09650166829428,234.62223307291666,241.5949042825138,-0.5052743869078711,-1.8039036845639218,1.2986292976560507
2015-07-03,243.15814208984375,243.69970249325448,240.81139870500152,241.30784055183898,7238541,73.32515993315218,239.4374762641059,235.12940179734002,241.40179652793734,-0.054294804037454014,-1.4539819084586283,1.3996871044211743
2015-07-06,244.4217987060547,245.05362385550623,236.47900349960454,237.56212445726146,9458200,71.25978888966293,239.74335734049478,235.68814958844865,241.3418249990426,0.40046003858199697,-1.0830935190505033,1.4835535576325003
2015-07-07,246.31723022460938,247.8967654482583,243.69972022011572,244.0607513336824,12523410,72.41807638227075,240.80139668782553,236.45964922223772,241.3557206696155,0.9033883123299518,-0.6857971527744123,1.589185465104364
2015-07-08,241.30787658691406,244.6023305110139,239.72834124228575,243.60947421397972,12669850,60.94675740031842,241.05713399251303,236.8787100655692,241.4199499990426,0.8875188541416605,-0.37113395139119776,1.2586528055328583
2015-07-09,241.6688690185547,244.87305775788778,240.99192540785847,240.99192540785847,6469504,59.359588271054896,241.31286451551648,237.18601917085192,241.39600746304382,0.89376846003222,-0.11815346910651423,1.0119219291387342
2015-07-10,244.1961212158203,244.60229841195786,240.3149887534457,243.92535478166647,8788162,56.058535074402435,242.406002468533,237.89734685988654,241.43210527008654,1.0900836432322478,0.1234939533612382,0.9665896898710096
2015-07-13,247.039306640625,247.62598561156594,241.80425936975894,245.5048900597886,8423083,57.638018716300174,243.50415547688803,238.7462114606585,241.56152732699525,1.4582760440915479,0.39045037150730016,1.0678256725842477
2015-07-14,242.0750732421875,246.949062274633,241.12733555440894,246.949062274633,10337307,57.49044870004913,243.54928927951389,239.51771327427454,241.46427977318857,1.3341201207402378,0.5791843213538876,0.7549357993863501
2015-07-15,241.9396514892578,245.23413264904667,241.12732461153357,242.57147658576994,7483918,54.42174836671963,243.56934102376303,240.0957997639974,241.4535109576057,1.2108404384422329,0.7055155447715568,0.5053248936706761
2015-07-16,245.6854248046875,246.18183912685197,241.98479403293754,243.4740645443385,8354120,58.64195649896251,243.8501502143012,240.83076622372582,241.63241218118105,1.3992631690584858,0.8442650696289427,0.5549980994295431
2015-07-17,244.69256591796875,247.31007580989495,244.1510054984547,245.86592387282656,5571891,65.88074307435902,243.88023546006946,241.38951256161644,241.8696196312998,1.451739378218349,0.965759931346824,0.48597944687152494
2015-07-20,241.39813232421875,245.50491305029482,240.22474672754743,245.50491305029482,6418930,56.42080787299957,243.33366902669272,241.7032717750186,242.02475244858687,1.2135053593610508,1.0153090169496695,0.1981963424113813
2015-07-21,238.55491638183594,243.51916950593315,237.83285421811144,240.99192438799147,5638653,45.03595645333445,243.0277845594618,241.6302025204613,241.8777073878868,0.7862164049168427,0.9694904945431042,-0.18327408962626146
2015-07-22,242.3909454345703,243.15815374744182,236.38871724253028,238.01339853065363,11322177,50.89966584398839,243.10801527235242,241.66458711170014,241.9570566813151,0.7484941410556871,0.9252912238456209,-0.17679708278993378
2015-07-23,243.744873046875,245.50493784720032,241.21762735170694,242.34586695578415,6376216,50.836615072647916,243.05787658691406,241.99553934733072,241.94236037310432,0.8184154345556749,0.9039160659876317,-0.08550063143195685
2015-07-24,237.60723876953125,244.0156446403885,236.56926393820945,242.52637400893462,7796401,41.46894869934605,242.00986904568143,241.92892020089286,241.691094491996,0.3742585519592012,0.7979845631819457,-0.42372601122274445
2015-07-27,233.27479553222656,237.74260714745864,232.91373687875057,237.56210536562858,6788558,34.61133377718518,241.03206041124133,241.63880121140252,241.24127646053537,-0.32360067187667596,0.5736675161702214,-0.8972681880468973
2015-07-28,233.95176696777344,238.19393120071905,233.1845585554064,234.8994771834019,10788886,40.33219747833773,240.14451768663196,241.61946251278832,240.7645347445619,-0.8126652977229583,0.29640095339158545,-1.1090662511145437
2015-07-29,228.897216796875,235.3056221486958,227.72384505707566,234.67379706172048,9997136,35.05817650425422,238.27916124131946,241.22619047619048,240.21140423943015,-1.589786425079069,-0.08083652230254545,-1.5089499027765236
2015-07-30,231.78550720214844,234.22251549111792,228.89723066716104,228.89723066716104,10536937,35.6021913703287,236.8450436062283,240.75555419921875,239.64237676882277,-1.9501198523581422,-0.45469318831366484,-1.4954266640444773
2015-07-31,243.744873046875,247.0844732929084,232.46247700610292,232.86865428153558,20534806,46.84532778175859,237.10579257541232,240.85011073521204,239.348918540805,-1.2561852923580545,-0.6149916091225428,-0.6411936832355117
2015-08-03,253.67333984375,255.4334043546159,243.60944973946664,243.69971440193035,21901780,60.142000604167045,238.78561740451389,241.350834437779,239.38645905139398,0.09382557796092783,-0.4732281717058487,0.5670537496667765
2015-08-04,260.4879150390625,261.70641908534674,249.4762876099182,254.98210132449034,28858887,64.5229320772381,240.79639180501303,242.11588759649368,239.64150941138175,1.69407000102251,-0.03976853716017692,1.7338385381826869
2015-08-05,257.5996398925781,263.3762206855232,256.56166505043257,260.93923986634366,10169558,59.455570528836695,242.33581034342447,242.6531451997303,239.8486651252298,2.6981133977070897,0.5078078498132764,2.1903055478938134
2015-08-06,260.8940734863281,262.4736086805247,254.53081415052807,257.7801492018568,15372143,62.40494598651485,244.92323642306857,243.58582124255952,240.05750050264245,3.716813172984672,1.1496089144475556,2.5672042585371164
2015-08-07,253.8989715576172,260.3976412124234,252.90614296846857,260.3976412124234,13845614,59.05814848041849,247.21481153700086,244.16820707775298,240.12298224954043,3.9145691031997387,1.7026009521979923,2.2119681510017464
2015-08-10,255.20777893066406,258.14120167699355,252.81591666186975,254.57595378272137,14694901,62.341144914556594,249.5765906439887,244.69257173084077,240.20439237706802,4.129301897620422,2.1879411412824785,1.9413607563379438
2015-08-11,242.6166229248047,261.255162412066,241.44326480539706,257.9606808750542,39233644,50.14803571914732,251.10096910264758,244.48196774437315,240.03803208295037,3.2460595691621563,2.3995648268584144,0.8464947423037419
2015-08-12,231.3793487548828,241.3981204430316,230.20597698841746,241.3981204430316,29724325,42.81970416777495,251.05584038628473,243.97264753069197,239.86282318713617,1.620647730528276,2.2437814075923868,-0.6231336770641107
2015-08-13,234.0419921875,237.24620891259244,233.0040173506035,234.44816942776419,16360033,47.84270544303887,249.97774251302084,243.59656851632255,239.8964490703508,0.541112601089111,1.9032476462917316,-1.3621350452026206
2015-08-14,242.34584045410156,243.15816737122285,233.99686829693044,236.38873048703007,14852873,55.23709648774135,248.71913146972656,243.43754069010416,240.08935576794195,0.3515716907322144,1.5929124551798282,-1.2413407644476138
2015-08-17,252.49998474121094,254.4405510541904,244.4217793946192,245.5049002667002,27500063,59.65239265908181,247.83158365885416,243.80932253882997,240.4778241924211,1.0090816705840098,1.4761462982606646,-0.4670646276766548
2015-08-18,257.0580749511719,259.9463790699125,248.70910270673895,253.4477085752009,27728824,64.73087488570013,247.7714097764757,244.55503409249442,241.00610531077666,1.8763336468113891,1.5561837679708095,0.32014987884057966
2015-08-19,250.92047119140625,258.0960856121462,248.70911069711497,256.24575625806915,15452575,59.68037589249998,246.6632317437066,245.14387003580728,241.36714202282477,2.0448124320018053,1.6539095007770088,0.39090293122479647
2015-08-20,244.1961212158203,254.21489245311432,241.89452389079227,250.60452642489355,14577599,50.24105453963906,245.58513726128473,245.22983078729538,241.54323503082873,1.617093391782305,1.646546278978068,-0.02945288719576311
2015-08-21,241.44325256347656,242.70687529221001,231.24397851988044,236.02770297326774,19030056,42.92430085724693,244.05574544270834,245.12022981189546,241.78215685077743,1.0439554091808532,1.5260281050186253,-0.4820726958377721
2015-08-24,221.49595642089844,232.59784879029417,218.7881818251786,229.89006042212057,29561705,30.417051434632114,241.7090047200521,244.353025890532,241.63083932913986,-1.0082185476405527,1.0191787744867897,-2.0273973221273422
2015-08-25,228.6715850830078,229.98034013543355,216.62198183448282,225.64789774425296,23492839,36.07128735101509,241.40814208984375,244.13382539295014,241.68570305319395,-2.0321426541826213,0.4089144887529075,-2.441057142935529
2015-08-26,221.7667236328125,228.626424382101,221.13491235201164,227.90434844442015,16325529,31.793386730405373,240.04422336154514,243.55358523414247,241.52819106158088,-3.3620192333501393,-0.3452722556677019,-3.0167469776824376
2015-08-27,225.15147399902344,227.45308535532425,223.93298359095002,226.68587697907233,21076926,36.15823492728503,238.13373819986978,243.37521652948288,241.42819782331878,-4.09562314242072,-1.0953424330183057,-3.0002807094024146
2015-08-28,224.70016479492188,230.97317334578722,223.3462774628306,229.70955067815035,16644381,35.1884401281974,235.0448693169488,243.03781927199591,241.26626197964538,-4.659712145667356,-1.808216375548116,-2.8514957701192403
2015-08-31,223.2560272216797,226.86639345111487,221.13493155290485,224.74529778234003,21645114,39.4594689792628,231.2890862358941,242.0621599469866,241.03972939883963,-5.16376194441645,-2.4793254893217833,-2.6844364550946667
2015-09-01,215.80967712402344,220.9995793063174,214.54604050312167,220.9995793063174,19689080,41.15840650391851,227.3878868950738,240.2591283889044,240.56365697524126,-6.093837299438405,-3.202227851345108,-2.8916094480932975
2015-09-02,208.0924835205078,219.32974550484553,207.68632007961926,219.01383295501333,23655457,36.064000671303624,223.3763715955946,237.76410784040178,239.90529647527956,-7.368699961352149,-4.035522273346516,-3.333177688005633
2015-09-03,209.62689208984375,212.47005002578348,208.49865262757334,209.98792320878854,14680299,31.050727308043818,219.84122043185764,235.47969127836683,239.3725909064798,-8.161147232689615,-4.860647265215136,-3.3004999674744786
2015-09-04,203.21849060058594,209.31098382172556,202.18051578300327,209.31098382172556,20466346,20.1639815550774,217.81039089626736,232.73323495047433,238.6708703134574,-9.200217467408322,-5.728561305653773,-3.4716561617545487
2015-09-07,199.56300354003906,205.33958413417244,198.7055305223943,204.97855301170955,15424783,14.806684120124373,214.57610405815973,230.14580790201822,237.89039402382048,-10.201063855936354,-6.623061815710289,-3.578002040226065
2015-09-08,206.10678100585938,207.8216994007275,199.60811098383454,201.2779108202486,16189253,22.704810346058224,212.83611043294272,227.8076651436942,237.33645091337317,-10.346940586359409,-7.3678375698401135,-2.9791030165192955
2015-09-09,209.0853271484375,211.65771857614845,206.78372971280086,211.16129046892038,18237115,27.592196897058855,211.05098300509982,226.21093677339098,236.78604694441253,-10.105712798691911,-7.9154126156104745,-2.190300183081437
2015-09-10,205.29444885253906,207.41554454079764,202.27077537108508,205.20419795944667,14195882,27.231402305761563,208.89479234483508,224.9687986828032,236.0728230195887,-10.103958096360941,-8.353121711760569,-1.7508363846003725
2015-09-11,207.68634033203125,210.57463080411017,205.79089239311256,208.40840262070947,13650937,38.83216290488372,207.16482713487414,223.71376764206659,235.404728010589,-9.796632350058246,-8.641823839420105,-1.1548085106381407
2015-09-14,212.33465576171875,213.01159940389215,207.59605026650505,208.99506988148744,10671222,36.22525766763031,206.77871365017361,222.284663609096,234.8003459257238,-9.07340174702486,-8.728139420941057,-0.3452623260838035
2015-09-15,210.2135772705078,215.22296338449283,209.9879293714315,212.2895406965008,13193410,39.403996031118496,207.01439073350696,220.27102515811012,234.12959648581113,-8.572570336573648,-8.697025604067575,0.12445526749392677
2015-09-16,213.73370361328125,214.5911629188233,212.10903590293785,213.3726586929519,11272509,39.55409590003761,207.470703125,218.2079598563058,233.49070380715762,-7.8016801462088665,-8.517956512495834,0.7162763662869676
2015-09-18,218.42715454101562,222.44368417374596,216.17067567179024,216.62197144563532,16049395,44.674325332670065,209.16055467393664,216.66065906343005,233.04206219841453,-6.734391972671233,-8.161243604530915,1.426851631859682
2015-09-21,221.360595703125,222.03753942087155,214.13986271382836,216.21582620274216,9602436,48.4305014324222,211.58250935872397,215.57325308663505,232.64386076085708,-5.58744562465813,-7.646484008556358,2.059038383898228
2015-09-22,214.7716827392578,224.24889516911435,213.23727967177217,223.79759933912118,13667322,49.12811547541841,212.54527621799045,214.30317833310082,232.06691098680685,-5.150777632595577,-7.147342733364203,1.9965651007686258
2015-09-23,216.48658752441406,218.33688917324943,210.84539036954038,212.1090130232505,13614082,57.84149494087904,213.36763848198785,214.06463695707777,231.46783806295957,-4.613158993473206,-6.640505985386004,2.0273469919127978
2015-09-24,215.76451110839844,217.9307253026144,214.86191956539943,216.12554221661645,9299508,55.8219208814507,214.53097873263889,213.45001438685827,230.95194468778723,-4.196977733974336,-6.151800335103671,1.9548226011293348
2015-09-28,216.12554931640625,219.91643116704282,215.40347330379586,217.5245690085037,8588230,63.82980393157077,215.46866861979166,213.18138703845796,230.4457858216529,-3.7942802208053763,-5.680296312244012,1.886016091438636
2015-09-29,218.33688354492188,221.49595387021603,209.58174854074016,213.01159907697885,24488685,70.75848576170996,216.13558281792535,212.85688273111978,229.90953991459864,-3.2591340800556736,-5.1960638658063445,1.9369297857506709
2015-09-30,214.04959106445312,221.49597171691292,212.74083600729963,220.99955735804608,17011911,59.24371777377948,216.56180657280817,212.3497125534784,229.30869727041207,-3.144725146798521,-4.785796122004781,1.6410709752062598
2015-10-01,212.24441528320312,218.3369087569316,211.56747156389994,217.70509737340635,11590498,53.77972530473823,216.39633009168836,211.82535008021765,228.73705575980392,-3.163253820992537,-4.4612876618023325,1.2980338408097953
2015-10-05,216.62196350097656,217.84046755465098,214.13983683586122,214.90704513224193,18307463,63.36529847414223,216.1957533094618,211.86403038388207,228.30699786017922,-2.7925159862965927,-4.127533326701185,1.3350173404045922
2015-10-06,216.7122344970703,219.14922890321193,214.54600653525804,219.05896424013287,10087077,61.26126229033188,215.6792687310113,212.27449471609933,227.8034937241498,-2.4630272216892024,-3.7946321056987884,1.331604884009586
2015-10-07,219.826171875,220.45798319722593,215.76450995324967,216.75735238176077,10608795,59.71899551666088,216.24087863498264,212.76017470586868,227.3344995835248,-1.9284068064874305,-3.421387045856517,1.4929802393690865
2015-10-08,219.60052490234375,221.31544332300012,217.61482626462214,218.83331658273465,9230511,62.807896644579785,216.58687167697482,213.54027157738096,226.98142676259957,-1.5055688401852763,-3.038223404722269,1.5326545645369927
2015-10-09,219.7359161376953,223.66219499718443,217.20865697368248,221.58623162058623,12171416,59.023055343375745,217.02813890245227,214.50088646298363,226.7159585391774,-1.146327613166278,-2.6598442464110708,1.5135166332447927
2015-10-12,220.72877502441406,221.72161750515278,217.795352371062,220.32261156536393,7566962,53.89315585683291,217.53960842556424,215.1971718924386,226.4566841873468,-0.7726048305137851,-2.282396363231614,1.5097915327178288
2015-10-13,220.05181884765625,223.3914047705433,218.47228366240998,220.23233440005077,10200698,47.60326643388221,217.73015679253473,215.7193857828776,226.28324501187194,-0.5249996692537309,-1.9309170244360374,1.4059173551823065
2015-10-14,220.45799255371094,222.75960382820986,219.51026864392261,219.9615644321595,7895820,63.46152178938851,218.44220140245227,216.4414592924572,226.0611368815104,-0.29262279804842706,-1.6032581791585154,1.3106353811100884
2015-10-15,224.70016479492188,225.55762401742217,221.58622668560278,222.03752246296654,11582401,67.36641874012363,219.82617357042102,217.25164140973772,225.68771122951134,0.23118048835485183,-1.236370445655842,1.4675509340106938
2015-10-16,231.78550720214844,232.10141976477917,224.15862486242744,225.51251223520848,11738832,76.69174958435232,221.5110117594401,218.17787243071058,225.25853804046034,1.2041456427988066,-0.7482672279649123,1.952412870763719
2015-10-19,229.7095489501953,232.05629248381547,228.8069574022574,231.65011526928018,8969153,71.40826828023677,222.95515780978732,219.10625203450522,224.65504066616882,1.7871143147253008,-0.24119091942686965,2.0283052341521706
2015-10-20,230.0254669189453,232.05629794963951,228.53618256629693,229.70955436074448,8811740,69.59157147818829,224.08841281467014,219.8820502871559,224.1143706078623,2.2486916100127416,0.25678558646105265,1.991906023551689
2015-10-21,225.46737670898438,230.97317701685847,224.33913724764284,229.25825854460106,8606466,68.96551374543273,224.74028523763022,220.21729896182106,223.41972949458105,2.221091792021525,0.6496468275731472,1.5714449644483781
2015-10-23,228.71669006347656,230.02545881064276,227.45306742012409,228.35565895750554,7544810,76.10869069944388,225.73814900716147,220.56758916945685,222.92595926920572,2.4333608997426666,1.006389642007051,1.4269712577356155
2015-10-26,226.77613830566406,231.0634483830846,225.9638113789242,229.93520888902657,13085058,67.44189216107692,226.41007826063367,221.13922991071428,222.3684761196959,2.417136147052048,1.2885389430160505,1.1285972040359975
2015-10-27,224.56478881835938,227.63359469449472,223.9329774641497,225.7381606318657,6565348,62.57226993936971,226.9115193684896,221.52390616280692,222.014518588197,2.2004747874433406,1.4709261119015087,0.7295486755418319
2015-10-28,218.47230529785156,225.15147780506805,217.70509690863045,223.8427227050337,12310403,48.02113772035743,226.69088745117188,221.65284874325707,221.7614393047258,1.519639141812604,1.480668717883728,0.038970423928876174
2015-10-29,213.86907958984375,218.24665441458868,213.417783784095,217.97587417664843,16114932,42.573112966918934,225.48743353949652,221.54539780389695,221.3658919988894,0.6016941875678299,1.3048738118205483,-0.7031796242527184
2015-10-30,213.95933532714844,216.98300883595337,212.1992845127016,215.4486059149601,8669606,42.505859529653975,223.50674777560764,221.33694312686012,220.8092938591452,-0.11715048058903221,1.0204689533386322,-1.1376194339276644
2015-11-02,213.82394409179688,214.81680035873936,210.03306213407478,214.81680035873936,7611610,40.83831219972425,221.74168056911893,221.3261980329241,220.0509401209214,-0.6898132623856839,0.678412510193769,-1.3682257725794529
2015-11-03,212.96646118164062,216.35117929887096,212.10900201309963,216.0352805380681,8323201,40.64360313947247,219.84623548719617,221.36058117094495,219.18639867446,-1.1990227593341558,0.3029254562881841,-1.50194821562234
2015-11-04,215.71937561035156,217.07326290497718,213.9141925508507,215.89989116181087,8418352,44.1077294143362,218.76312425401477,221.3176007952009,218.49618111404718,-1.3647062824668694,-0.0306008914628266,-1.3341053910040428
2015-11-05,211.11618041992188,215.71940332196698,210.3941181213274,214.81681167626837,8906564,33.25919217478558,216.80751207139758,221.0511220296224,217.84755482393152,-1.8461695561524891,-0.39371462440075916,-1.45245493175173
2015-11-06,219.32974243164062,220.95440994488428,210.30382710523565,212.65057059908247,30821077,35.06491985783241,215.98013475206164,221.02748253231957,217.4139565860524,-1.5471324784055582,-0.624398195201719,-0.9227342832038392
2015-11-09,222.12779235839844,224.11349107107014,212.6505808105769,213.01161193198834,22806485,41.063840348412356,215.70935736762152,221.1478286016555,217.42634552600336,-1.072006768310814,-0.713919909823538,-0.35808685848727606
2015-11-10,217.70509338378906,223.165775373921,216.71225087714552,221.0446795833264,11767845,36.76041945419533,215.62411159939236,221.0511227562314,217.21131627699907,-1.0403485744070338,-0.7792056427402373,-0.2611429316667965
2015-11-13,216.84762573242188,218.24664542712196,214.54601446339333,217.97586520033252,9082062,39.93676721871246,215.95506117078992,220.8663061232794,217.11486337699142,-1.072091299811916,-0.8377827741545731,-0.23430852565734295
2015-11-16,224.11349487304688,225.0612187983976,215.80965498762356,216.17068611515967,14051479,45.08672798477916,217.0833011203342,221.0597192673456,217.09451084510954,-0.5051298990985345,-0.7712521991433654,0.26612230004483095
2015-11-17,223.70733642578125,227.13717353161726,222.66934780905297,225.64790288158085,11273394,46.61355681856833,218.18145582411023,221.21444992792038,217.0750436221852,-0.08757300944284907,-0.6345163612032622,0.5469433517604131
2015-11-18,217.52456665039062,224.4745189299579,216.1255469734595,223.4816764742793,10397889,42.85713843392944,218.6879119873047,220.8727547781808,216.96266204235602,-0.2526417188954042,-0.5581414327416906,0.3054997138462864
2015-11-19,220.14207458496094,221.13493080367337,217.88559569920915,219.3748800272778,7325199,51.82263161155745,219.17932298448352,220.31830560593377,217.04761101217832,-0.17028589569284236,-0.48057032533192096,0.3102844296390786
2015-11-20,219.2846221923828,225.55763093565182,218.4271629435828,220.18721377479432,13718619,56.43775882053115,220.08692762586804,219.8218805222284,217.26706471162683,-0.172222283239023,-0.4189007169133414,0.2466784336743184
2015-11-23,219.05897521972656,221.36058651906401,217.1184088183476,220.14208236869283,10552151,56.04277622363462,220.05684238009982,219.29966663178942,217.45200751809512,-0.18977707718948977,-0.3730759889685711,0.1832989117790813
2015-11-24,217.88558959960938,220.23233308407694,217.1635273943459,218.8784457905273,6651669,54.69726412916806,219.58548651801215,218.93862915039062,217.73959769454657,-0.2949715426906323,-0.35745509971298334,0.06248355702235103
2015-11-26,218.87844848632812,221.04466267370609,217.52456117610342,218.38202038475495,13629888,56.81582934179982,219.71585930718317,218.4701414562407,218.1183319091797,-0.2948249415907469,-0.3449290680885361,0.05010412649778917
2015-11-27,225.3771209716797,226.09919701003506,219.14924440733137,219.32975997380646,15149912,60.249055298554154,220.66358100043402,218.40352158319382,218.49618171243105,0.22706236512914302,-0.23053078144500025,0.4575931465741433
2015-11-30,224.4293975830078,228.35567658263992,221.13494372627187,225.33198919005383,12865469,65.31669488933822,220.6986813015408,218.3970743815104,218.7970458385991,0.5577589605839535,-0.07287283303920952,0.630631793623163
2015-12-01,225.82839965820312,227.36280251562914,225.0160727844052,226.4150924203495,9501537,58.8669811257903,220.9343549940321,218.7473645891462,219.19967232498468,0.922096812473427,0.12612109606331778,0.7959757164101092
2015-12-02,220.77392578125,226.2345943121293,220.00671736044666,226.14434340950618,10881754,48.25988708985938,221.29539489746094,219.07616678873697,219.45629164751838,0.7938325773310737,0.25966339231686897,0.5341691850142047
2015-12-03,217.6148223876953,220.68362806655136,216.98299730164817,220.36771552352778,7155630,49.88008027081264,221.01458909776477,219.25023760114397,219.5598243264591,0.43228588219426456,0.2941878902923481,0.13809799190191646
2015-12-04,217.6148223876953,218.56253247185865,214.86191547940916,216.62196620029582,11115170,51.04293587725139,220.8290557861328,219.43075561523438,219.7049467797373,0.14409646711908408,0.2641696056576953,-0.12007313853861123
2015-12-07,215.40347290039062,219.28461941000532,214.816793888249,219.28461941000532,7531729,36.27309900625337,220.42288886176215,219.54680379231772,219.73768735399435,-0.2597390333330054,0.15938787785955516,-0.41912691119256057
2015-12-08,212.96646118164062,216.57682717335297,212.3797822169687,214.90704116565797,8254434,34.09087210752992,219.8763190375434,219.41571262904577,219.63061493518305,-0.767579872694796,-0.026005672251315087,-0.7415742004434809
2015-12-09,211.56744384765625,214.99729433062484,210.84538165962365,212.47003535515043,7408777,39.71960008173635,219.0639851888021,219.43720136369978,219.43859234978171,-1.2683160455873406,-0.2744677469185202,-0.9938482986688204
2015-12-10,209.35610961914062,213.68855186228606,208.13761927642906,213.0116081921838,11713559,31.12165621800169,217.28387281629773,218.96226646786644,219.33240464154412,-1.8225796973296156,-0.5840901370007393,-1.2384895603288761
2015-12-11,205.15907287597656,211.11616915628636,203.1733741158733,210.21357755874354,12872949,27.8642316329927,215.1427256266276,218.15423220679872,219.1102965111826,-2.5708680570116655,-0.9814457210029246,-1.589422336008741
2015-12-14,203.9405517578125,205.52008692221403,202.18050104339864,202.99282790468084,12464883,27.023316625705377,212.7107425265842,217.498777843657,218.87845417097503,-3.225040188046165,-1.4301646144115727,-1.7948755736345925
2015-12-15,204.3467254638672,205.02366913979313,202.18051120988585,204.8882859135897,10404430,28.93261108137871,210.885498046875,216.90349687848772,218.64749684053308,-3.6684142949201544,-1.8778145505132893,-1.790599744406865
2015-12-16,205.15907287597656,207.23503630481602,203.30875734652278,205.56523634037987,13030720,28.531115940803943,209.50152587890625,216.00090535481772,218.38910839604395,-3.9091792370045084,-2.284087487811533,-1.6250917491929755
2015-12-17,208.40838623046875,209.7622735739472,206.24217198988492,207.59605933336337,14539096,20.44022432259584,208.4785885281033,215.27238391694567,218.2784965365541,-3.7940592033845633,-2.586081830926139,-1.2079773724584242
2015-12-18,204.43699645996094,209.7171628046637,203.80518509735708,207.5509347111515,18871084,18.492160446325514,207.26009114583334,214.64916628882997,218.1254098929611,-3.9774343245104546,-2.864352329643002,-1.1130819948674526
2015-12-21,208.00221252441406,208.4986406136993,204.4369787835623,204.79800988170416,9557098,23.70170608667074,206.70850796169705,214.07107761928015,217.95639516793045,-3.7913727040173058,-3.049756404517863,-0.7416162994994426
2015-12-22,206.10678100585938,209.62688245741137,205.33957269778725,209.0853220314247,9155574,26.137982875022217,206.10176764594183,213.44356137230284,217.74844509947533,-3.7535939178857802,-3.1905239071914466,-0.5630700106943336
2015-12-23,207.2801513671875,208.49865551228004,206.60320768045932,207.82171182555186,7914311,32.02510407394492,205.87110561794705,212.8826649983724,217.50244469736137,-3.587616960692344,-3.2699425178916264,-0.31767444280071766
2015-12-24,206.06166076660156,208.49865528163627,205.42984941417842,208.36327205342224,7257958,30.72288543128505,205.97139316134982,212.31962076822916,217.23697677313112,-3.513895039739168,-3.3187330222611346,-0.19516201747803352
2015-12-28,206.6031951904297,207.55091904904617,205.79086832444625,206.73859218306274,8756879,34.4497117425997,206.26724243164062,211.73508489699591,216.9794724408318,-3.372891984786861,-3.32956481476628,-0.04332717002058084
2015-12-29,205.9713897705078,207.5509249892578,205.33957843749866,206.55808254380173,7263286,36.79725916458203,206.44776068793402,210.81100245884485,216.69011194565718,-3.2743824226978973,-3.3185283363526037,0.04414591365470644
2015-12-30,203.80519104003906,207.3252928575124,202.94773175347044,206.69348147648583,11702877,35.7615997841458,206.29732937282986,209.82889738537017,216.37155061609604,-3.3326898448855786,-3.321360638059199,-0.011329206826379501
2015-12-31,202.586669921875,204.48211767910954,202.1805064803116,203.94055724205566,11558305,37.11336492913022,205.65047200520834,208.72214835030692,216.02113252527573,-3.437596890556989,-3.344607888558757,-0.09298900199823201
2016-01-01,205.6103515625,206.60319397369335,202.63179678401266,203.08309254522428,6449426,50.89924831050778,205.78084479437933,208.0000733875093,215.6468224618949,-3.239408753975539,-3.3235680616421135,0.08415930766657453
2016-01-04,199.2019500732422,204.84314719681868,198.6152710813718,204.84314719681868,14092071,42.17584513993831,204.80303785536023,207.12326994396392,215.00792918485755,-3.558428324127732,-3.3705401141392373,-0.18788820998849465
2016-01-05,196.53929138183594,201.09738103174908,195.86234778350584,201.09738103174908,15074848,38.00272364818793,203.73998345269098,206.11967322939918,214.3575319776348,-3.980226363599826,-3.4924773640313553,-0.4877489995684705
2016-01-06,195.72698974609375,198.4798830487351,195.3208125168933,196.67469988768266,11921123,35.5061898837524,202.456298828125,205.18269784109933,213.6850128173828,-4.330135198930918,-3.660008931011268,-0.6701262679196502
2016-01-07,189.13807678222656,193.2448714089495,188.6416486365866,193.15460673794036,14342279,23.144607546054402,200.57590060763889,204.04801286969865,212.97267360313265,-5.080545318328689,-3.9441162084747523,-1.1364291098539363
2016-01-08,188.59649658203125,191.80069925346217,188.28059781143895,191.34940349051286,11745840,25.591024580546886,198.57515631781683,202.95415823800224,212.18600314271217,-5.6537785011393,-4.2860486670076625,-1.3677298341316373
2016-01-11,184.39947509765625,187.28776559572574,182.9101906258314,186.6559542012192,19287860,14.32466529054281,196.17827690972223,201.7657470703125,211.35508817784927,-6.37326742658334,-4.703492418922798,-1.669775007660542
2016-01-12,179.97674560546875,185.0312636833616,179.25468339930157,184.8958804628187,20318816,13.30794144896582,193.53067186143664,200.56658862885973,210.48081282073377,-7.217150077785703,-5.206223950695379,-2.0109261270903245
2016-01-13,181.33065795898438,182.6845454413236,175.10278104920621,181.7368352216507,23788247,13.745285424232947,191.1688927544488,199.48992701939173,209.75254522585402,-7.688060570295903,-5.702591274615484,-1.985469295680419
2016-01-14,176.95306396484375,181.87218481961824,175.3735288609513,177.81052312389474,20256636,12.630361527349905,187.98474968804254,198.18546694800966,209.02870178222656,-8.318604088800328,-6.225793837452453,-2.092810251347875
2016-01-15,166.3476104736328,178.5325953038467,163.36905587175661,178.5325953038467,29090426,8.931901605556718,184.33426751030817,196.3373020717076,208.0951385498047,-9.563839840901267,-6.893403038142216,-2.670436802759051
2016-01-18,163.36907958984375,169.82260402046063,161.69927962096563,166.889181320643,35653244,8.523767999251277,180.64868842230902,194.19257318405877,207.10582748113893,-10.668065872839264,-7.648335605081626,-3.0197302677576383
2016-01-19,165.12913513183594,169.50671002452225,163.82038002934326,164.40705907694007,24501774,12.046096788761673,177.2489267985026,192.32077026367188,206.16784069584864,-11.271223536986867,-8.372913191462676,-2.898310345524191
2016-01-20,156.7350311279297,163.05317254145334,154.79446463132953,163.05317254145334,28655794,10.559045016717832,173.6485883924696,189.87947591145834,205.0112849216835,-12.284951102804598,-9.155320773731061,-3.129630329073537
2016-01-21,158.49508666992188,161.24797996597232,155.29088381223428,159.75870937065145,28697205,8.571473039456407,170.30398729112414,187.61225237165178,203.97949876972274,-12.798779367798545,-9.884012492544558,-2.914766875253987
2016-01-22,166.61839294433594,167.3404551113588,160.9320638580862,162.37620196458496,21432409,22.18799150399768,168.32831149631076,185.6759781610398,202.94594289742264,-12.407483298620633,-10.388706653759773,-2.0187766448608606
2016-01-25,165.12913513183594,170.40930165002828,164.7229716548493,169.5969609235997,17534650,22.641532002758055,166.67857699924045,183.72681027367003,201.82832216749003,-12.078317676203511,-10.726628858248521,-1.3516888179549902
2016-01-27,166.43788146972656,168.0625490645736,163.41420794698084,166.43788146972656,16569813,24.707710949484493,165.0238240559896,181.81417628696985,200.8230827181947,-11.578378319136675,-10.896978750426152,-0.681399568710523
2016-01-28,167.205078125,167.7917571006677,164.72295145917678,166.25735427992223,20241030,28.942789294728968,163.94071451822916,179.9681614467076,199.84969943177467,-10.993539735610796,-10.91629094746308,-0.07724878814771508
2016-01-29,162.376220703125,167.65638698665285,160.75156686738222,166.25736727480358,24259147,26.741392117499032,163.49944898817273,177.99535333542596,198.63916464412912,-10.79525836353227,-10.892084430676919,0.09682606714464903
2016-02-01,155.9226837158203,164.22652287267866,155.33600474193466,164.22652287267866,22915269,25.71206882774557,162.6720716688368,175.77325875418526,197.31005380667892,-11.03169889022405,-10.920007322586345,-0.11169156763770438
2016-02-02,152.89901733398438,160.11975040803236,152.17695504454386,156.23861739869585,35957332,26.340697286847544,161.31316969129773,173.26319521949404,196.0428861730239,-11.332431106664927,-11.002492079402062,-0.3299390272628653
2016-02-03,149.8753204345703,151.45485555013875,147.34806149517016,151.45485555013875,24132003,23.29498215007925,160.5509796142578,170.914308093843,194.665106679879,-11.680109591787925,-11.138015581879234,-0.5420940099086913
2016-02-04,146.98704528808594,153.2600540562525,144.59516932172937,152.80875826325556,23811109,23.899351342356894,159.27230834960938,168.55467732747397,193.2475071327359,-12.04980431869177,-11.320373329241741,-0.7294309894500284
2016-02-05,151.81591796875,152.80877432669536,146.40036788349764,147.75425540481072,22732245,35.92658259797612,157.6275889078776,166.46367390950522,191.9290158140893,-11.816922260472921,-11.419683115487977,-0.39723914498494395
2016-02-08,155.38113403320312,159.66844401185764,152.13181262864288,152.94413953666933,22289005,42.350886277773625,156.54447767469617,164.85620044526598,190.7034382539637,-11.215394326408074,-11.378825357671996,0.16343103126392222
2016-02-09,150.77792358398438,155.60678018993886,149.9204643523153,151.63538281565346,19008384,36.96718742248733,154.80448235405817,163.05531601678757,189.36813384411383,-10.983508666592257,-11.299762019456049,0.3162533528637912
2016-02-10,143.5120849609375,150.01074265750745,142.60949323162342,148.92763533682194,32294785,37.74057893144941,152.1719275580512,161.10829743884858,187.76293705958946,-11.256274735907397,-11.29106456274632,0.03478982683892262
2016-02-11,139.22474670410156,151.18408475161758,137.3744312705611,143.96335234557017,72749830,32.933618056593474,149.59954155815973,159.167726062593,186.0922576305913,-11.683713600036839,-11.369594370204425,-0.31411922983241425
2016-02-12,139.72117614746094,142.29355382823883,133.80919867899107,140.93966648915966,41187889,22.458386091573715,147.79937405056424,157.18632216680618,184.4038806990081,-11.845852656508015,-11.464846027465143,-0.3810066290428722
2016-02-15,151.5,153.44056635968488,142.60946755782476,143.51205912464644,35956266,38.47327207934817,147.64392768012152,155.9742715018136,183.04556842878753,-10.898267932953729,-11.35153040856286,0.45326247560913124
2016-02-16,141.16531372070312,154.1175080464749,140.48837005432037,154.1175080464749,33816243,31.45694585728191,146.67614915635852,154.77511451357887,181.54655845492493,-10.856080881988106,-11.25244050324791,0.39635962125980306
2016-02-17,143.46694946289062,144.27929026487126,136.51699605460217,139.90171496504686,32447698,32.966346177007864,146.28502739800348,153.827394031343,180.09267859365426,-10.515706057701095,-11.105093614138546,0.5893875564374511
2016-02-18,144.234130859375,147.7542323567079,141.1653113596285,146.17469716156677,21024178,36.17606679242335,145.4426066080729,152.83239382789247,178.69720129873238,-10.06799386393672,-10.897673664098182,0.8296798001614611
2016-02-19,148.6568145751953,149.19837497426647,141.79712756419468,142.51918973301883,24592575,44.286720767580924,144.6954600016276,152.44771684919084,177.4362278358609,-9.249680551162044,-10.568075041510955,1.3183944903489113
2016-02-22,148.8824920654297,150.5522921510525,147.75425248661853,149.7850837284786,15815058,46.696369516843404,144.48485649956598,151.98997424897692,176.20711113424863,-8.485139659582984,-10.151487965125362,1.6663483055423782
2016-02-23,143.06077575683594,148.92762145033396,142.60947993425918,148.92762145033396,20200068,44.64160761130292,144.43471103244357,150.8681829543341,174.9072026271446,-8.253854055075976,-9.771961183115486,1.5181071280395102
2016-02-24,141.07505798339844,145.04645518079698,140.17246645922117,140.80427777165454,19440950,45.28437053780726,144.64030117458768,149.72275070917038,173.65065331552543,-8.136991206633013,-9.444967187818992,1.3079759811859795
2016-02-25,137.01339721679688,142.69972661893274,136.29132123720834,142.24843085324662,22713124,38.04663853680007,144.33943684895834,148.3215847923642,172.33835616766237,-8.276709877050394,-9.211315725665273,0.9346058486148792
2016-02-26,140.7140350341797,143.24129445012596,137.69036122055508,140.35300387723984,30051402,38.181842324565665,143.14099629720053,147.0601065499442,171.09065635531556,-7.996647016565646,-8.968381983845347,0.9717349672797013
2016-02-29,143.2864227294922,147.93476416260063,138.09652080385703,142.78999457341862,66981910,43.759414016929405,143.37667507595486,146.15106855119978,169.87746713675705,-7.48088995055906,-8.670883577188091,1.1899936266290307
2016-03-01,146.2649688720703,147.03216345463238,143.10589832957402,144.86594916304531,23588231,52.46961321580427,143.68756612141928,145.69117736816406,168.65896875718062,-6.753949651566927,-8.287496792063859,1.5335471404969319
2016-03-02,163.5044708251953,165.35478645015323,155.69705861245168,155.69705861245168,53333757,67.67410346351986,145.8287150065104,146.19619896298363,167.85637021532247,-4.73221051904099,-7.576439537459286,2.8442290184182957
2016-03-03,164.94862365722656,166.61842371485923,161.11260915357013,166.0768632171255,33507048,68.1140546936629,147.638916015625,146.91397530691964,167.01218219831878,-2.979095468278416,-6.656970723623112,3.677875255344696
2016-03-04,170.04824829101562,171.35701710096438,161.11259715127147,165.53529038761866,38860711,64.7311647089391,149.99066670735678,148.01212783086868,166.30515214508654,-1.1648148113584114,-5.558539541170172,4.393724729811761
2016-03-08,165.4901580810547,168.7394792381415,163.73009362695595,168.7394792381415,27928279,71.27070525768306,152.48282029893664,148.6632821219308,165.48574051202513,-0.09370394520590253,-4.465572421977318,4.371868476771415
2016-03-09,165.5352783203125,166.0768387382229,161.29310095485948,162.46647267869633,29453018,70.09035359644653,155.20062255859375,149.14681280226935,164.69110556209787,0.7501526663951381,-3.4224274043028267,4.172580070697965
2016-03-10,162.91778564453125,166.75379998796203,161.92492936430835,166.75379998796203,20472928,66.45469801724202,158.07888793945312,149.7249014718192,163.83452890433517,1.1939423034402807,-2.4991534627542054,3.693095766194486
2016-03-11,162.55674743652344,164.8583449244746,160.2551361761179,162.466482770447,21869157,63.1849487565755,160.505855984158,150.6317901611328,162.9832614075904,1.4992337881965057,-1.6994760125640633,3.198709800760569
2016-03-14,164.04603576660156,165.53530651079606,163.09831176008876,164.67784718012481,14369755,64.04682775356599,162.8124796549479,151.81375630696616,162.20367012771905,1.8401406155394113,-0.9915526869433684,2.8316933024827797
2016-03-15,167.25021362304688,168.0625404928117,163.95574626799214,163.95574626799214,22369600,73.55008273017603,165.14417351616754,153.12466285342262,161.51079843558517,2.3418665273274826,-0.3248688440891982,2.6667353714166806
2016-03-16,167.1599578857422,167.7917692373429,163.91063646074386,166.97944232420693,19237834,76.36863959722848,165.5503387451172,153.87037513369606,160.75686914780562,2.7010688036461943,0.2803186854578803,2.420750118188314
2016-03-17,168.19796752929688,170.86061026962682,166.97946323454875,169.68723831402792,21560986,83.57633054279745,165.911376953125,155.1576443626767,160.14894792145373,3.0345178657333634,0.831158521512977,2.2033593442203863
2016-03-18,172.6206512451172,173.2975949754902,167.88204513250614,168.64925353591104,21144216,83.8277841085941,166.19719950358072,156.54591587611608,159.6799549775965,3.6139924089072224,1.387725298991826,2.2262671099153963
2016-03-21,177.63002014160156,178.08131591748347,174.2001694904084,174.2001694904084,20678069,84.6224109435973,167.5460730658637,158.13619631812685,159.32511243633195,4.426419357165713,1.9954641106266036,2.4309552465391095
2016-03-22,178.26182556152344,178.9387692028963,175.55405099603195,177.6300142507328,16728809,83.85867023873803,168.96013387044272,159.54595874604723,159.11185260847503,5.062893103890019,2.6089499092792865,2.4539431946107326
2016-03-23,177.44952392578125,178.35211557591757,176.27615202611292,177.72029040285767,13362780,72.6208798525576,170.57477145724826,160.90629359654017,158.893284517176,5.439059092872498,3.174971745997929,2.2640873468745686
2016-03-28,169.95799255371094,178.93877577108543,169.37129977951358,176.72742921592098,19760603,56.79314043745065,171.39713202582465,162.1871134440104,158.61011819278494,5.07417741817369,3.554812880433081,1.5193645377406089
2016-03-29,171.0410919189453,172.62062706859257,168.4687005948241,170.1385004048612,16804848,51.51098141920371,172.17436048719617,163.61406744094123,158.43490929697074,4.816877167494766,3.8072257378454184,1.009651429649348
2016-03-30,178.3069610595703,178.9839047129685,171.94368796313668,173.5232231543991,20709407,68.02034159531861,173.40288798014322,165.58042762393043,158.37562112247244,5.140008957611059,4.073782381798547,1.0662265758125118
2016-03-31,175.3284149169922,179.39007703862134,173.61349641906392,178.57775012327733,30132473,62.71985647914909,174.3104943169488,167.2287314278739,158.34376525878906,5.096994468891239,4.278424799217086,0.8185696696741536
2016-04-01,176.59201049804688,178.0361623173332,173.29755723664374,174.83195993685268,21752206,68.4082477784488,175.24316575792102,168.81471179780505,158.54463584750306,5.106007899079344,4.443941419189538,0.6620664798898064
2016-04-04,175.73458862304688,178.21671561990476,173.79402211630375,178.08133238360375,15732565,67.50605377920824,175.5891587999132,170.21802702404204,158.78709680893843,4.9864832529409,4.55244978593981,0.4340334670010897
2016-04-05,166.39276123046875,175.5991924784686,165.44503732866266,175.01249969522942,36635637,52.57935809128004,174.34057447645398,170.3555646623884,158.81187379126456,4.09079556720863,4.460118942193574,-0.36932337498494405
2016-04-06,165.9414825439453,167.43075327704997,164.4521980383849,166.97945744611454,16350631,48.46887606659548,172.97164747450086,170.40284365699404,158.99239244648055,3.3064277635965027,4.22938070647416,-0.9229529428776573
2016-04-07,164.22654724121094,167.56613357704188,163.3690879319707,165.8963472953542,19430601,46.693800420042336,171.50242784288196,170.12561979747954,159.10477402630974,2.5174105398805864,3.8869866731554454,-1.369576133274859
2016-04-08,165.2645263671875,166.03172095859983,162.64700248116526,163.955757537949,15805231,46.69376374975751,170.9809315999349,170.11487543015252,159.07822762283624,1.9533479667920801,3.500258931882773,-1.5469109650906927
2016-04-11,169.91287231445312,170.49955135795125,164.27167469445135,165.94147469895393,18990364,46.96355000645081,170.85557386610242,170.32333228701637,159.17202639112284,1.8599664484357845,3.1722004351933757,-1.3122339867575912
2016-04-12,169.50669860839844,171.71804518746495,168.15281126132248,170.1385099492097,14563344,39.84196535083067,169.87776692708334,170.63709004720053,159.23219927619485,1.7332067700561709,2.8844017021659347,-1.1511949321097639
2016-04-13,173.2073211669922,174.9222534569598,172.21447867828383,172.8914223729528,17573045,44.12997650941537,169.64208984375,171.1442602248419,159.3498903162339,1.9093483455718285,2.6893910308471134,-0.7800426852752849
2016-04-18,168.55897521972656,172.84628516507436,167.5210004261504,172.80115283221141,13985439,40.51969521193769,168.74953036838107,171.35916210356214,159.4711207969516,1.6547838252330394,2.4824695897242988,-0.8276857644912594
2016-04-20,169.05538940429688,170.27387965645357,166.16709938100118,170.00311322649867,20163005,48.86876114687077,168.0073971218533,171.44512285505022,159.72862483005898,1.4760807448166986,2.281191820742779,-0.8051110759260802
2016-04-21,175.41867065429688,178.17156382307527,171.4923919609463,171.94368772926458,31008152,54.845173134182154,169.01027594672308,171.83839489164808,160.17018665986902,1.82686195537579,2.1903258476693814,-0.36346389229359133
2016-04-22,180.6536865234375,181.87219057972726,172.8914077447972,174.74172310816354,34049763,52.719656541128096,170.64496527777777,172.43152436755952,160.77368403416054,2.4984797030059553,2.2519566187366964,0.24652308426925895
2016-04-25,177.85565185546875,182.81990493872365,176.72741251836536,181.37575307825017,23835613,52.94115975722758,172.15931023491754,172.6808101109096,161.3789508295994,2.7729981961203407,2.3561649342134254,0.4168332619069153
2016-04-26,181.37576293945312,181.78192636840242,175.59918272839852,176.86280534567496,21809451,55.28944594341062,173.94944763183594,172.8591788155692,161.95855563294654,3.2372822507458068,2.532388397519902,0.7048938532259048
2016-04-27,177.04331970214844,181.33062938735296,176.4566407278913,181.33062938735296,22801603,51.34380964527211,174.7417195638021,172.80115472702752,162.38330437155332,3.218537451242895,2.6696182082645006,0.5489192429783945
2016-04-28,173.34271240234375,178.89364500496995,172.57550406492845,177.58488999330933,24555479,58.07127971760303,175.1679433186849,172.6055922735305,162.825751211129,2.8719677245682647,2.7100881115252538,0.1618796130430109
2016-04-29,170.5897979736328,175.10275559198288,168.28818683378353,173.2073078832944,21021661,55.124343964473155,174.87710740831164,172.63567824590774,163.3566867603975,2.348104050101824,2.637691299240568,-0.2895872491387439
2016-05-02,167.88201904296875,170.09336546404407,167.43072329285323,169.3261709523197,14469844,53.94349963308243,174.80189005533853,172.48524620419457,163.9185940611596,1.694905369938681,2.449134113380191,-0.75422874344151
2016-05-03,166.12197875976562,170.9057167646121,165.76093387362477,168.78462109745388,16247931,50.91082434189967,174.4759555392795,171.9050089518229,164.43625685747932,1.0234227874477995,2.163991848193713,-1.1405690607459134
2016-05-04,162.4213409423828,166.43787044380255,161.6992649733464,165.6255435864201,17826594,41.878644738657336,173.0318077935113,171.2903863816034,164.65040079752603,0.19046193211588047,1.7692858649781464,-1.578823932862266
2016-05-05,162.7823944091797,164.90347632544353,161.11259450338417,162.69212974361344,17742028,42.70323559585949,171.04610866970486,170.6327856154669,165.07426512475107,-0.43551124701355093,1.328326442579807,-1.7638376895933578
2016-05-06,166.39276123046875,166.9343079083191,162.5567470627643,163.32394163283254,18336962,42.590783019616055,169.77245415581598,170.1879366920108,165.52379084568398,-0.6329765127584039,0.9360658515121647,-1.5690423642705686
2016-05-09,170.3190155029297,170.95082680662762,167.02456199421323,168.3333169316847,13863696,51.94415341528894,168.54392666286893,170.3749011811756,166.0352591720282,-0.46726688996608345,0.6553993032165151,-1.1226661931825985
2016-05-10,171.0410919189453,171.76316788470334,168.51383292501902,169.32617355116685,13845979,52.18254081394089,167.87701246473523,170.61773972284226,166.47416657092523,-0.27451089715643207,0.46941726314192567,-0.7439281602983577
2016-05-11,166.9794464111328,170.138517018911,166.16711947811464,167.34047754303978,18128414,40.22988708794732,167.16998291015625,170.74883015950522,166.82900881299784,-0.44436882481303996,0.28666004555093255,-0.7310288703639725
2016-05-12,170.13851928710938,171.0411109013646,167.34047977393618,168.8748965361341,17398341,37.2118821964501,167.11984083387586,170.98092506045387,167.35994496065027,-0.3203785521035343,0.1652523260200392,-0.4856308781235735
2016-05-13,166.84405517578125,169.64208074496807,166.34762706388312,169.64208074496807,15546644,36.76791894732441,167.00451151529947,170.8347909109933,167.8652194154029,-0.4823903923134196,0.03572378235334743,-0.518114174666767
2016-05-16,159.57818603515625,166.9794338626873,158.08890173993566,166.9794338626873,30937008,25.970158794240348,166.27742343478732,170.36200459798178,168.30766625497856,-1.183438912045517,-0.2081087565264255,-0.9753301555190916
2016-05-17,159.62332153320312,161.2028567497278,158.17916954054178,161.11259208551616,22183140,28.791232309105908,165.9665323893229,169.71514747256325,168.67843657848883,-1.7156064144182892,-0.5096082881047983,-1.205998126313491
2016-05-18,162.4213409423828,162.87263670147388,156.64476073499864,159.66843405743663,25345278,36.40447901530045,165.9264153374566,169.42287917364212,169.05363105325137,-1.8897918675174026,-0.7856450039873193,-1.1041468635300833
2016-05-19,155.87754821777344,163.36906037046785,155.1554722682752,163.36906037046785,25480517,33.26487808230877,164.75805833604602,168.7953629266648,169.24211300120635,-2.526737817435503,-1.133863566676956,-1.392874250758547
2016-05-20,154.65907287597656,157.6827464081235,153.93699685686005,156.59963926567602,16720624,34.43146895686159,163.01806471082898,167.8068106515067,169.06867382573145,-3.0941751237832307,-1.525925878098211,-1.5682492456850197
2016-05-23,151.9964141845703,155.87756067232883,151.81589862588592,155.51652955496007,16193112,33.714871766003526,160.90198940700955,166.44217863537017,168.81470893411074,-3.715893078512181,-1.963919318181005,-1.751973760331176
2016-05-24,152.98928833007812,153.80161532550326,150.19124863924773,152.3574769144746,14816798,38.401814163791855,159.34752739800348,165.25806608654204,168.48021952311197,-4.081444044786252,-2.3874242635020546,-1.6940197812841977
2016-05-25,158.04380798339844,158.6756194021345,154.74934010238275,154.7944724406759,18900887,44.77614049253128,158.00367058648004,164.1470206124442,168.33421265845206,-3.9181226466473618,-2.693563940131116,-1.2245587065162455
2016-05-26,166.2122344970703,167.43073864307723,156.59963964729866,158.04379168905095,30700988,49.81915963262703,157.9334682888455,163.63125465029762,168.34748630897673,-3.0939009444889507,-2.773631341002683,-0.32026960348626776
2016-05-27,176.8176727294922,182.6845175919224,163.82036038939745,166.07683918263984,85585820,55.74162731028859,159.84896681043836,163.7967289515904,168.6200331145642,-1.5668672055165302,-2.5322785139054527,0.9654113083889224
2016-05-30,179.48031616210938,184.03839198748798,175.64430248207017,180.69880636170907,46075949,57.208941244065144,162.05529954698352,164.22008696056548,168.951867795458,-0.14021260963971827,-2.053865333052306,1.9136527234125875
2016-05-31,184.98614501953125,185.66308871716734,177.0884685471102,179.43521220789722,39457647,65.01128180026444,164.5625,165.0345691499256,169.36245817296646,1.4183460009372197,-1.359423066254401,2.7777690671916204
2016-06-01,178.9387664794922,188.00981389032032,177.44949600011967,185.88871833731974,41868032,56.999263341468534,167.1248575846354,165.64489237467447,169.59164548387716,2.1408634789537757,-0.6593657572127656,2.8002292361665413
2016-06-02,181.01473999023438,182.59427521916757,176.5017821932824,178.57774553437113,23499884,61.49340362862306,170.05326504177518,166.5302923293341,169.86330787808288,2.8481458460179567,0.042136563433378904,2.806009282584578
2016-06-03,179.78025817871094,184.85542708680984,178.6829107845095,183.80381877961048,24568749,68.16222004501174,173.14035881890192,167.33971441359748,170.09041161630668,3.271349768627374,0.687979204472178,2.583370564155196
2016-06-06,181.8834686279297,185.2669330564443,180.23747549912412,180.55752351712462,23623536,69.29834471208733,176.35082329644098,168.0773671468099,170.2720354865579,3.7334169259527528,1.297066748768293,2.43635017718446
2016-06-07,192.17100524902344,193.08545212425716,183.02653649668633,183.30087334992686,66063192,72.82703022429493,180.14273410373264,169.11793808710007,170.5571528416054,4.873547484218562,2.012362895858347,2.8611845883602154
2016-06-08,192.67393493652344,193.77126828858056,189.79343314320465,192.17098641376998,35163093,81.11883311086129,183.08292304144965,170.14807346888952,170.83974322150735,5.751392911102386,2.760168898907155,2.9912240121952305
2016-06-09,191.98809814453125,194.59427704173393,190.47926654300372,192.03382327407613,27858182,81.85628338607566,184.7685258653429,171.33896164667038,171.12481330422793,6.31890997826153,3.4719171147780306,2.8469928634834996
2016-06-10,188.33030700683594,193.40548930406658,187.73592219551577,191.43943435583813,25598224,80.48919398282284,185.75185818142361,172.20523725237166,171.48505476409315,6.399745880541445,4.057482867930714,2.342263012610731
2016-06-13,184.53538513183594,185.2669454342652,183.0722645269774,184.26104827425593,21192525,75.2826219509958,185.70177374945746,173.0476815359933,171.7496487486596,6.087418464885673,4.463469987321706,1.6239484775639665
2016-06-14,189.9305877685547,190.7535982180963,186.3642510139247,186.86719951864177,23918910,75.41686573016817,186.92308722601996,174.49303399948846,171.9775629978554,6.203731743128486,4.811522338483062,1.392209404645424
2016-06-15,197.5662384033203,198.9379086343732,190.70788724805593,191.805220642228,48362742,75.2062806673209,188.76214260525174,176.29983956473214,172.41359875248926,6.83327431383421,5.215872733553292,1.6174015802809176
2016-06-16,197.5205078125,199.8066248010706,194.82289255665683,197.5205078125,48122379,70.04724348019583,190.73328145345053,177.97122846330916,172.82396144492952,7.244985576357777,5.621695302114189,1.6232902742435886
2016-06-17,195.1886749267578,198.8921874141045,193.49695664720042,198.20635228509036,26486677,65.30900618300862,192.21163770887586,179.8431868780227,173.20541411755133,7.298972283160509,5.957150698323453,1.3418215848370565
2016-06-20,197.42906188964844,198.16062213273548,190.11348736548027,190.2049376283728,32633757,62.950885802542665,192.79586622450086,181.8798530215309,173.8139690324372,7.436810716776023,6.253082702013968,1.183728014762055
2016-06-21,195.69161987304688,198.8921837494752,194.91433449314522,196.60606669488354,18960306,69.15534442335681,193.13116455078125,183.96057710193452,174.397305058498,7.321454448719976,6.466757051355169,0.8546973973648067
2016-06-22,194.6857147216797,196.83467024530316,193.35976967562186,195.69161176536528,16395548,66.02360561306668,193.43089972601996,185.9461212158203,174.9945436365464,7.067397081914891,6.586885057467114,0.4805120244477763
2016-06-23,198.9379119873047,199.3494102728858,194.54856438328648,194.77717609231502,20666649,70.97098341050156,194.6095225016276,187.8934595017206,175.65480609968597,7.127015769203922,6.694911199814476,0.43210456938944564
2016-06-24,193.17689514160156,194.18279224793983,185.1754852836654,188.2845989614086,47224652,61.44579729294211,195.56969028049045,189.17749096098402,176.1109634100222,6.632937718628369,6.682516503577256,-0.04957878494888668
2016-06-27,198.57212829589844,200.12669910670917,192.53678744575984,192.76539915872007,29021651,57.20164693829062,196.5298614501953,190.21341741652716,176.68087379605163,6.600639466598494,6.666141096181503,-0.06550162958300909
2016-06-28,197.42906188964844,199.94379063233126,196.97183848188794,198.20634726418174,21784062,55.27383916374571,196.5146196153429,191.068119594029,177.15580988865273,6.408928821158042,6.614698641176812,-0.20576982001876942
2016-06-29,198.61785888671875,200.08097947120788,197.61197569406545,199.25796890992575,18019568,57.27183871302473,196.6365475124783,191.71724882579986,177.7451997644761,6.280524756021862,6.547863864145823,-0.2673391081239611
2016-06-30,200.08096313476562,202.91573984989722,199.2579526406816,201.17829650686014,30600995,63.540590067867264,197.18013509114584,192.72402009509858,178.35354434742646,6.225065217585325,6.483304134833723,-0.25823891724839854
2016-07-01,200.81251525878906,202.09273514898095,200.1723913603428,201.909848586575,15346865,70.18137046053582,197.55607435438367,193.6667712983631,178.85146286908318,6.169030532492059,6.420449414365391,-0.2514188818733327
2016-07-04,203.92164611816406,205.15615493833658,203.00719927458485,203.32726125117816,16534518,68.3894237518742,198.47052171495227,194.81636120024183,179.30769737094056,6.30284820637209,6.396929172766732,-0.09408096639464159
2016-07-05,204.3788604736328,205.88769211726557,202.59569199842565,204.1502487728793,15357018,61.037015502726184,199.5475379096137,195.8875703357515,179.8277602850222,6.372336723308393,6.392010682875064,-0.019673959566670618
2016-07-07,201.22402954101562,205.38476544558762,200.5839195449318,204.74464149615238,12917872,55.45089091211255,199.80155097113715,196.31866673060827,180.21694198309206,6.102492646815421,6.334107075663136,-0.2316144288477151
2016-07-08,199.62371826171875,201.95556014744668,197.97771140394906,201.31543629200615,16017389,56.67120663560759,200.51786465115018,196.6496087937128,180.6596948960248,5.693872112789364,6.206060083088381,-0.5121879702990171
2016-07-11,205.4761962890625,206.1620313994755,203.00719268224594,204.47031316580075,15831791,60.91809580436171,201.28498331705728,197.29189918154762,181.2897632075291,5.775704732325835,6.119989012935872,-0.34428428061003746
2016-07-12,207.30508422851562,207.7623076229117,204.97324212642545,205.75052747823906,19374179,65.71777639000408,202.38231913248697,198.1954600016276,182.00967078115426,5.919892805681741,6.079969771485047,-0.16007696580330588
2016-07-13,208.21954345703125,208.95110372244093,204.7903677941903,207.57943345730456,18377333,68.36226803210235,203.4491729736328,199.32327706473214,182.80060263241037,6.038345818070866,6.071644980802211,-0.033299162731345255
2016-07-14,212.15167236328125,212.92895777871158,206.66499118147226,207.57943804510708,21208021,68.08508149989035,204.79036288791232,200.3814239501953,183.70314564424402,6.376011927785186,6.132518370198806,0.2434935575863797
2016-07-15,211.69444274902344,214.34633299477647,211.0543327538435,212.97466273938323,15068302,79.64854640850666,205.9994659423828,201.05419558570497,184.66928489535462,6.531429885793955,6.212300673317836,0.3191292124761187
2016-07-18,209.1796875,213.84337136002839,208.67673901260878,212.51741245144703,11816985,68.70957271756923,206.5836927625868,201.60939461844308,185.57903574027267,6.378156586467981,6.245471855947866,0.13268473052011487
2016-07-19,209.95700073242188,212.2888290193716,207.57943335930077,210.3227738882783,19767339,72.38555578155358,207.20348612467447,202.3126482282366,186.43323651482078,6.247393016232365,6.245856088004766,0.0015369282275994323
2016-07-20,211.37435913085938,212.83747950146832,209.59119077210784,210.9171357592128,18051608,72.60928592291299,208.33130052354602,202.9767100016276,187.2382432526233,6.186813190809346,6.234047508565682,-0.04723431775633635
2016-07-21,206.3448944091797,212.24308684790114,205.20183602234988,211.83157466596285,13306837,59.85604152611348,209.07809787326389,203.4840087890625,187.93047467400046,5.667634510007105,6.1207649088539675,-0.4531303988468629
2016-07-22,204.3788604736328,206.57352721952608,203.09864053075353,206.11630381801908,12341622,55.40165513569081,208.95617167154947,203.94558715820312,188.6637965183632,5.0394475428960845,5.904501435662391,-0.8650538927663067
2016-07-25,210.2313232421875,211.2372203489995,203.64730877522663,203.92164561829821,18427070,58.82350681856493,209.28130933973523,204.4833686465309,189.44992992924708,4.956711791877325,5.714943506905378,-0.7582317150280531
2016-07-26,207.30508422851562,212.33454156687256,206.57352400681174,210.32276142219993,14162638,53.827735629499664,209.17970275878906,205.15613955543154,190.243283440085,4.601971418428661,5.492349089210035,-0.8903776707813735
2016-07-27,209.63693237304688,211.23721429955867,207.39654046660056,208.26526215032246,17626617,61.24690446369196,208.90028720431857,205.6830349876767,191.224827485926,4.457613183883893,5.285401908144807,-0.8277887242609134
2016-07-28,211.23721313476562,215.03216181537016,209.68265634825357,210.4599277648341,26838284,65.52567247138845,208.8494839138455,206.34056599934897,192.23686457615273,4.421370716911753,5.112595669898196,-0.6912249529864436
2016-07-29,209.77410888671875,212.79178638420956,208.8596620058641,210.32278259657238,15577230,56.50970719860815,208.915530734592,206.87181599934897,193.1653502221201,4.225874761839634,4.935251488286484,-0.70937672644685
2016-08-01,207.853759765625,212.74604175796125,206.0248661714767,211.05432355538454,16071228,50.82873921380633,208.6818372938368,207.24194917224702,194.18449162501915,3.8713600550509852,4.722473201639385,-0.8511131465883999
2016-08-02,208.53961181640625,211.14577702792215,207.85377666284649,209.6826704056725,16145066,50.486804569873264,208.36686537000867,207.60990615118118,195.24097278071386,3.6042001485974424,4.498818591030997,-0.8946184424335542
2016-08-03,207.25933837890625,210.77996374514314,206.4820670581463,208.95107035039135,14838944,41.906156817959214,208.46847025553384,207.76884387788317,196.3245595296224,3.2516832508221682,4.249391522989232,-0.9977082721670634
2016-08-04,206.3448944091797,209.13395966371436,204.10450276166313,208.9053479863484,17810908,41.28163809353287,208.6869184705946,207.86246454148065,197.3707478841146,2.8654914814665347,3.9726115146846928,-1.107120033218158
2016-08-05,212.83749389648438,213.88910214105576,207.48797450507126,207.8994867300653,21264296,55.27705891106589,208.9764929877387,208.41548665364584,198.44513388241037,3.048192573050187,3.787727726357792,-0.7395351533076049
2016-08-08,213.29470825195312,215.71798660144975,211.87731297343512,213.9348181977305,16972827,54.86014582659363,209.64200676812067,209.06648617699034,199.36831964231004,3.193070156658223,3.6687962124178783,-0.47572605575965543
2016-08-09,215.03216552734375,217.63834456247864,212.74604846261184,214.20916896538077,19854185,55.27705891106589,210.24147711859808,209.5215323311942,200.11762342266007,3.408790551463113,3.6167950802269253,-0.20800452876381215
2016-08-10,211.69444274902344,216.63245008709853,211.28294446307572,216.49528864289977,16279843,58.113765082491994,210.29228040907117,209.73054940359933,200.74927296357995,3.272698553094216,3.5479757748003835,-0.27527722170616764
2016-08-11,207.71658325195312,211.78588263963107,206.75642528289274,211.69443237907737,16673286,54.77121440091367,210.06366644965277,209.70659891764322,201.19496783088235,2.811455932918193,3.4006718064239454,-0.5892158735057524
2016-08-12,222.4849090576172,226.73708109296945,205.20185617904977,207.5794234385408,86616475,63.9582925590513,211.68934970431857,210.1986578078497,202.04881376378677,3.596144190121919,3.4397662831635403,0.1563779069583786
2016-08-16,225.63975524902344,226.69136352193368,221.89051766557148,224.2680850043485,27709873,70.77716039370713,213.58936564127603,210.8627203078497,202.92381406297872,4.4216153790960675,3.6361361023500463,0.7854792767460212
2016-08-17,225.18252563476562,228.42881458179485,223.39935715644984,225.3654122050171,18294050,68.39821492551113,215.5808308919271,211.624760219029,203.8140546013327,4.981489129102556,3.9052067077005486,1.0762824214020075
2016-08-18,227.14857482910156,228.9774683911824,225.4568566561871,225.77690465754094,14314950,68.6694665784846,217.89235093858508,212.4434066045852,204.7016057033165,5.520203380318463,4.228206042224132,1.2919973380943315
2016-08-19,236.384521484375,237.7561918218085,231.81228702626328,233.1839573636968,39822529,76.40646520343974,220.5086873372396,213.63436671665735,205.56853739420572,6.6161353230841655,4.705791898396138,1.910343424688027
2016-08-22,233.0010528564453,238.1219466836824,232.26949260873968,237.5732730095654,19769886,74.25037411767822,222.69828118218317,214.90370759509858,206.35926519655715,7.129467577745686,5.190527034266048,1.9389405434796378
2016-08-23,232.955322265625,233.9154941961535,229.52614676613103,233.09248370426445,17583721,73.83919877093388,224.6897430419922,216.26449148995536,207.16254410089232,7.446755450047618,5.641772717422362,1.8049827326252563
2016-08-24,232.63525390625,234.2812748447582,231.81225739034633,233.13820242301352,11560293,75.25018857519747,227.0164998372396,217.3313453311012,208.03126854990043,7.584946985718091,6.030407571081508,1.554539414636583
2016-08-25,228.74888610839844,233.68690773295666,227.33150457821964,233.0925088768424,21230706,71.04811971957784,229.3534223768446,218.35247875395277,208.89819994159774,7.296754923115998,6.2836770414884064,1.0130778816275914
2016-08-26,225.50257873535156,229.25180211488816,224.8167436588491,228.88602898876033,16531983,62.671523463918284,229.68871900770398,219.1079857235863,209.59568996055452,6.728844828092178,6.372710598809161,0.3561342292830174
2016-08-29,227.74298095703125,228.47454119613786,223.35363347574255,224.81675395395578,11786129,63.95758488065146,229.9224107530382,219.89397466750373,210.18739079494102,6.385940573856033,6.375356593818536,0.010583980037496943
2016-08-30,230.66921997070312,231.26360484716602,228.428827958883,228.74887598722773,15323228,64.76682653651136,230.53204345703125,220.88897995721726,210.8373655431411,6.2779413150881,6.35587353807245,-0.07793222298434976
2016-08-31,230.89779663085938,233.91547359531873,229.70901310506028,231.58363167035697,15601566,69.26600013165367,230.94862365722656,221.98631504603796,211.53754440008424,6.140017056007849,6.3127022416595295,-0.17268518565168023
2016-09-01,230.44058227539062,233.04676110865472,229.66329695224866,230.39485714696752,12175873,74.53106921753064,230.28818596733942,223.02921840122767,212.18482911353018,5.925512094685274,6.2352642122646795,-0.30975211757940535
2016-09-02,232.81814575195312,233.3668054243358,230.12051670434266,230.44057864491168,11380257,65.2290774160904,230.26786295572916,224.24630446661087,212.912800209195,5.879588632010922,6.164129096213928,-0.2845404642030065
2016-09-06,237.8476104736328,239.127830370375,234.09837313505162,235.19572042180246,16620963,67.04977772852618,230.8114505343967,225.7464338030134,213.75911189060585,6.177815713046698,6.166866419580482,0.01094929346621587
2016-09-07,243.97439575195312,247.17495956080327,238.12194179711037,240.40805880343189,30862337,72.6570853524371,232.07135518391928,227.22914341517858,214.6421801997166,6.8298133547151,6.299455806607406,0.5303575481076939
2016-09-08,245.3917999267578,248.36375197305034,244.0658409280391,245.07173797120146,14339143,72.29049225268976,233.92056783040366,228.75757635207404,215.66600186217065,7.375874365924432,6.514739518470811,0.8611348474536209
2016-09-09,241.50538635253906,245.4374961187353,240.81955130680487,245.4374961187353,11455826,57.197885938298256,235.6986575656467,230.01820591517858,216.50783045151655,7.409617102507781,6.693715035278205,0.7159020672295755
2016-09-12,231.12644958496094,236.61313088074635,230.257727837132,235.47007227745772,18989750,47.798080225056296,236.07459852430554,230.94353957403274,217.16856354358148,6.523664266776137,6.659704881577793,-0.1360406148016553
2016-09-14,235.51573181152344,235.92724398114652,231.3550105706592,233.18390393485413,12754966,52.72900612517529,236.61309983995227,232.2673085530599,217.89205124798943,6.105340094270275,6.548831924116289,-0.443491829846014
2016-09-15,234.098388671875,236.24734430547687,232.45238158585562,236.24734430547687,7783662,51.5238351928886,236.9687211778429,232.8203313918341,218.55905959185432,5.594952300178107,6.358055999328653,-0.7631036991505455
2016-09-16,232.5438232421875,239.5850607876427,231.72081275296756,235.88156242288076,18013477,54.15414629583542,237.20241461859808,233.1490965343657,219.1812421013327,5.007304765684353,6.087905752599793,-1.0806009869154405
2016-09-19,233.77833557128906,236.20161418339433,233.36683727250633,234.09839755553776,11433295,59.47648351801958,237.3091023763021,233.55842081705728,219.76666738472733,4.5883134670129095,5.7879872954824165,-1.199673828469507
2016-09-20,232.6809844970703,234.46415295894914,231.94942426945698,234.46415295894914,9914599,55.806457748038085,236.7350328233507,233.82186889648438,220.32161099303002,4.12021748102768,5.454433332591469,-1.3342158515637887
2016-09-21,229.66331481933594,234.3269992143075,229.20609140623483,232.7267172684537,12817180,48.819722625954675,235.14491271972656,233.50181143624442,220.87924403770296,3.465795780040139,5.056705822081204,-1.590910042041065
2016-09-22,235.83583068847656,236.33879318646623,233.2753907400467,235.83583068847656,20797370,55.08477851873197,234.08313835991754,233.63680085681733,221.58928545783547,3.4059704052373263,4.726558738712429,-1.3205883334751025
2016-09-23,232.77243041992188,236.65881527790242,232.08659533556934,236.65881527790242,12730223,52.27883300845325,233.11280992296008,233.62809172130767,222.12450573491114,3.0759103846924063,4.396429067908425,-1.3205186832160187
2016-09-26,230.12054443359375,232.68099840662774,229.20609758274958,232.22377498120565,8800173,47.377788852599075,233.00104268391928,233.50834365118118,222.5718676997166,2.57071678125709,4.031286610578158,-1.4605698293210683
2016-09-27,227.69725036621094,232.17803404910535,227.05714040484756,231.49219895764085,11345387,39.606719804812926,232.13232252332898,233.45826575869606,222.95378352146523,1.9523027016090566,3.6154898287843382,-1.6631871271752816
2016-09-28,232.0408935546875,233.91551243121842,226.82854917979446,228.61171778786945,17277539,37.31779569766928,231.9037119547526,233.76961408342635,223.34376825070848,1.7920432331409302,3.2508005096556567,-1.4587572765147265
2016-09-29,226.0969696044922,234.7842141393463,222.66779413020768,233.18393225134685,27870695,31.29430100928934,231.18739488389758,233.6912325904483,223.6261707380706,1.171902499902302,2.835020907704986,-1.663118407802684
2016-09-30,229.7547607421875,230.89781925334265,224.77102842422119,225.73120036426172,14826293,38.557434593980005,230.7403310139974,233.64768691289993,224.02960354674096,0.9644718452448444,2.460911095212958,-1.4964392499681134
2016-10-03,233.45828247070312,234.6927773402435,231.0349899578693,231.35505193516767,9314647,52.6100250073526,230.82669745551215,233.76961481003534,224.49041299258963,1.0864014491954492,2.1860091660094563,-1.099607716814007
2016-10-04,237.52755737304688,239.5850626823418,232.08660167913717,233.91549528739932,21532806,52.268088091552684,231.70050218370227,234.10708981468565,225.00322080125997,1.4941642200081446,2.047640176809194,-0.5534759568010492
2016-10-05,238.533447265625,242.23694554830155,237.3446497119837,239.58505547741083,20868556,55.04680855201518,232.00023735894098,234.3792470296224,225.63436889648438,1.8768508926168295,2.0134823199707212,-0.13663142735389178
2016-10-06,234.82992553710938,239.5850600286019,233.77831730534703,238.9906751938407,11081154,52.48013862899264,232.22884792751736,234.2355477469308,226.23144860361137,1.859850388338998,1.9827559336443767,-0.12290554530537867
2016-10-07,236.56739807128906,237.66471748610198,233.41254545196094,235.24143905001745,11934100,52.99312438142686,232.9451649983724,233.88283357166108,226.7478422277114,1.9639378263084382,1.978992312177189,-0.015054485868750911
2016-10-10,234.6470489501953,238.0304852867077,234.14408647798737,237.16177759113197,9399844,52.0732885489619,233.71736484103732,233.37117876325334,227.28395918303846,1.869916512193754,1.9571771521805021,-0.08726063998674816
2016-10-13,228.2916259765625,233.5039836238412,224.8167394828435,233.13819655115756,18050638,48.64863320963405,233.30077955457898,232.74195207868303,227.64973748898973,1.2679581911338005,1.819333359971162,-0.5513751688373616
2016-10-14,230.53204345703125,231.85798852403562,227.78870306184254,229.52614639745508,12133951,44.33595805999447,233.79356553819446,232.7136470249721,228.02806749530868,0.9606115199004819,1.6475889919570261,-0.6869774720565442
2016-10-17,231.53793334960938,234.50989948485596,230.44059995004133,232.04088189413883,16865537,48.621052638755465,233.991695827908,232.52422805059524,228.45480915144378,0.7891076347820558,1.4758927205220322,-0.6867850857399764
2016-10-18,234.92137145996094,235.65294562567493,232.0865948229092,233.09247790572738,20218355,55.276347189403936,234.15426127115884,232.56341770717077,228.98554663564644,0.9156497092639597,1.3638441182704177,-0.448194409006458
2016-10-19,233.54971313476562,235.92728045714713,233.04677854453405,235.92728045714713,9546481,56.58435090719005,233.71227857801648,232.61131722586495,229.47594077914368,0.894937568352276,1.2700628082867895,-0.3751252399345135
2016-10-20,237.93907165527344,238.57916767967964,233.4582739042709,233.82404704774615,14179531,56.628964374266225,233.646236843533,232.80944751557848,230.07750417671951,1.2186596468425535,1.2597821759979424,-0.04112252915538894
2016-10-21,236.384521484375,237.52758009890292,234.18985452582226,237.52758009890292,8833390,62.82783318536976,233.8189697265625,232.98580641973587,230.66651647231157,1.3343904964502542,1.2747038400884048,0.059686656361849444
2016-10-24,240.4537811279297,242.23693552455342,237.1160282059805,237.1160282059805,14483254,63.2053983912553,234.25079006618924,233.4996381487165,231.20801230037912,1.7344693901136168,1.3666569500934471,0.36781244002016966
2016-10-25,239.08213806152344,241.9169009470481,238.44201410928713,241.41396634650738,9079178,57.365281092291376,234.7435777452257,233.6542242140997,231.71364817899817,1.918736661730719,1.4770728924209016,0.44166376930981754
2016-10-26,236.61309814453125,242.1912289381675,234.82991580742856,238.12192971077948,15020687,48.74998435655377,235.66818576388889,233.83711315336683,232.13680372051164,1.8442792126481038,1.5505141564663423,0.2937650561817615
2016-10-27,233.54971313476562,236.01873072083532,232.5438300009513,235.92728045714713,10938008,43.5503019340366,236.00348239474826,234.00040690104166,232.56533843395758,1.520553584096092,1.5445220419922925,-0.0239684578962005
2016-10-28,235.92727661132812,236.6588228955042,232.26948937704395,234.00693273198854,11430184,51.47060748137509,236.4911872016059,234.39231291271392,233.1184892841414,1.4392573309780232,1.5234690997894387,-0.08421176881141546
2016-11-01,236.7960205078125,238.5791751027481,234.5556145859285,235.01283800617398,10000632,50.313690891679386,236.69948154025607,234.6187475295294,233.3990993125766,1.4284633998389893,1.5044679597993489,-0.0760045599603596
2016-11-02,229.57188415527344,234.09839326563792,229.1146607309265,232.36094983446014,13716294,43.92115851928965,236.25750054253473,234.78421965099517,233.47619987936582,0.827443449600537,1.3690630577595866,-0.5416196081590496
2016-11-03,224.63385009765625,231.17215306809874,223.9023038227501,229.66330748106552,12902390,45.46486822320213,234.77914259168836,234.54036676316034,233.46544153550093,-0.04678792853977143,1.0858928604997151,-1.1326807890394865
2016-11-04,222.07342529296875,226.23414733880253,219.74158301181188,225.18253903227676,12657669,39.595059781894626,233.18902079264322,233.99823070707777,233.3659287994983,-0.9354442584704827,0.6816254367056755,-1.6170696951761583
2016-11-07,231.08071899414062,232.1780524367183,224.49670438532291,226.78282153792293,11224419,49.53008409054554,232.14756944444446,233.6912384033203,233.26193267223883,-0.9024940877133645,0.3648015318218675,-1.2672956195352318
2016-11-08,231.0349884033203,232.3609474831903,227.37720104555802,231.9951603754032,9367228,45.711418459061996,231.2534417046441,233.33416893368675,233.22338238884421,-0.8700416182942945,0.11783290179863506,-0.9878745200929295
2016-11-09,237.75616455078125,238.7163225141712,214.8949948824369,214.8949948824369,31761606,54.15162183034364,231.38044908311633,233.4735136486235,233.31751655129824,-0.2985386903959011,0.03455858335972784,-0.3330972737556289
2016-11-10,257.2338562011719,259.88577406636523,242.55699722098007,244.1572790122589,50227559,64.67313621442106,234.01202053493924,234.45763070242745,233.7998420864928,1.7063981362267953,0.36892649393314136,1.337471642293654
2016-11-11,249.64398193359375,264.0922305311721,247.3578648829198,254.9020511501438,57937113,59.2356660819703,235.53609890407986,235.17177036830358,234.20954984777114,2.652311399144594,0.825603474975432,1.826707924169162
2016-11-15,254.3991241455078,259.19997009503993,247.54077278903333,251.61004451651965,48658808,59.62147528122583,237.49199930826822,236.41498456682478,234.77614877738205,3.7425133468352385,1.4089854493473934,2.333527897487845
2016-11-16,253.4846649169922,260.43443829340845,252.52447902996238,259.70289201379677,27532708,59.999991524389415,240.1489749484592,237.50796654110863,235.28088767855775,4.481062132673259,2.0234007860125667,2.457661346660692
2016-11-17,253.71328735351562,258.0569098509258,252.02155511528895,254.21622195369247,19500760,62.254286186665084,243.38002353244357,238.56393577938988,235.73273213704428,5.026868673406682,2.6240943634913902,2.4027743099152916
2016-11-18,252.20443725585938,256.04512529801116,251.33572946762067,254.35339299595134,13389671,63.67292680951919,246.72791375054254,239.3869389125279,236.15050940420113,5.2768445174912415,3.1546443942913607,2.122200123199881
2016-11-21,235.33287048339844,253.85041668221982,233.96120039459683,253.43890449289958,26002028,49.64067611002994,247.20037502712674,239.4718511672247,236.246436623966,4.066679587076379,3.337051432848365,0.7296281542280143
2016-11-22,235.33287048339844,240.1794269678176,229.6632896203388,238.48769494362244,25631435,49.10612393060489,247.67791748046875,239.34774634951637,236.29574495203354,3.0722007431664338,3.284081294911979,-0.2118805517455451
2016-11-23,236.52166748046875,238.07623825731983,232.95533041753689,237.57327575577264,16190033,54.58382639266156,247.5407511393229,239.35427711123512,236.26974606981466,2.3528726259871178,3.0978395611270066,-0.7449669351398889
2016-11-24,239.3564453125,240.49950379059217,232.77243126935923,235.74436935904828,28927720,59.98759495285171,245.55437215169272,239.30202302478608,236.17919802198222,1.9886192258977076,2.875995494081147,-0.8873762681834396
2016-11-25,238.62490844726562,241.87118349021904,236.24734113785496,240.9567366717305,19303589,61.51399212896306,244.3300306532118,239.2802501860119,236.04651387532553,1.622216963348592,2.6252397879346363,-1.0030228245860444
2016-11-28,231.85800170898438,235.69867568998404,226.78281889860733,231.766551442604,22315183,50.55811103845903,241.82546149359808,239.05381702241442,235.85734947054993,0.7768526364931176,2.2555623576463324,-1.4787097211532148
2016-11-29,231.08071899414062,234.55561985676303,230.44060898208298,232.49811441942302,12656706,50.03249449046536,239.3361341688368,238.93624587286087,235.85645279229857,0.043671677955103405,1.8131842217080867,-1.7695125437529833
2016-11-30,236.24732971191406,237.8933227429052,231.0806970653238,232.26948066253442,16501691,48.903656164718,237.39547220865884,238.9514864966983,235.87079784916895,-0.11910424857518365,1.4267265276514327,-1.5458307762266164
2016-12-01,233.77833557128906,238.67063188279437,232.86388870583775,237.43612303309433,12986151,27.361031213945026,235.34812757703992,238.8077872140067,235.8645222981771,-0.44223472931315655,1.0529342762585148,-1.4951690055716713
2016-12-02,232.36093139648438,239.0363816995677,231.35503436139896,232.2237560080543,21139754,31.062140733730814,235.01791212293836,238.9405989873977,235.86093618355545,-0.8034292027610945,0.6816615804545929,-1.4850907832156874
2016-12-05,234.92137145996094,235.74436797802585,231.53792117529895,232.635254517169,8406973,27.578919413005806,234.97219000922308,239.43048095703125,235.88334865196077,-0.8730088084869863,0.3707275026662771,-1.2437363111532633
2016-12-06,236.9331817626953,237.8933397817603,234.4184529533602,236.3845080774998,10048459,31.4168591706715,235.01791381835938,240.1380884079706,235.9667250689338,-0.7570876343106931,0.14516447527088303,-0.9022521095815762
2016-12-07,233.73260498046875,240.2708939441354,230.12052899921795,238.0762272306482,22193202,28.970161794917587,234.3930426703559,240.26436869303384,236.04651507209329,-0.9129550886315201,-0.06645943750959761,-0.8464956511219225
2016-12-08,237.66470336914062,238.21337699730742,235.97297131008463,236.33877233332913,9047721,35.43953273307267,234.2863532172309,240.58006940569197,236.08237532073377,-0.7109977515970343,-0.19536710032708496,-0.5156306512699493
2016-12-09,243.8372344970703,244.34019698286195,236.65882151045892,238.4877151168974,16004173,60.83917226314507,235.6173790825738,240.86964416503906,236.29933226342294,-0.052270884722645405,-0.16674785720619706,0.11447697248355165
2016-12-12,241.09390258789062,246.30626071269808,239.85939377867803,245.89474847405964,14296268,56.8627671954075,236.7299550374349,240.10107494535902,236.51449614880133,0.2455800510958852,-0.0842822755457806,0.3298623266416658
2016-12-13,243.38002014160156,243.928693825267,239.17355910910362,242.2369615950914,9084137,57.96178998343055,237.52247619628906,239.80279105050224,236.82200143851486,0.6585087651973822,0.06427593260285197,0.5942328325945303
2016-12-14,240.4080352783203,243.4714373483625,239.8593616691532,243.24282567010113,8672531,51.21690318912437,238.2591094970703,239.1365487234933,236.98606304093903,0.737442626010079,0.1989092712842974,0.5385333547257817
2016-12-15,242.6941680908203,244.61451189639385,236.84171432211593,237.66471083687577,12274497,54.54541735795391,239.4072469075521,238.62271554129464,237.31149830537683,0.9732510589714423,0.35377762882172636,0.6194734301497159
2016-12-16,242.09979248046875,243.56291295498664,240.54522174378687,243.56291295498664,11017555,63.27011238371951,240.20484924316406,238.06969197591147,237.5535577512255,1.0994954969733044,0.502921202452042,0.5965742945212624
2016-12-19,238.9906768798828,241.87117871997125,238.53345347965603,240.81957048078996,8371299,59.66478897082705,240.43345981174045,237.44046529134116,237.6620360729741,0.937854476022352,0.589907857166104,0.3479466188562479
2016-12-20,232.77243041992188,240.40805265370315,231.58364681637403,239.44789469829,12765309,45.86056981488342,240.32677374945746,237.31853957403274,237.5687982895795,0.30448239754795736,0.5328227652424747,-0.22834036769451738
2016-12-21,233.50399780273438,235.92727626050382,232.36093929372032,234.18983290814282,8778450,49.65908690126888,239.8644731309679,237.23145039876303,237.47018163344438,-0.13686052111842173,0.39888610797029544,-0.5357466290887172
2016-12-22,228.42880249023438,232.49808776466867,227.10285748440972,232.49808776466867,12981595,45.5208325366769,238.15242513020834,236.84607587541853,237.344669416839,-0.8859412313713619,0.14192064010196395,-1.0278618714733259
2016-12-23,227.83441162109375,230.25770398100883,226.5999168294546,228.38308527516716,10557157,41.54854919954771,236.67914835611978,236.29740760439918,237.1734343884038,-1.510147427183341,-0.18849297335509707,-1.321654453828244
2016-12-26,223.30789184570312,227.05712907327214,222.7592321719235,226.78279225970735,8592983,34.670769353315265,234.44891187879773,235.56802586146765,236.95109797459023,-2.3430781048201084,-0.6194099996480994,-1.7236681051720089
2016-12-27,227.4686279296875,228.56596123355268,222.3020093992577,223.67367951742668,8756536,43.10170298115804,233.01119995117188,235.35900806245348,236.93496075798484,-2.637046804476114,-1.0229373606137024,-1.6141094438624115
2016-12-28,226.55421447753906,230.89783715672496,226.00554076830107,227.92588479728198,11747088,36.89326609835905,231.2178717719184,235.14346022832962,236.85696411132812,-2.9102570091702944,-1.400401290325021,-1.5098557188452735
2016-12-29,226.46275329589844,227.5601006614977,224.4966981803439,226.46275329589844,10658616,26.07057353925198,229.4804229736328,234.67752801804315,236.75745077694162,-3.0984413149827503,-1.740009295256567,-1.3584320197261834
2016-12-30,228.79458618164062,230.71493003972694,226.09697091688184,226.5541943161071,10538497,32.866257635327244,228.34752400716147,234.44020661853608,236.63731773226868,-3.0245541299049705,-1.9969182621862478,-1.0276358677187227
2017-01-02,222.75924682617188,231.94942603504518,221.84480002303218,230.89781779277487,25988990,23.990803457979865,227.23494805230035,233.9829835437593,236.42573996151194,-3.413649028871106,-2.2802644155232197,-1.1333846133478862
2017-01-03,223.947998046875,225.31966813851372,220.47311164407003,223.12500157323166,15963085,28.260865184213074,226.1731703016493,233.46044195265998,236.1514051848767,-3.584764319242936,-2.5411643962671633,-1.0435999229757726
2017-01-04,222.11911010742188,225.31967373406107,221.47900017276405,224.77101405579012,11225978,22.49385072259365,225.4720933702257,232.75500996907553,235.87169123630898,-3.82387118499787,-2.797705754013305,-1.0261654309845651
2017-01-05,224.35951232910156,224.86244687137895,222.8506668422198,224.03945039006152,11970913,27.28334587090535,225.08599344889322,232.30867222377233,235.55611733829275,-3.7889071996291364,-2.9959460431364713,-0.7929611564926651
2017-01-06,224.86245727539062,227.6972478703781,224.49668414529245,224.9539075345904,12354302,30.61477436555164,225.25872294108072,231.69904145740327,235.2773000679764,-3.678214369797189,-3.132399708468615,-0.5458146613285741
2017-01-09,225.91407775878906,227.10286135277246,224.95390585775056,225.31967898512218,8329253,39.035078945558034,225.08599514431424,230.8455578031994,235.06751535453049,-3.465682292252694,-3.199056225225431,-0.2666260670272633
2017-01-10,227.05712890625,227.69723883519703,225.31967172385097,226.508455279524,9352013,39.82679875793626,225.1418745252821,230.17714000883558,234.94020978142234,-3.168490034068469,-3.192942986994039,0.024452952925569704
2017-01-11,230.57774353027344,231.5379154130204,227.69724183538273,228.291626644376,13415303,53.56600088217584,225.5990956624349,229.5675077892485,234.83531697591147,-2.6186921975738926,-3.07809282911001,0.4594006315361172
2017-01-12,229.7547607421875,232.68098774007453,229.1146507666108,231.26359239557192,11282323,53.16267633807857,225.7057817247179,229.0602090018136,234.69725305893843,-2.2237473093690596,-2.90722372516182,0.6834764157927604
2017-01-13,229.4346923828125,230.98926307733456,227.7886993353077,230.4405894259326,9333736,61.71333220534782,226.44749789767795,228.42880539667038,234.69456302418428,-1.9145082226702073,-2.7086806246634976,0.7941724019932903
2017-01-16,233.86978149414062,234.46416636430024,229.25182211873752,229.57188409703983,13234727,62.11079996535697,227.54991828070746,228.03690011160714,234.875659718233,-1.296612847028996,-2.426267069136597,1.1296542221076011
2017-01-17,234.098388671875,236.5216671920207,232.63526816133526,235.42434773914283,9480201,64.65363173197471,228.88094923231336,227.80393400646392,235.11144331389784,-0.7794940986927941,-2.0969124750478367,1.3174183763550427
2017-01-18,236.24732971191406,237.1160374034424,234.64704785695565,235.10427124408662,8048897,67.59870768298492,230.20181783040366,227.96940540132067,235.2127494064032,-0.1940354624867382,-1.716337072535617,1.5223016100488789
2017-01-19,236.2930450439453,239.5850590705295,234.55560172362908,235.19572563955148,13029151,64.69535968746804,231.47188313802084,228.10221717471168,235.31584855621935,0.2705152386627674,-1.3189666102959403,1.5894818489587077
2017-01-20,229.57188415527344,238.21340408476047,228.88604901875303,236.38451038737267,15341756,63.00179327849632,231.87830607096353,228.15664963495163,235.15537247003294,0.09523568589540332,-1.0361261510576718,1.1313618369530751
2017-01-23,232.40664672851562,233.36681865129415,228.70314838163523,229.52614491353071,9339939,65.18889327283487,232.47269694010416,228.37437511625745,234.66856444115732,0.18295800012953123,-0.7923093208202313,0.9752673209497625
2017-01-24,233.09246826171875,235.01281199555154,232.26947177770464,233.27536877225512,13540202,70.54798826008842,232.75211079915366,228.8403073265439,234.34402495739508,0.3043107276040189,-0.5729853111353813,0.8772960387394002
2017-01-25,237.0246124267578,238.67060543952257,232.45236465272703,233.68687336565088,16343545,72.30279697205178,233.55987209743924,229.29535420735678,234.00334825702743,0.7095950403281677,-0.3164692408426716,1.0260642811708394
2017-01-27,243.65438842773438,245.25467050772627,237.29897129022748,238.03051764982757,18039379,77.21862366431716,235.13983832465277,230.10964820498512,233.81059773763022,1.5479099516249164,0.05640659765084599,1.4915033539740703
2017-01-30,241.3682403564453,244.98028841755954,240.865277880064,243.10568366871428,11884795,71.61126171032147,235.97300042046442,230.8194333031064,233.56853799258963,2.0046985977901954,0.4460649976787159,1.5586336001114796
2017-01-31,238.0762176513672,241.27678128587877,237.43609376178478,238.80776389086117,8899165,64.53557814664418,236.41498141818576,231.26141575404577,233.29151407877603,2.077124374320448,0.7722768730070624,1.3048475013133856
2017-02-01,247.54074096679688,248.63806029874664,239.21927014268834,239.58504325333826,27253142,69.34305908915172,237.66980489095053,232.44148690359933,233.53088408825445,2.865201992213798,1.1908618968484097,1.6743400953653884
2017-02-02,249.91831970214844,251.47289055187798,245.71188640373472,248.59238847780637,20139955,72.20540892606223,239.18372429741754,233.67816888718377,233.81687328862208,3.6396542473182194,1.6806203669423718,1.9590338803758476
2017-02-03,253.80471801757812,254.7191648890617,248.72954904352596,249.6439959150095,15366890,74.88327352633607,241.87626139322916,235.187007359096,234.15575663248697,4.514967369815309,2.2474897675169596,2.26747760229835
2017-02-06,253.3474578857422,258.33120377613875,252.38729997244,256.04508692856234,14725291,71.64625926015111,244.20301818847656,236.567385718936,234.4300902123545,5.112824792937886,2.8205567726011447,2.292268020336741
2017-02-07,254.12477111816406,256.0451150624732,252.66165059360935,254.07905993886976,10981984,71.9878933724155,246.5399407280816,237.96082923525856,234.73400908825445,5.58497368950421,3.3734401559817577,2.211533533522452
2017-02-08,253.4846649169922,255.3592697001857,249.2782040424706,254.30766145823077,13622088,69.57420957458385,248.36883544921875,239.27371433803015,235.1580613080193,5.840181889404221,3.8667885026662505,1.9733933867379703
2017-02-09,252.2501678466797,256.3194395640708,247.677933620373,254.9477692961788,16080181,67.64406753352279,249.3239220513238,240.47338285900298,235.57314854042204,5.875098155632514,4.2684504332595035,1.606647722373011
2017-02-10,252.70736694335938,258.6055317835079,251.47285823975145,254.9020335793844,37580487,79.6947188611319,250.58382500542535,241.5271744501023,235.8958943684896,5.871973241949547,4.589154994997513,1.2828182469520346
2017-02-13,248.40948486328125,254.44483974311083,247.08355365536266,254.03332749189607,19853043,69.79634396148106,251.73196580674914,242.41549464634485,236.18277964872473,5.459756881628181,4.763275372323647,0.696481509304534
2017-02-14,247.0835418701172,249.6439818028501,245.16319796721635,248.72953498305947,13306738,67.0378533901634,251.68116590711804,243.25591605050224,236.47145828546263,4.968802663897463,4.804380830638411,0.1644218332590528
2017-02-15,245.9404754638672,249.18675040741164,244.20300423658284,247.769369044839,12201568,61.64871908148342,251.2391832139757,243.83071100144159,236.6875191482843,4.43634260718369,4.730773185947466,-0.29443057876377665
2017-02-16,247.3578338623047,253.30173744864473,246.58054858121278,253.30173744864473,21794688,55.60155517592662,250.52286275227866,244.46211315336683,236.8919240914139,4.081682063398034,4.60095496143758,-0.5192728980395458
2017-02-17,246.30624389648438,250.23835385782527,244.797412302328,247.9522369252548,17830528,57.758608702323386,249.74050564236111,244.9411090669178,237.13846603094362,3.673411702037299,4.415446309557524,-0.7420346075202247
2017-02-20,246.58059692382812,248.3180404237401,245.07176514513364,246.8092086450456,9229363,64.7619491579743,248.90226406521268,245.43099248976935,237.3132874731924,3.333565230764549,4.199070093798929,-0.8655048630343805
2017-02-21,247.54074096679688,248.27228718809673,245.6661084263293,246.90061709313485,7754157,50.0,248.24182807074652,246.28665233793714,237.3859052471086,3.1059070902518897,3.9804374930895214,-0.8745304028376317
2017-02-22,249.0038299560547,251.19852440291587,246.44339031031546,248.63805685047754,12617613,47.64138988456459,247.8811238606771,247.07699439639137,237.54100186217065,3.008861149218376,3.7861222243152923,-0.7772610750969164
2017-02-23,247.31216430664062,249.64399263561054,246.5348788947495,248.4552228809795,13146194,31.116929685974483,247.28165690104166,247.75412277948288,237.6181027281518,2.763591301455733,3.5816160397433805,-0.8180247382876473
2017-02-27,245.30035400390625,248.2265949254406,244.70596916547944,247.63218218031213,9645350,28.536497416850423,246.93619791666666,248.14820571172805,237.71403054630056,2.3794481053956247,3.3411824528738294,-0.9617343474782047
2017-02-28,246.16909790039062,248.04370273998413,245.07175054125622,245.89474710725574,7941592,28.8833573235504,246.83459303114148,248.26795378185454,237.78216642491958,2.120666503582072,3.097079263015478,-0.9764127594334062
2017-03-01,248.5009002685547,249.91828154530907,246.71771797239302,246.90061848209666,7656892,37.86173310797251,247.11908467610678,248.60760425385973,237.907678342333,2.0797629702360325,2.8936160044595893,-0.8138530342235568
2017-03-02,244.43162536621094,251.19855420228672,243.70007906827422,249.6439834357931,14220808,33.267915291363906,246.79395039876303,248.91024271647134,238.01436360677084,1.699400517766719,2.654772907121015,-0.955372389354296
2017-03-03,242.37411499023438,245.89474077790834,241.6425687074432,243.471462321123,10120034,29.30388690851659,246.35704718695746,248.6642129080636,238.20263193167892,1.2178974778023814,2.3673978212572884,-1.149500343454907
2017-03-06,246.76351928710938,247.22074276998092,243.56295490700862,243.7915666484444,9515073,46.715394256218126,246.3773718939887,248.51398431687127,238.4626225490196,1.1769242425063737,2.1293031055071054,-0.9523788630007317
2017-03-07,244.88885498046875,247.72364579348886,243.60863497330897,247.63219552725533,11599142,45.71425166044404,246.0827178955078,248.08941941034226,238.7853686762791,0.9818645921862696,1.8998154028429384,-0.9179508106566687
2017-03-08,246.8091583251953,247.174931423228,243.242821782654,244.88881467715044,9122987,51.64637306298845,245.83886549207898,247.778071812221,239.15742253322227,0.9710373313474179,1.7140597885438345,-0.7430224571964166
2017-03-09,249.87257385253906,250.46695865730754,245.4375015440817,245.98617517413726,15594429,54.48615765874649,246.12335544162326,247.5755862281436,239.67829865100336,1.1958635100071149,1.6104205328364907,-0.4145570228293758
2017-03-10,248.77525329589844,251.9758172569535,246.44342500123955,251.01565923131818,9557026,54.397401926813686,246.50945536295572,247.35132853190103,240.09607561896829,1.2708457593103901,1.5425055781312706,-0.2716598188208805
2017-03-14,251.1527862548828,254.58196145745276,250.37550096096047,254.58196145745276,15734886,57.57569934958454,247.06319851345486,247.299072265625,240.57840055577896,1.5047707119392157,1.5349586048928598,-0.030187892953644102
2017-03-15,253.621826171875,256.5023280174688,249.32391503884813,249.32391503884813,20055974,59.59598294475538,247.63219028049045,247.34261794317337,241.11093139648438,1.8678573125117452,1.6015383464166368,0.2663189660951084
2017-03-16,255.40499877929688,256.228023284924,252.4330464616763,254.21622901493012,18005184,60.0000572103381,248.85145399305554,247.67573765345983,241.63270419251685,2.273288135631958,1.735888304259701,0.537399831372257
2017-03-17,250.69558715820312,255.58788316871204,250.10120231356976,255.5421719909333,14265642,54.83023089852542,249.77606201171875,247.84773981003534,242.1804755715763,2.1893473904038103,1.8265801214885231,0.3627672689152872
2017-03-20,250.46697998046875,251.24426536366224,248.54663606513847,251.24426536366224,9678185,57.77165206134693,250.18755764431424,248.06328764415923,242.7004556094899,2.0803955514410575,1.8773432074790302,0.20305234396202732
2017-03-21,249.04957580566406,253.3474587497452,247.03778181025595,250.92418046438988,11898233,54.262466316863325,250.64985995822482,248.1438467843192,243.22850395651426,1.8582569337343955,1.8735259527301034,-0.015269018995707873
2017-03-22,244.61451721191406,247.81508098851853,243.97439329391258,247.17495707051705,9887203,44.586021921363006,250.40601094563803,248.06328837076822,243.62566091500076,1.3092461410584235,1.7606699903957674,-0.4514238493373439
2017-03-23,245.5289764404297,246.35197301475534,243.88298329177834,245.98619986024426,7998170,51.67599483936401,249.9233890109592,248.01321120489212,244.03088678098192,0.9371376107116873,1.5959635144589517,-0.6588259037472644
2017-03-24,252.84449768066406,255.08490312658924,245.66608592647398,246.44337115710294,20133467,63.7785178756665,250.37552727593317,248.2657710484096,244.55893423043045,1.2184943014192982,1.520469671851021,-0.30197537043172296
2017-03-27,255.54212951660156,256.77661017846077,251.65573122351097,252.38727738659028,15966114,62.09056951759612,250.8632320827908,248.5771186465309,245.11746365416283,1.6402401821747503,1.5444237739157671,0.09581640825898319
2017-03-28,257.9654235839844,258.69696979245725,254.6734098324584,256.6394646860909,18673371,67.74192346294879,251.3458540174696,249.08441670735678,245.65447698854933,2.145286878373554,1.6645963948073246,0.48069048356622934
2017-03-29,263.7721862792969,265.09811737344256,258.92560157508177,258.92560157508177,31008407,70.81933908572289,252.2755415174696,249.96402776808966,246.32148533241423,2.979748557604097,1.9276268273666792,1.0521217302374177
2017-03-30,266.14971923828125,268.618736661338,264.13795310347626,264.2751145366015,19683170,70.31963539902709,253.99266730414496,250.91548592703683,247.04138781977636,3.789232575864901,2.299947977066324,1.489284598798577
2017-03-31,268.2986755371094,269.761795943908,263.8178919654829,267.0184556461733,20185269,73.74858797015536,255.97396681043836,251.85823713030135,247.71646417356004,4.551688276963034,2.750296037045666,1.801392239917368
2017-04-03,268.0700378417969,270.4018936126927,267.2013302424693,269.5788692778483,10509610,71.71356532563621,258.0873514811198,252.98387581961495,248.38257494159774,5.078943858801779,3.216025601396889,1.86291825740489
2017-04-05,271.9107666015625,273.1909865639527,264.869514948363,268.2072402488918,21936647,72.67570023935991,261.1202680799696,254.39038303920202,249.08185801786536,5.740539057787146,3.7209282926749405,2.0196107651122053
2017-04-06,267.7957458496094,272.09362898354965,266.51552593538673,270.1733130655663,18413111,64.52300710161526,263.5943535698785,255.3919176374163,249.6995580336627,5.8651998624457065,4.149782606629094,1.7154172558166128
2017-04-07,264.6866149902344,269.57888263024864,263.04059414571526,266.74412011585883,10765502,67.03781664068951,264.910144382053,256.3346681140718,250.38808216768152,5.648006864636102,4.449427458230495,1.1985794064056066
2017-04-10,264.5951843261719,265.5096311163735,262.0347165695866,265.00666863774177,10307875,67.26253954380506,265.9160393608941,257.1816217331659,251.019229963714,5.406183045690398,4.640778575722476,0.7654044699679217
2017-04-11,269.3045959472656,269.89898081538416,264.0922377662502,264.5494611889111,11682024,72.905882527529,267.17594740125867,258.1069561186291,251.72927168303846,5.530790575598644,4.81878097569771,0.7120095999009344
2017-04-12,265.32672119140625,270.1733057517131,264.366563258407,268.8473467902375,13251421,73.66763157867206,267.3486735026042,258.89512125651044,252.2842149921492,5.2480652629442375,4.9046378331470155,0.34342742979722196
2017-04-13,266.6069641113281,268.0243734524162,265.1895826769428,265.4181943861471,9944020,73.88593338407819,267.3994784884983,259.63103448776974,252.73426549574907,5.068877455895972,4.937485757696807,0.13139169819916496
2017-04-17,265.0981140136719,267.70429289906787,263.81789411231796,266.1954613043757,8146800,65.99041434940433,267.04386054144965,260.17752438499815,253.19955713608687,4.750359052772865,4.9000604167120185,-0.1497013639391538
2017-04-18,265.4638977050781,271.4992522307079,263.72645434791093,266.1497328123837,13457050,63.78649195899459,266.7542894151476,260.6565195719401,253.73657047047334,4.475851777244145,4.815218688818444,-0.33936691157429877
2017-04-19,259.7485656738281,266.78981620155247,258.6969575837648,266.60691570471636,18149995,52.27003246344561,265.40293375651044,261.0876137869699,253.97593958237593,3.7538511938982992,4.602945189834415,-0.8490939959361157
2017-04-20,260.4344177246094,262.35476144030076,258.0568785502957,259.61142124837005,14514929,45.11376145477419,264.5850084092882,261.562253679548,254.18213758281632,3.200114134713658,4.322378978810264,-1.1222648440966054
2017-04-21,258.056884765625,262.4462180157519,255.35925568257395,262.4462180157519,12042308,38.15270768702912,263.8483717176649,261.9911731538318,254.26551340140549,2.540145272416794,3.96593223753157,-1.425786965114776
2017-04-24,261.5775146484375,263.2235357499497,256.8681188736263,259.01707458835676,10077853,40.54062644152591,263.51307508680554,262.79893493652344,254.42688706341912,2.2749760943468686,3.6277410088946302,-1.3527649145477616
2017-04-25,261.5775146484375,264.0922435279361,260.61735660258313,262.9034737657637,11531902,40.80322382350933,262.6545104980469,263.5631510416667,254.57301928950292,2.0412968113080865,3.3104521693773217,-1.2691553580692352
2017-04-26,261.94329833984375,264.7323499311876,259.10850766424886,262.53768318149224,13836891,34.33914604534837,262.27857462565106,263.9964272635324,254.73887484681373,1.8641314360330625,3.02118802270847,-1.1570565866754077
2017-04-27,257.919677734375,263.3149355303687,257.00523104443687,261.9432654954615,22622372,34.43805739115214,261.31332058376734,264.1096438453311,254.85004170735678,1.3831104078339536,2.693572499733567,-1.3104620918996135
2017-04-28,264.9609375,265.8753842213115,258.3311987704918,258.78842213114757,14152004,50.38459728313189,261.2980787489149,264.44276355561755,255.09030779670266,1.5521760746470932,2.4652932147162723,-0.9131171400691791
2017-05-02,263.6350402832031,267.47572857412933,262.5377207048712,265.418222969713,9754789,48.69892380627851,261.0948723687066,264.4362327938988,255.3888480990541,1.5611767356291466,2.2844699188988473,-0.7232931832697007
2017-05-03,265.00665283203125,268.11579405864023,261.34886588938514,264.6408797191066,13950914,43.59668019456163,261.6791042751736,264.38180106026783,255.7402816473269,1.6598537333349555,2.159546681786069,-0.49969294845111367
2017-05-04,273.46527099609375,274.33400651273007,268.02432994427693,268.84732638247544,24534923,60.697072187708585,263.1269768608941,264.6278294154576,256.2799835205078,2.3930106223078838,2.2062394698904324,0.18677115241745135
2017-05-05,270.67626953125,278.8148409729773,267.15564355229003,275.24850381387245,34756331,55.144536859349046,264.52913072374133,264.75193568638394,256.73720774931064,2.717666066646075,2.3085247892415612,0.40914127740451356
2017-05-08,273.78533935546875,275.0198479951408,268.755882451152,270.76767637555827,11560550,60.5555609116859,265.8855556911892,264.84120105561755,257.27601354262407,3.189072157827127,2.4846342629586746,0.7044378948684522
2017-05-09,271.13348388671875,275.1570443394476,269.9904253543127,275.1570443394476,7843574,56.52635787068621,266.9473300509983,265.0001409621466,257.7574426987592,3.310520685800043,2.6498115475269484,0.6607091382730945
2017-05-10,269.25885009765625,272.64228624567056,267.9328911799902,271.5906780902972,8699405,62.009339779769874,267.76016913519965,265.2178664434524,258.18328797583484,3.2184024987789144,2.7635297377773416,0.4548727610015728
2017-05-11,272.5965881347656,273.7853577749013,269.25886300050695,270.58479407501204,11934889,64.39403680261898,269.39093695746527,265.598885672433,258.6458910773782,3.3758114834317325,2.8859860869082197,0.48982539652351287
2017-05-12,272.4136657714844,276.7115764150576,270.6762226265053,274.3340094187554,13376269,67.92238912868729,270.2190178765191,265.74693661644346,259.13807738061047,3.4460747275169297,2.998003815029962,0.44807091248696773
2017-05-15,275.6142272949219,276.16290089127733,272.047890778659,272.870887219843,10383539,67.66398583056122,271.55003865559894,266.23681785946803,259.7324670529833,3.717168220022984,3.1418366960285664,0.5753315239944174
2017-05-16,281.1924133300781,282.01540993409367,273.73967689958107,276.16295553067835,17533439,71.64485705606964,273.34845648871527,266.93136306036087,260.41919872807523,4.3321860164430745,3.3799065601114684,0.9522794563316062
2017-05-17,281.3295593261719,282.38116759057704,279.36350423937927,281.64962129534797,14120513,71.50105161546684,274.2222663031684,267.7042890276228,261.0628979252834,4.775608346472666,3.659046917383708,1.1165614290889576
2017-05-18,277.03167724609375,281.55817229316943,276.1629415982527,278.76912063507336,15471393,71.06869828385494,274.92842271592883,268.255135672433,261.70211462881053,4.725745124620914,3.8723865588311495,0.8533585657897649
2017-05-19,281.64959716796875,288.32504723686725,276.1629167036577,278.40332238926464,55250969,69.43568163886184,275.8022291395399,269.2980419340588,262.4722221224916,5.0012049289080664,4.098150232846533,0.9030546960615338
2017-05-22,269.1217041015625,282.92985749292734,268.11583486460603,282.5183731432735,35771221,55.06757156700755,275.57869805230035,269.7117222377232,262.9106179031671,4.160651141454991,4.110650414568225,0.0500007268867666
2017-05-23,264.137939453125,270.58477763715155,262.6748191264334,269.76178117423103,19846852,49.2478306363819,275.0097079806858,270.0012962704613,263.2880509320427,3.0571175053534034,3.8999438327252607,-0.8428263273718573
2017-05-24,258.92559814453125,265.60107633018646,257.55392798529124,265.2352752956951,16435958,36.66107467105963,273.49070909288196,269.87501453218005,263.52562818340226,1.7418873726184074,3.4683325407038903,-1.7264451680854829
2017-05-25,265.2810363769531,266.4240949377753,259.29139277422297,259.84006646475825,15018467,45.354331701835925,272.6981947157118,270.0513727097284,263.82775489956725,1.1985723712372192,3.0143805068105562,-1.815808135573337
2017-05-26,266.1575927734375,268.51050864744025,263.2510131938094,268.0491503851594,12304394,43.16936635191594,271.64745754665796,270.2520533970424,264.16858508540133,0.8291640072395126,2.577337206896348,-1.7481731996568355
2017-05-29,262.051513671875,268.37212799612803,261.40560079003933,266.5728193674971,10619968,42.073556610527746,269.52069091796875,270.44880748930433,264.38228562298946,0.20274186771791847,2.102418139060662,-1.8996762713427437
2017-05-30,266.52667236328125,267.3571115992468,259.32946661374183,261.4978560669827,9643418,47.71898767976144,267.8759256998698,270.5233662923177,264.6353218228209,0.0666375586582717,1.695262022980184,-1.6286244643219123
2017-05-31,266.0191955566406,268.97190006281346,265.00422978177846,266.6651084670775,10697171,44.23635624585499,266.6523166232639,270.6368974958147,264.843443328259,-0.08123875419636306,1.3399618675448746,-1.4212006217412376
2017-06-01,265.23486328125,268.87957647963026,262.6051156830058,265.6962215209745,12186700,43.7749645792084,264.82845730251734,270.6477646600632,265.128527173809,-0.25873828333931215,1.0202218373680372,-1.2789601207073493
2017-06-02,264.8658142089844,268.04919804840586,264.21992942238717,267.4955624034092,12004368,40.19828079463711,264.35558064778644,270.23826671781995,265.41085725672104,-0.42429609360823406,0.7313182511727829,-1.155614344781017
2017-06-05,265.05035400390625,267.35714559662955,264.5889956853616,265.7885160499469,7917410,33.67364135551159,264.4569600423177,269.9703659784226,265.7245980057062,-0.53445022235951,0.4781645564663244,-1.0126147788258344
2017-06-06,265.096435546875,270.3098062275592,264.45055090118603,269.4332143009647,12346121,33.551237197117246,265.1426086425781,269.55660865420384,266.1262042475682,-0.6109866933397257,0.2603343065051144,-0.8713209998448401
2017-06-07,268.0953063964844,268.9718984612754,265.00422820386507,265.9269448366653,10864355,40.70009622988462,265.4553053114149,269.4119335356213,266.56868130553005,-0.42476218894410067,0.1233150074152714,-0.548077196359372
2017-06-08,266.2959899902344,269.4332204873824,265.51167532617904,269.4332204873824,8370299,33.02602235500119,265.47068277994794,269.2708449590774,266.83243605669804,-0.4175544166091072,0.015141122610395685,-0.4326955392195029
2017-06-09,266.2498474121094,267.034162106043,263.7123769170192,266.0191682761921,10804887,45.614836257086495,265.9371643066406,268.9686192103795,267.0423913095512,-0.4108297360647839,-0.07005304912464023,-0.3407766869401437
2017-06-12,262.9281005859375,264.8196583102376,262.32831228201644,264.58897916536813,10326846,48.053865759740496,265.5373229980469,268.51692563011534,267.13969870174634,-0.6658619441527662,-0.18921482813026544,-0.47664711602250076
2017-06-13,261.9130859375,264.8196373004464,261.1287712753531,263.34328525859445,9171049,55.55588346799183,265.08108859592016,267.86449032738096,267.10324575386795,-0.9390551623972669,-0.3391828949836658,-0.5998722674136012
2017-06-14,262.236083984375,264.1737664279559,260.7597317081077,263.8046853986585,11566255,42.699133499091936,264.74789089626734,266.9618079775856,267.0265078077129,-1.1166277238079374,-0.49467186074852015,-0.6219558630594173
2017-06-15,262.051513671875,263.7123922836298,259.6063203204843,261.91311181407474,11925641,39.81696758334241,264.43519083658856,266.04380580357144,266.9040144378064,-1.2577499809096935,-0.6472874847807548,-0.6104624961289387
2017-06-16,263.8508605957031,264.4967454122064,261.3595141574022,262.6974646815045,19246907,55.03887628811354,264.30191379123266,265.41614786783856,266.8212854721967,-1.210444872397261,-0.7599189623040561,-0.45052591009320486
2017-06-19,266.52667236328125,267.44938888303705,263.251011822704,264.45056019383065,14848661,50.0,264.46082899305554,264.69600859142486,266.7157149969363,-0.9461331521047214,-0.7971618002641891,-0.14897135184053223
2017-06-20,267.6800842285156,268.51052351478756,263.52785963808077,265.3732927893851,14927701,54.97235348075708,264.41469319661456,264.6273600260417,266.7134471220129,-0.6362591124596406,-0.7649812627032795,0.12872215024363887
2017-06-21,268.41827392578125,269.84850166108464,265.97308037977757,265.97308037977757,10537576,59.55686994506682,264.65050252278644,264.8311854771205,266.78661690506283,-0.32734256295623254,-0.6774535227538702,0.3501109597976376
2017-06-22,271.74005126953125,273.0318489374691,268.5566675886512,268.7412221808182,26110402,67.52932643745069,265.2605251736111,265.441397530692,266.92671233532474,0.18340155952307668,-0.5052825062984808,0.6886840658215575
2017-06-23,266.61895751953125,272.70886420247757,265.5578109632208,271.9707022285066,20648597,53.19544431596355,265.67062038845484,265.5051080612909,266.87405275831037,0.17294686563059258,-0.36963663191266616,0.5425834975432587
2017-06-27,258.0376892089844,267.08032870210485,255.40794129111066,266.89577412015467,25523129,39.330652400339126,265.2400207519531,265.1184459867932,266.7311305625766,-0.5217606585239878,-0.4000614372349305,-0.1216992212890573
2017-06-28,255.03887939453125,256.93046544447867,252.59368587540678,256.14615065104084,17241351,30.26507704698284,264.4403313530816,264.78451102120533,266.5043053720512,-1.299322485626874,-0.5799136469133193,-0.7194088387135547
2017-06-29,251.3941192626953,257.7147046994438,250.65592917437505,255.73086987540228,30457363,28.66586189254737,263.2561764187283,264.0639132545108,266.23559959262025,-2.1844663494507586,-0.9008241874208072,-1.2836421620299514
2017-06-30,252.50137329101562,253.51636710779334,248.8566598859111,250.97889664538596,12235472,30.897496673566877,261.995122273763,263.42020743233815,265.9814324472465,-2.7647329715613296,-1.2736059442489118,-1.4911270273124178
2017-07-03,253.60865783691406,254.2084179825533,251.48639280586133,252.91662040138988,8951033,36.20224510957843,260.5597873263889,262.86657860165553,265.86104209750306,-3.0995204983676103,-1.6387888550726517,-1.4607316432949586
2017-07-04,251.90164184570312,255.08502550628512,251.02504977711473,253.74707511929802,7856082,35.475333015142965,258.80662706163196,262.2492370605469,265.69373276654414,-3.4626684631316493,-2.0035647766844513,-1.459103686447198
2017-07-05,253.65478515625,254.30069803338208,251.30186911355227,252.73206856553315,10048734,38.04624517287525,257.16623942057294,261.7065909249442,265.6074170879289,-3.5678736020554425,-2.3164265417586494,-1.251447060296793
2017-07-06,259.28338623046875,260.85201584496053,253.37800512963315,253.79321073882574,16115817,46.65181801269198,255.78216552734375,261.4297790527344,265.5624341777727,-3.160634538573106,-2.4852681411215407,-0.6753663974515653
2017-07-07,258.45294189453125,260.57517894723094,257.622502533,258.91430022416836,5914038,43.31425521636943,254.8748304578993,260.9706188383557,265.50116804534315,-2.8718002388418427,-2.562574560665601,-0.30922567817624147
2017-07-10,263.48175048828125,264.81970100787635,261.3133887041566,262.143828127766,2095795,46.43634233629305,255.47972615559897,260.8366074335007,265.5313337737439,-2.2116199710171145,-2.492383642735904,0.28076367171878935
2017-07-11,261.63629150390625,267.3110213562265,261.1288086165156,265.28103348850965,12400820,43.039336082784395,256.21277194552954,260.6169142950149,265.6042085535386,-1.816397173372195,-2.357186348863162,0.5407891754909668
2017-07-12,265.4194030761719,266.1114404706825,261.3133314308528,262.69740621987415,7524835,46.77255030501924,257.7711368136936,260.7355477469308,265.61319807464,-1.1842633213229874,-2.122601743355127,0.9383384220321398
2017-07-13,266.4344177246094,267.587813472335,264.404429944982,266.5728195825213,8434324,43.99163657099411,259.31925286187067,260.9508492606027,265.6680878283931,-0.5945360485164883,-1.8169886043873995,1.2224525558709112
2017-07-14,269.0641784667969,270.90961175098744,265.050355441867,266.4805549734838,13750192,52.9346828418205,261.03653293185766,261.27599661690846,265.74764715456496,0.08405781187411776,-1.436779321135096,1.5208371330092139
2017-07-17,270.35595703125,271.37095089765336,267.2648508668251,270.1714024522402,10549310,67.91943722547828,263.0870123969184,261.6714463006882,265.6866802140778,0.7178096072148605,-1.0058615354651048,1.7236711426799654
2017-07-18,268.510498046875,273.4931614509819,267.5877815587414,269.29481269360303,11913832,70.27765222088703,264.7376471625434,261.8933337983631,265.644214106541,1.0589425238169383,-0.5929007236086963,1.6518432474256346
2017-07-19,270.63275146484375,271.27866431016434,268.8795956606405,268.97187294698267,9006728,80.34926046690984,265.9986877441406,262.088861374628,265.58239865770526,1.4834407508068352,-0.17763242872558999,1.6610731795324252
2017-07-20,268.46441650390625,271.5093701390309,267.63394900425675,270.3559743440478,6256500,74.36624481536552,267.11107381184894,262.12621053059894,265.5300640031403,1.6261469346038098,0.18312344394028998,1.4430234906635198
2017-07-21,268.1875915527344,269.617819270944,265.973077200917,268.55667258485767,7266604,72.83237657260923,267.63394504123266,262.115225655692,265.50905893363205,1.697339282674875,0.485966611687207,1.211372670987668
2017-07-24,271.7861633300781,273.40091738045663,268.2337269465062,268.32597607926704,11195781,79.39969353886804,268.76170857747394,262.11742146809894,265.49316825118717,2.0208394204368574,0.7929411734371371,1.2278982469997204
2017-07-25,273.2164001464844,274.32364320854447,271.87844976753354,273.12412285154346,10846999,79.20109552796083,269.62804158528644,262.43158540271577,265.5089081408931,2.365357400670973,1.1074244188839044,1.2579329817870688
2017-07-26,272.9395446777344,276.49200903292405,272.4320618380249,273.3547783895508,12527914,74.26216157894223,270.35083346896704,263.1411975678943,265.45646338369335,2.5862379187242936,1.4031871188519824,1.1830507998723112
2017-07-27,275.2925109863281,276.6765859252648,273.30867587233416,274.04683790946973,22286060,78.38247381637463,271.0428704155816,264.1056562151228,265.34077902401197,2.9175206749362133,1.7060538300688286,1.2114668448673847
2017-07-28,275.98455810546875,277.5070349597165,272.75504980169814,274.04684749139085,15766196,74.68113305300191,271.6682705349392,265.2766294933501,265.235975078508,3.1990306310457868,2.0046491902642205,1.1943814407815663
2017-07-31,288.3489074707031,289.59458038279115,274.9695181640625,276.2613156377167,41547584,87.25862020528615,273.87253824869794,266.98365493047805,265.45788155350033,4.369460538830708,2.477611459977518,1.8918490788531903
2017-08-01,285.11944580078125,290.4711911249966,284.15060457868145,289.73302906616607,14888804,77.90855426364297,275.482170952691,268.4841686430432,265.5259178012025,4.979048731787202,2.9778989143394545,2.0011498174477476
2017-08-02,283.919921875,287.70303757817896,281.70537940796805,286.04215888698224,17005571,74.64244763912652,277.19944932725696,270.0088486444382,265.816078934015,5.304216504476699,3.4431624323669032,1.8610540721097957
2017-08-03,277.3224792480469,283.6430939632262,275.9845569944602,283.2740129332395,14459919,60.467827661171164,278.2144368489583,271.13588169642856,266.07459932215073,4.972238948684719,3.7489777356304668,1.2232612130542524
2017-08-04,281.6592102050781,282.6280512615648,274.6004346474779,277.0917522894748,9615344,63.3007432773583,279.3114420572917,272.2013971237909,266.52035642137713,5.00142892919564,3.999467974343502,1.0019609548521382
2017-08-07,287.1494140625,287.7030214892219,281.5669617977321,282.1667219493979,11420767,70.20005582830282,280.8595547146267,273.5678957984561,266.9491481407016,5.405267211051864,4.280627821685175,1.1246393893666893
2017-08-08,280.1828918457031,287.7030265545491,277.9222530559193,286.96486453320665,13578680,59.366542653014186,281.6643710666233,274.3631882440476,267.2241540048637,5.104332272578802,4.4453687118639005,0.6589635607149011
2017-08-09,278.9372253417969,283.6892385025944,276.90726565592655,279.3524590879696,15852734,60.460799094789245,282.06933932834204,275.1870422363281,267.5552463905484,4.711018599417002,4.498498689374522,0.21251991004248083
2017-08-10,273.77001953125,279.0294871222404,269.433240357752,277.9222441258044,14519518,55.07975711582541,281.82327948676215,275.5846906389509,267.69727280560664,3.936981285421382,4.386195208583894,-0.4492139231625121
2017-08-11,258.4990539550781,279.5831342310501,256.00773599103934,271.74004300674676,67652562,40.02771402787894,278.50662909613715,275.2068161737351,267.54981904871323,2.0674792266655686,3.922452012200229,-1.8549727855346605
2017-08-14,256.69976806640625,260.57516087107456,255.1311385908251,259.69859700101813,23773509,37.672173014204795,275.34888712565106,274.61803472609745,267.38246424057905,0.4356758422002258,3.2250967782002284,-2.7894209360000026
2017-08-16,261.2210693359375,261.9592313360421,253.00889740870386,257.4840502928353,21074533,41.77462369092424,272.82679239908856,274.1830400739397,267.31099865483304,-0.4870939542382189,2.4826586317125394,-2.9697525859507583
2017-08-17,259.1449890136719,262.69745391563237,258.36067419234365,261.86698636417964,12134114,38.62158037978386,270.8070712619358,273.737063453311,267.1952071844363,-1.3701240602982239,1.7121020933103868,-3.0822261536086106
2017-08-18,257.1611328125,258.0376967045368,254.66978667918175,256.5152199159874,12653217,36.97315499175904,268.08506266276044,273.0955578031994,267.039613013174,-2.204599150207457,0.9287618446068182,-3.133360994814275
2017-08-21,253.42410278320312,258.960402257043,252.22458249416795,257.43792553355206,9247153,22.552574850988762,264.33780585394965,272.37935238792784,266.7519423540901,-3.1313771956333767,0.11673403655877923,-3.248111232192156
2017-08-22,252.73207092285156,255.59249801256914,250.24075300012404,254.66978141324577,11814388,23.489411322117775,261.2877146402995,271.6433752150763,266.4859831566904,-3.877004961443731,-0.6820137630417229,-3.1949911984020085
2017-08-23,257.4379577636719,258.08387071344885,253.00892889373486,253.51641181207472,11317821,29.500017009277613,258.8989071316189,270.96012733096165,266.31320100672104,-4.041605486256003,-1.353932107684579,-2.687673378571424
2017-08-24,258.637451171875,259.69859778690176,256.0538559609445,258.08384374030123,14138226,34.21666292021291,257.2175106472439,270.2658916655041,266.22907062605316,-4.028821745368987,-1.8889100352214605,-2.1399117101475262
2017-08-28,257.7608947753906,260.2983654936467,257.43793832488814,260.2983654936467,10505317,28.559643943886556,257.135492960612,269.5430988130115,266.14765511307064,-4.042818222224128,-2.319691672621994,-1.7231265496021337
2017-08-29,255.59251403808594,259.1449788000337,254.7159219501365,256.930464454624,10335964,19.894350666233052,257.01246473524304,268.6050037202381,266.0173890356924,-4.1806883615141714,-2.6918910104004294,-1.488797351113742
2017-08-30,255.22341918945312,257.6686125667765,254.66978359330463,256.51521680774886,7648702,22.759301756267504,256.34605916341144,267.61637805757067,265.8835048301547,-4.270506568409928,-3.0076141220023294,-1.2628924464075988
2017-08-31,256.2845458984375,257.8993000130091,253.0089131010802,255.45410655704467,14222467,25.176939005369363,256.02823215060766,266.0895036969866,265.7351457184436,-4.207561932430281,-3.24760368408792,-0.9599582483423608
2017-09-01,256.3768005371094,258.729716489634,255.22340484291607,256.1922459624086,8255209,28.555136313148495,255.94108412000867,264.7208063034784,265.53612862381283,-4.102937566313699,-3.418670460533076,-0.6842671057806227
2017-09-04,256.2845458984375,257.9915773085143,255.0388728068097,257.391817126346,7168751,45.63637435115385,256.2589111328125,263.4048360188802,265.3126866957721,-3.981569130232458,-3.531250194472953,-0.4503189357595052
2017-09-05,255.17727661132812,257.8993019745111,254.62366915224038,256.6075043048442,9565430,46.915863006923836,256.53060065375433,262.35030255998885,265.05305929744947,-3.929435066402789,-3.61088716885892,-0.3185478975438687
2017-09-06,253.0550079345703,255.26952197109821,252.50137238566992,254.6236372966092,7306781,31.676957388400396,256.0436062282986,260.98819768996464,264.6866858987247,-4.013107189281584,-3.6913311729434533,-0.3217760163381307
2017-09-07,253.00892639160156,255.50024454664867,251.9939324058808,254.1161695185963,16102724,34.851910476524836,255.41821458604602,259.36246018182663,264.41982254327513,-4.03660487656839,-3.7603859136684408,-0.2762189628999492
2017-09-08,250.7943572998047,254.1161426476918,250.14847258379157,253.6547843537929,7077895,34.45937641298542,254.64415486653647,257.96300615583147,264.2777964274089,-4.185674332602332,-3.845443597455219,-0.340230735147113
2017-09-11,250.0100860595703,252.3630022391195,248.71826023017042,251.53256289098906,14489224,40.263214926363005,254.02388509114584,256.5855233328683,264.17919263652726,-4.3173295970054255,-3.9398207973652606,-0.3775087996401649
2017-09-12,252.3168487548828,254.34680824444754,249.59482370226362,250.9788985102244,8375133,48.915657849645754,253.70093282063803,255.56394377208892,264.1972853716682,-4.187262713398809,-3.9893091805719707,-0.19795353282683825
2017-09-13,252.2707061767578,255.2234104827706,251.4402668904027,253.70093376460704,10150073,32.16531895777179,253.25495062934027,255.2673557826451,264.1927624870749,-4.0413212556839255,-3.999711595594362,-0.04160966008956368
2017-09-14,253.00892639160156,254.30072411930138,251.2557421621391,252.27073614785985,8015217,29.934320395056787,252.88074239095053,255.0916014171782,264.1810030469707,-3.82203535280658,-3.9641763470368057,0.14214099423022564
2017-09-15,250.51754760742188,253.28569730474146,249.0411954703698,249.82551018309198,18404860,26.843631340074225,252.2399648030599,254.58190990629652,264.15386394425934,-3.805416666922042,-3.9324244110138533,0.12700774409181115
2017-09-18,249.5025634765625,252.8243488746135,248.62599960036255,251.90163227288133,17538678,28.98086052334162,251.60944112141928,254.12274678548178,264.0724478328929,-3.829997152329838,-3.9119389592770504,0.0819418069472122
2017-09-19,247.103515625,249.87166566482782,245.85787063434014,249.5487373541106,14331316,25.41900938071052,250.94816419813367,253.64381263369606,263.8336268406288,-3.9969857127901776,-3.928948309979676,-0.06803740281050175
2017-09-20,249.1796417236328,251.02507518400878,246.78060075240796,247.4264855680916,12355806,29.736899594674455,250.52268812391492,253.44169544038317,263.65179742551317,-3.916650614538611,-3.926488770891463,0.009838156352852234
2017-09-21,247.74940490722656,250.42527739172783,246.68828645843348,248.90280064701813,8509419,27.139448133206216,250.18436008029514,253.20442563011534,263.34332006117876,-3.923168780869247,-3.9258247728870197,0.002655992017772668
2017-09-22,241.6133575439453,246.7344236265521,240.921320064724,246.59602176252324,12860892,20.55563551731001,249.2513902452257,252.45087323869978,262.9507135129442,-4.373052389955603,-4.015270296300737,-0.35778209365486635
2017-09-25,238.7529296875,241.56720416511314,234.73910668702516,241.29040043780194,13937050,19.20423204129044,247.7442881266276,251.50399126325334,262.42784148571536,-4.9038722273327835,-4.192990682507146,-0.7108815448256376
2017-09-26,238.29156494140625,239.58336256580773,236.21545256534367,238.5222440943021,11728345,20.479798580765717,246.19105021158853,250.5768803187779,261.87602084290745,-5.300676156848539,-4.414527777375425,-0.8861483794731138
2017-09-27,231.0482177734375,239.81402497132046,230.21777851282133,239.81402497132046,17080769,15.902619866559334,243.75097147623697,249.4081043061756,261.13060984892,-6.128972728622188,-4.757416767624778,-1.3715559609974095
2017-09-28,233.03208923339844,233.95480586938137,230.21780067774276,230.90983815472998,17776419,22.22234948924563,241.80814276801215,248.35137430826822,260.3987693038641,-6.549819638720123,-5.115897341843847,-1.4339222968762764
2017-09-29,234.2316131591797,235.75408990837755,233.49343706762946,235.0159138168273,10073641,25.641093290793222,240.11137051052518,247.30123465401786,259.72663430606616,-6.709212663791845,-5.434560406233446,-1.2746522575583992
2017-10-03,231.87867736816406,236.58452343781724,231.23277858364747,236.58452343781724,10547836,18.49233994425971,238.41972181532117,246.13465736025856,258.9667505002489,-6.945333556635148,-5.736715036313787,-1.2086185203213615
2017-10-04,233.63185119628906,234.96978751275768,231.92483385442867,232.20163758370322,14063896,22.702869881883075,236.69218953450522,245.0559576125372,258.283759023629,-6.911325135318492,-5.971637056114728,-0.9396880792037638
2017-10-05,232.15548706054688,234.46227841019646,229.94095891716108,234.09318334653028,13476692,20.105878899422933,234.95953199598523,243.95968191964286,257.577247170841,-6.9236914583880775,-6.162047936569398,-0.7616435218186792
2017-10-06,236.90748596191406,237.9686044152253,232.61685942343556,232.66298398959333,11932139,31.677082430316545,234.43665737575955,243.19075230189733,256.8933515361711,-6.475400870844794,-6.224718523424478,-0.2506823474203159
2017-10-09,236.999755859375,238.61450985158146,234.6006871534247,236.9536031355813,8009211,32.738908784495464,234.24186028374567,242.42841084798178,256.1832212560317,-6.0430217478057955,-6.188379168300742,0.14535742049494615
2017-10-10,237.092041015625,238.24543676261857,235.9386311890935,236.99976372405035,9742878,35.23815609245098,234.10857984754773,241.77591959635416,255.4803290273629,-5.628035052073756,-6.076310345055345,0.44827529298158897
2017-10-11,232.2938995361328,238.47611189963223,231.0943651635342,237.27656344749596,14192548,26.952190056791437,234.24698893229166,240.93229166666666,254.6372189989277,-5.6215235987722565,-5.985352995798727,0.3638293970264703
2017-10-12,231.7864227294922,233.4011768883475,229.2950905574518,232.5245988751624,13404759,27.648659966499167,234.10858154296875,239.95465233212425,253.7705888935164,-5.59284156610255,-5.906850709859492,0.3140091437569419
2017-10-13,232.61685180664062,235.61568064467386,230.86368188437564,231.6941352410919,15697555,35.20487259671242,233.92916361490884,239.01875450497582,252.6778034883387,-5.440388747274284,-5.81355831734245,0.37316957006816587
2017-10-16,232.5707244873047,235.01591787326052,230.77142991277697,234.9236546599354,12171830,38.796013258167584,234.0060577392578,238.0455067952474,251.64743640376074,-5.262626595634771,-5.703371973000914,0.4407453773661434
2017-10-17,231.7402801513672,235.0159270625578,231.2789218280879,232.57073358099308,13505216,38.283865848087714,233.79588317871094,237.15135120210192,250.62430617388557,-5.129627573762519,-5.5886230931532355,0.45899551939071603
2017-10-18,224.91217041015625,228.6491754421095,223.80491331019846,226.98828275240385,20677891,38.86102905818507,232.99107021755643,235.98038010370163,249.59665305941712,-5.511661281580132,-5.573230730838615,0.06156944925848329
2017-10-19,223.9894561767578,226.29624769248136,222.5131039748795,224.95831142926932,3458869,32.926827862939376,231.5557335747613,234.8797106061663,248.46587356866576,-5.821771318784357,-5.622938848427764,-0.19883247035659313
2017-10-23,226.94215393066406,227.9110092148942,223.57424383926343,225.14285930540154,8901335,37.09152516725932,230.43822224934897,233.82078261602493,247.2853390562768,-5.76284721008534,-5.650920520759279,-0.11192668932606065
2017-10-24,234.7852325439453,235.56954727403462,226.94214156120313,226.98828020642094,17197805,54.309159894345456,230.1819101969401,233.2034410749163,246.3951888738894,-5.025349432579816,-5.525806303123387,0.5004568705435712
2017-10-25,299.7906188964844,302.6971705661901,258.2222471653475,258.2222471653475,262677081,84.11036140400178,237.68154568142361,235.97378685360863,246.80407894358916,0.7953460215952077,-4.2615758381796685,5.056921859774876
2017-10-26,295.73065185546875,324.1503100993225,292.9625022281165,304.49645900875095,112804243,81.92770456523212,244.78646002875433,238.68701171875,247.23467957739737,5.02278416593515,-2.404703837356705,7.427488003291854
2017-10-27,287.010986328125,298.59109651974967,286.13442245613066,295.4999902869624,27580765,74.19785779020151,250.8302527533637,241.0069841657366,247.79373707490808,7.5820540185394805,-0.4073522661774678,7.9894062847169485
2017-10-30,287.8875732421875,297.43769548636357,286.5957756607363,287.8875732421875,28530254,74.39186081754596,256.976569281684,243.713620140439,248.40526266659006,9.5707019586699,1.5882585787920058,7.982443379877894
2017-10-31,282.1667175292969,289.5946028576493,280.78264266602224,288.81028813664534,16455750,70.49935754179864,262.57950676812067,246.05336434500558,248.8159616507736,10.563327074738964,3.3832722779813977,7.180054796757567
2017-11-01,295.13092041015625,296.6072726533374,285.4885203410427,285.4885203410427,34907283,76.60156719841547,270.381590101454,248.95333135695685,249.52156814874388,12.254826445918752,5.157583111568869,7.0972433343498835
2017-11-02,290.0559387207031,298.1758326938553,289.31774862191554,295.2692813375038,23110527,73.74950013340141,277.72231038411456,251.72367713564918,250.16656434302237,13.035577254995928,6.733181940254281,6.302395314741648
2017-11-03,299.8829040527344,302.1896956223708,288.4412234991531,291.07097152035396,26898400,75.54307782769332,285.82683817545575,254.87848917643228,251.07752123066024,14.282640482269699,8.243073648657365,6.039566833612334
2017-11-06,303.57373046875,304.49644697473406,296.6072321121997,298.5910669682508,17143407,76.23590439486424,293.47000461154516,258.27935791015625,252.07441651587393,15.39134408688409,9.672727736302711,5.718616350581378
2017-11-07,292.6856994628906,306.0650893711166,291.1170700720896,303.52761887128065,21883541,70.96158539177421,292.6805691189236,260.93546331496464,252.7655487060547,15.216025701577394,10.78138732935765,4.434638372219744
2017-11-08,285.6269226074219,294.6234097831375,282.95105000235776,293.4238894233395,20242447,70.8491680038632,291.5579325358073,263.25104268391925,253.2947540283203,14.34217267958661,11.493544399403442,2.848628280183169
2017-11-09,289.45623779296875,293.4239083083495,284.38129598260423,288.94872671648506,21846178,72.0410046852722,291.82962714301215,265.74457586379276,253.91623134239046,13.79955887169342,11.954747293861438,1.8448115778319831
2017-11-10,307.7720947265625,312.33955292363987,285.58077290950234,290.65571394666637,82984969,74.66214772340962,294.03901841905383,269.3387756347656,254.93936037549784,14.678268163668463,12.499451467822844,2.1788166958456188
2017-11-13,305.46533203125,318.15268581558655,304.26581166436176,310.72482813638766,38777555,72.31934813364865,296.62775336371527,272.8472951253255,255.92449592141543,15.015426645633397,13.002646503384955,2.0127801422484417
2017-11-14,303.66607666015625,308.8332958980454,302.18972428374803,304.81947255436904,25647162,52.036883354019054,297.57610405815973,276.2305915469215,256.8535455441942,14.964935835283597,13.395104369764685,1.569831465518913
2017-11-15,299.8367614746094,305.5575873282275,297.3454154654196,302.6510357568894,17389606,52.163355713632924,298.66286214192706,279.43373616536456,257.705701641008,14.449364492313066,13.605956394274362,0.8434080980387044
2017-11-16,307.6336975097656,308.3718876580998,298.63721099017835,302.0973981130965,22506014,60.97201714697841,299.52406141493054,283.0477084205264,258.712547751034,14.502739511396385,13.785313017698767,0.7174264936976176
2017-11-17,311.4168701171875,319.90587458105,310.0327951388889,318.33724500868055,26518142,62.142867942405296,300.39552137586804,287.16697983514695,259.81528487859987,14.681075708576259,13.964465555874266,0.7166101527019926
2017-11-20,307.2646179199219,311.09388605497674,305.6498639218442,311.04776149009024,13507662,63.165538385879714,302.01540120442706,291.13246372767856,260.87821840772443,14.322258300789144,14.036024104857244,0.28623419593190036
2017-11-21,305.09625244140625,309.47915649659393,304.4964922551434,309.1100754711304,14189920,55.89519414149015,304.1786600748698,294.85408746628536,261.89953852634807,13.704941908358819,13.96980766555756,-0.2648657571987414
2017-11-22,309.3868713378906,313.40069426560996,301.72833465761244,305.2807992754577,22861716,61.542722776102124,306.39317491319446,298.4065464564732,263.04841135062424,13.40737938285963,13.857322009017976,-0.4499426261583448
2017-11-23,309.0639343261719,310.6325356400303,306.01895267148956,309.57141718908105,13338423,56.183975978109295,306.5367126464844,298.84813290550596,264.20632994408703,12.995694344763194,13.68499647616702,-0.6893021314038261
2017-11-24,306.71099853515625,310.9555006145289,305.8805592098408,310.0327839954947,11716981,52.1519227935266,306.6751200358073,299.37100655691967,265.27288190056294,12.337351424523888,13.415467465838395,-1.078116041314507
2017-11-27,309.7098388671875,310.95551198022946,302.69718667439355,304.40421811381566,13114683,63.09441597675221,307.3466491699219,300.451904296875,266.3991394042969,11.920182822053675,13.116410537081451,-1.196227715027776
2017-11-28,306.3419189453125,310.67869833859066,305.60375691027974,310.0327854386295,16054996,66.89241685426646,308.06944444444446,301.3306826636905,267.4448843563304,11.188832808435393,12.73089499135224,-1.5420621829168475
2017-11-29,303.4814453125,308.97161964429154,301.9128441884684,306.6648284391812,11264624,61.62072937980364,307.6080830891927,302.34566970098587,268.4833921544692,10.260143786505182,12.23674475038283,-1.9766009638776474
2017-11-30,295.59222412109375,301.2669247284212,293.8851930352286,300.6210119416382,27276288,37.80036753872546,305.8497890896267,302.36763654436385,269.3871109906365,8.78627412970684,11.546650626247633,-2.7603764965407933
2017-12-01,288.5796203613281,297.3915527410251,287.195545443528,296.65339071516223,16425620,34.54392783696947,303.77367824978296,302.2973356701079,270.20036794625076,6.971994478960937,10.631719396790295,-3.659724917829358
2017-12-04,289.3639221191406,291.5323116914697,287.1032552579534,290.3789159784303,13887727,36.66090013656373,302.025641547309,301.79643176850817,270.9882950128293,5.533662762003075,9.612108069832852,-4.078445307829776
2017-12-05,294.43890380859375,295.91525615643224,284.93490492875026,288.3489679731843,15130931,45.07993571095968,300.36475626627606,301.36144002278644,271.9037753834444,4.74854485343684,8.63939542655365,-3.8908505731168095
2017-12-06,288.25665283203125,292.870235713975,287.4262135450964,292.224351005948,18658202,31.802473579858273,298.05283610026044,301.15053304036456,272.81834980085785,3.5861384955644553,7.628744040355811,-4.042605544791356
2017-12-07,291.9475402832031,293.19321338336647,288.3028264379278,288.348951006458,12278558,31.684058032594677,296.4124518500434,301.4515148344494,273.86138138116576,2.928983356634717,6.688791903611593,-3.759808546976876
2017-12-08,288.902587890625,294.2082086124013,287.9798712433595,292.13209615605405,16418832,32.35821025057922,294.1005350748698,301.42515055338544,274.85375438017,2.137837306422682,5.778600984173811,-3.6407636777511287
2017-12-11,293.7929382324219,294.62337747962033,290.7479849396696,291.53229962388576,14014369,39.67984093468704,292.7062038845486,300.75947643461683,276.0840430166207,1.883744134161475,4.999629614171344,-3.1158854800098688
2017-12-12,293.839111328125,295.73066908673434,290.3327713670646,293.19319844714454,17658856,34.6119157835473,291.63483344184027,300.20584687732514,277.2763375674977,1.6668844412020007,4.333080579577475,-2.666196138375474
2017-12-13,289.08709716796875,294.30046844287864,287.1032621258996,291.71684508842117,17540585,31.82202159027355,290.91204155815973,299.51160975864957,278.35193529316024,1.0989062366063536,3.686245710983251,-2.5873394743768974
2017-12-14,289.7330322265625,291.0248299231456,285.5808072424239,290.00983596187393,13894451,34.05552453917751,291.04019843207465,299.0304797944568,279.4863344080308,0.6929135027899065,3.0875792693445825,-2.394665766554676
2017-12-15,288.1182861328125,294.6695802563591,287.4262486160804,293.7929881382003,16050711,29.181565449105605,290.90179443359375,298.1011744907924,280.5546958773744,0.23811992320105446,2.517687400115877,-2.2795674769148224
2017-12-18,294.25433349609375,298.49883570987345,277.18407550341163,284.1967276619506,32119915,38.93583619654181,290.88128662109375,297.2839108421689,281.7723203172871,0.3685718095034076,2.0878642819933835,-1.7192924724899759
2017-12-19,295.08477783203125,297.3454449220676,293.79298013447243,294.76184952694996,14741481,42.01760442837829,291.6399671766493,296.70391845703125,282.9130515304266,0.5328237266013502,1.7768561709149768,-1.2440324443136266
2017-12-20,292.9625244140625,294.34659933255415,292.03980780173475,294.34659933255415,9895770,47.19216817925287,291.7527431911892,296.1261218843006,284.01036071777344,0.4861424918219086,1.5187134350963631,-1.0325709432744545
2017-12-21,292.2704772949219,293.60842760220675,291.02480427763516,292.1320754394623,9916409,54.55578274240476,292.126953125,295.31105550130206,285.0922908408969,0.3888227514584628,1.2927352983687832,-0.9039125469103204
2017-12-22,295.13092041015625,298.8217869385707,292.03981406079373,292.5934496718713,13821639,56.771395830660815,292.2756178114149,294.64757864815846,286.3243892894072,0.5363275594948504,1.1414537505939966,-0.6051261910991461
2017-12-26,292.6395568847656,295.2231801968793,291.8552421621762,293.97750718559905,9329690,47.75081119723022,292.142333984375,293.9775099981399,287.5175879983341,0.4470407596688801,1.0025711524089733,-0.5555303927400932
2017-12-27,290.517333984375,295.5461226773726,288.85642716981005,292.0398107784187,14276027,53.1450871970097,292.30124918619794,293.06358119419644,288.6528915704465,0.2026980981254951,0.8425965415522777,-0.6398984434267826
2017-12-28,284.5657958984375,292.0398060451524,283.87375844335423,290.93253485338863,20353152,40.338165216036685,291.72711181640625,292.02662295386904,289.6724027745864,-0.4658149808579992,0.5809142370702224,-1.0467292179282217
2017-12-29,285.94989013671875,287.88760077374224,285.16557533612854,286.042167435449,11939569,45.95960017772848,291.4861789279514,291.19178699311755,290.73533630371094,-0.8738582803598547,0.289959733584207,-1.1638180139440617
2018-01-01,283.36627197265625,288.57961510289175,282.6280818011682,286.5957800553425,12182400,34.77100410521108,290.2763943142361,290.60959879557294,291.8814951578776,-1.3896924194917801,-0.04597069703099038,-1.3437217224607898
2018-01-02,279.8138122558594,285.1194327685426,278.0606563269619,285.1194327685426,14797364,31.418142238761675,288.5796203613281,290.1921793619792,292.9760903751149,-2.061386125057652,-0.44905378263632273,-1.6123323424213292
2018-01-03,279.4447326660156,282.76651811398784,278.7988197714657,281.7053714787877,13857373,35.546408616867595,287.077643500434,289.71983700706846,294.005552703259,-2.5935925439922016,-0.8779615349074986,-1.715631009084703
2018-01-04,284.6580810546875,286.2267105931739,279.7215414402381,280.96721452561536,24517099,43.30899890881351,286.23182169596356,289.25408354259673,294.98345169366576,-2.5651271313090547,-1.21539465418781,-1.3497324771212447
2018-01-05,282.6742248535156,287.3339322354532,281.9821874309066,287.3339322354532,14580575,42.89153707545313,284.84774441189234,288.9882536388579,294.64783612419575,-2.6718492869207466,-1.5066855807343975,-1.1651637061863491
2018-01-08,282.1667175292969,285.5807801223378,281.4285555325138,283.45854326228005,13557197,31.497192955902918,283.68409559461804,288.52250017438615,294.3818766276042,-2.7655000012331925,-1.7584484648341565,-1.007051536399036
2018-01-09,280.78265380859375,285.5807914553185,279.85993719646024,283.73535823105146,15574755,28.47226050176208,282.6024644639757,288.1358366466704,294.2597524605545,-2.9177670400100055,-1.9903121798693264,-0.9274548601406791
2018-01-10,277.8299865722656,282.2128906223059,276.814992634125,281.10561938813856,13064599,27.77784251072201,281.85404120551215,287.37569609142486,294.06254487879136,-3.2393540773911695,-2.240120559373695,-0.9992335180174745
2018-01-11,278.844970703125,279.58313272722313,276.81498289824077,277.6454222151202,12298455,30.469857770335352,281.0646057128906,286.6616893949963,293.9974125880821,-3.3734266224230396,-2.466781771983564,-0.9066448504394757
2018-01-12,278.8910827636719,281.10559689573716,277.32245333396,281.10559689573716,17594228,24.26897163309178,280.56736246744794,286.17616489955356,293.67898439893537,-3.4363471514793673,-2.6606948478827244,-0.775652303596643
2018-01-15,279.21405029296875,281.65924366429977,278.2451809623142,280.4597233414811,18189668,27.15858621416548,280.50072224934894,285.67526099795384,293.4663983513327,-3.4207194194686394,-2.812699762199908,-0.6080196572687315
2018-01-16,273.2625427246094,279.9061141711423,272.47822790453444,279.02952205004465,18040940,24.02779653480401,279.8138122558594,284.9678446451823,292.9444304821538,-3.844257048908105,-3.0190112195415475,-0.8252458293665574
2018-01-17,283.36627197265625,284.5657922825951,269.9868813443847,273.12411213575047,26277307,48.395070802097116,279.67027791341144,284.4493655250186,292.5482058057598,-3.326283832255342,-3.0804657420843062,-0.24581809017103584
2018-01-18,279.8138122558594,293.2393276808447,277.27634157588045,290.6557324339512,40000111,42.24034862800277,279.35245429144965,283.722176688058,292.2958158605239,-3.1659450919755727,-3.0975616120625595,-0.06838347991301319
2018-01-19,285.35009765625,286.04213507983025,279.1217608440279,280.45971112657963,18461642,52.33440538486842,279.70616319444446,283.35968017578125,292.29038792030485,-2.562603424865074,-2.990569974623063,0.427966549757989
2018-01-22,282.8126220703125,284.88873430410763,280.551955263217,284.5196533165811,12622645,53.615110732425514,279.9317152235243,282.90930611746654,292.1601209453508,-2.263116086549985,-2.8450791970084475,0.5819631104584624
2018-01-23,293.51617431640625,295.7768132313251,282.67425359322505,282.7203781624586,35252217,63.579715702230104,281.6746249728733,282.8324134463356,291.8805930941713,-1.1488398891896736,-2.505831335444693,1.3569914462550194
2018-01-24,304.4041748046875,305.9728041548342,291.76297535584524,293.1470501380664,38070520,67.1749464079241,284.51453653971356,283.39263334728423,291.85978608972886,0.6058191635245862,-1.8835012356508374,2.4893203991754236
2018-01-25,288.9486999511719,307.0339510865047,287.7491796252833,307.0339510865047,42466150,54.421335402337604,285.6320495605469,283.3179364885603,291.5712100758272,0.7407327445613419,-1.3586544396084015,2.0993871841697436
2018-01-29,287.9798583984375,292.40888684413034,286.9648644999024,288.94869957122154,23600898,54.06979402443094,286.6060282389323,283.48051089332216,291.338721780216,0.7607063637359488,-0.9347822789395315,1.6954886426754803
2018-01-30,289.3177795410156,294.20819443124554,286.96486346753284,287.9337046368314,25810404,55.97932541645697,288.3899434407552,283.64088657924106,290.97958613376994,0.8744149443919582,-0.5729428342732337,1.4473577786651919
2018-01-31,289.0409851074219,292.1320914578641,284.0583209241372,288.81030594931536,16409938,58.15985009555609,289.0204671223958,283.9111110142299,290.54084329044116,0.9314575534011169,-0.27206275673836355,1.2035203101394805
2018-02-01,282.3974304199219,292.8702704353623,281.4285891634823,292.40891209247127,19515991,52.389825212453765,289.3075358072917,284.03414045061385,290.05325137867646,0.4355639807911871,-0.13053740923245344,0.5661013900236405
2018-02-02,274.36981201171875,282.1206265365911,272.66278051206103,279.49087835161333,23274673,47.25338328496494,288.08750406901044,283.792477562314,289.45077215456496,-0.5983001326577551,-0.22408995391751377,-0.3742101787402413
2018-02-05,275.0156555175781,277.18404503443185,267.5877985792661,270.03299179653766,18940578,47.45949255961669,287.2211744520399,283.3333144414993,288.77682674632354,-1.3499691141499852,-0.4492657859640081,-0.9007033281859771
2018-02-06,269.2026062011719,274.32367279329486,261.036557502071,262.9742682684969,30577218,47.539152039990356,284.51966688368054,282.69180879138764,287.99523207720586,-2.3872183287173243,-0.8368562945146714,-1.550362034202653
2018-02-07,270.1714172363281,274.8772776678354,267.5878219432652,273.67775731585834,21463818,41.00624906655062,280.71602715386285,282.12060401553197,287.2787696987975,-3.095389131300749,-1.288562861871887,-1.806826269428862
2018-02-08,278.10675048828125,279.85990622550503,269.9407037427876,270.26366015310936,18932796,48.902049473626775,279.51136610243054,281.9931800478981,286.6591012992111,-2.981930678681181,-1.627236425233746,-1.3546942534474349
2018-02-09,273.4931640625,277.3685846132955,272.2013665985924,274.0467995924812,15750824,42.282235682145576,277.9017333984375,281.7866646902902,286.01500806621476,-3.2270919970196132,-1.9472075395909194,-1.2798844574286938
2018-02-12,266.4344177246094,269.8023276761529,263.11263233934454,265.9730594255191,50839665,39.931901450330265,275.359137641059,281.19568597702755,285.2885957605699,-3.945484851765798,-2.346863002025895,-1.598621849739903
2018-02-14,254.8543243408203,266.38828130484956,253.74705320864365,266.38828130484956,45641149,26.486969545959468,271.5606197781033,280.05107843308224,284.48981341193706,-5.38713359932774,-2.954917121486264,-2.4322164778414757
2018-02-15,257.1611328125,260.482890111489,253.05503259697682,253.56251547346776,26058237,17.919697909763357,268.756586710612,279.00093950544084,283.87376463646984,-6.271219736009186,-3.6181776443908484,-2.653042091618338
2018-02-16,250.65597534179688,259.46793635024926,249.17962305230498,258.82202342388473,30338112,20.39931493438327,266.1217159695095,277.9244362967355,283.11478528789445,-7.411342863710217,-4.376810688254722,-3.034532175455495
2018-02-19,247.74940490722656,250.97891297864294,236.81520766218748,250.5175546827263,43847791,19.80597347549852,263.0921325683594,276.22839500790553,282.1993049172794,-8.452005145279713,-5.191849579659721,-3.2601555656199928
2018-02-20,248.81056213378906,253.00894017640383,244.33538033411403,248.2108018874384,33458021,19.471427687578938,260.82634989420575,274.7520497639974,281.42585215849033,-9.086368975783216,-5.97075345888442,-3.115615516898796
2018-02-21,252.17843627929688,252.9166264569757,246.734413954642,251.163470543487,23714454,23.455050500610923,258.8271297878689,273.17244684128536,280.6460658054726,-9.211166985501507,-6.6188361642078375,-2.592330821293669
2018-02-22,251.53257751464844,252.4552942126779,248.6260255476714,249.50258951535204,25584062,25.672641991641356,255.87444390190973,271.6829209100632,279.91332050398285,-9.255494136899472,-7.146167758746165,-2.109326378153307
2018-02-23,254.7158966064453,255.77704318387939,251.44026406301577,252.31685606374614,15482147,33.22821772135153,253.78808085123697,269.83528863816036,279.14710400151273,-8.930807685379591,-7.50309574407285,-1.4277119413067414
2018-02-26,253.23956298828125,258.36062846748945,252.68592743832187,258.36062846748945,15306032,31.676957707187327,252.32198588053384,267.3988785516648,278.35103442622164,-8.69241833039132,-7.740960261336544,-0.9514580690547758
2018-02-27,246.9189910888672,254.57752832782742,245.39651418703517,251.90165556717136,20824909,31.40869953994654,251.4402821858724,265.397463843936,277.5242088168275,-8.91079231113281,-7.974926671295798,-0.9358656398370115
2018-02-28,247.28807067871094,248.85670030112516,240.6444993072933,243.82788312257225,26810799,30.71535688117352,250.34327528211804,263.4597596668062,276.6919546688304,-8.950893299576535,-8.170119996951945,-0.7807733026245902
2018-03-01,241.89015197753906,249.13348294688404,241.05971266619798,245.7194202502778,22859175,18.11530441637285,249.36929490831164,261.20130121140255,275.78552066578584,-9.310910172102297,-8.398278031982017,-0.9126321401202802
2018-03-05,243.1358184814453,244.5198933494611,238.75291473272856,240.32154418010992,18484565,21.58890300122441,248.85667419433594,259.01534089587983,274.7831968419692,-9.387498027221369,-8.596122031029887,-0.7913759961914817
2018-03-06,236.72293090820312,245.44261398443848,235.29273145124742,245.30421212716465,20778164,21.853085797283796,247.51360405815973,256.8403647286551,273.63884690228633,-9.852092101579274,-8.847316045139765,-1.0047760564395087
2018-03-07,227.58804321289062,235.615688877287,227.03442170193986,235.33887108204266,31262500,22.914698085151855,244.78133816189236,254.61266145252046,272.3569943297143,-10.832524744060379,-9.244357784923888,-1.5881669591364904
2018-03-08,236.95359802246094,238.01474457884424,225.4196552636954,227.91098712486135,33133336,32.39542104758013,243.1614515516493,252.80018252418154,271.2723496380974,-10.730112615963805,-9.541508751131872,-1.1886038648319328
2018-03-09,233.677978515625,237.50724676669174,232.20162632655416,237.13816575919301,21536191,34.327028667083994,240.8239050971137,251.10853358677454,270.06738999310664,-10.788897688616203,-9.790986538628738,-0.9979111499874644
2018-03-12,233.3089141845703,235.52342854692762,228.14169523301803,234.46231001486868,25332474,36.01426752435753,238.60938856336804,249.3531762985956,268.9040440578087,-10.741444997717224,-9.981078230446435,-0.7603667672707886
2018-03-13,235.0159149169922,242.1208299124051,230.31006871046372,231.8786841126399,37647221,36.80484482761641,237.28682454427084,247.30123174758185,267.81578093884036,-10.445686335335779,-10.073999851424304,-0.37168648391147485
2018-03-14,237.18429565429688,237.92248584495516,230.67915475386837,232.98594630140707,25471485,35.3206272721406,236.16418287489148,245.57223801385788,266.8867319144455,-9.92195118393758,-10.04359011792696,0.12163893398938086
2018-03-15,234.09320068359375,238.79904693767404,233.0320822159828,237.13816830655048,18339890,33.70680991014494,235.297854953342,244.0321800595238,265.86993408203125,-9.645129781685227,-9.963898050678615,0.31876826899338795
2018-03-16,232.8013916015625,235.93862228314916,230.7714179793866,231.27890082527753,25728297,28.775655392742053,234.1495853000217,242.98204040527344,264.8784658394608,-9.42138120490668,-9.855394681524228,0.4340134766175474
2018-03-19,228.78758239746094,234.00093973187688,227.08056510352333,233.35502683626666,18167594,27.42755692182523,233.26787990993924,241.63091895693825,263.8779515285118,-9.45890335385576,-9.776096415990533,0.3171930621347734
2018-03-20,229.84869384765625,232.75524529283828,226.3885068512315,227.7725816498014,20556571,32.5470948980722,233.5190633138021,240.64009602864584,262.9054801791322,-9.29586021123498,-9.680049175039423,0.38418896380444245
2018-03-21,228.83372497558594,234.6468425791799,228.00328563773186,232.2939123492087,19533972,31.377971936018113,232.61685519748264,239.73934936523438,261.81088496189494,-9.14315030625579,-9.572669401282697,0.42951909502690633
2018-03-22,222.88218688964844,228.23394572968215,222.0517335416306,227.9109893033079,26828240,31.031259821609126,231.41732279459634,238.5046648297991,260.6384920606426,-9.394076919680145,-9.536950904962186,0.14287398528204065
2018-03-23,216.65386962890625,221.12903687983322,214.39321667951648,219.42201954559704,27150262,25.96310537131879,229.56676228841147,236.81301879882812,259.35392641553693,-9.980462658465797,-9.62565325566291,-0.3548094028028874
2018-03-26,227.44964599609375,228.695319060342,216.14636744253534,216.60772575084385,30373940,42.20325266667967,228.72606574164496,235.6662125360398,258.3081811643114,-9.46494268482175,-9.593511141494677,0.1285684566729266
2018-03-27,234.69297790527344,235.7540963863517,228.83372173704586,230.67915497686076,31205051,56.16990129037781,228.44925265842014,234.7127402169364,257.46235746495864,-8.375367023999985,-9.349882317995739,0.9745152939957542
2018-03-28,230.5868682861328,236.39999965009773,229.4796112032747,232.52457874078777,36673566,43.915346538696205,228.05966016981336,233.63404046921502,256.51612016266466,-7.753818005521225,-9.030669455500837,1.2768514499796115
2018-04-02,227.12669372558594,232.52459166388434,225.97329793360237,232.34005115307468,14993188,43.76097672549112,227.42913818359375,232.6915501185826,255.50113214231004,-7.454512124015736,-8.715437989203817,1.2609258651880815
2018-04-03,231.14051818847656,233.26276927517668,229.0644057496579,230.26394019688306,19883309,48.06900952423399,227.6905754937066,231.92261904761904,254.55851386575137,-6.814870383642443,-8.335324468091542,1.5204540844490992
2018-04-04,228.18780517578125,233.44728668438364,226.5269125731865,232.2477523558687,18824449,44.05143959343898,227.50603230794272,231.27012634277344,253.67469548244102,-6.471608287398169,-7.962581231952868,1.4909729445546986
2018-04-05,239.26040649414062,241.6594753198248,230.67915325662472,233.07822208230888,22880821,51.565761043183976,228.66455247667102,231.08558291480654,252.80987459070542,-5.2456357901593265,-7.4191921435941595,2.173556353434833
2018-04-06,239.62950134277344,241.244255319048,235.15432040528333,239.5833486194351,24868860,54.35413683020826,230.5253651936849,231.22399103073846,252.02194692574295,-4.195893238412793,-6.774532362557887,2.578639124145093
2018-04-09,240.50607299804688,242.44378346440146,237.6917986686555,240.5060729980469,20208874,56.0993416681766,233.1756100124783,231.8391353062221,251.14265232460173,-3.2557029790634715,-6.070766485859004,2.815063506795532
2018-04-10,242.95126342773438,244.5198928720531,238.52223512236125,240.92130385405304,21201141,61.49811381241284,234.89801194932727,232.12473842075892,250.3610570571002,-2.2869267247370715,-5.313998533634617,3.0270718088975457
2018-04-11,237.18429565429688,242.67447080106953,236.49225819003527,242.67447080106953,14885838,55.53236335783129,235.1748250325521,232.29170590355284,249.25651041666666,-1.9618951601146932,-4.643577858930633,2.6816826988159397
2018-04-12,234.1854705810547,237.59951910766506,232.75525706760587,237.59951910766506,18660913,53.91891064447516,235.57466973198785,232.3334466843378,247.87967307894837,-1.9241055337305681,-4.09968339389062,2.175577860160052
2018-04-13,231.55572509765625,236.1693080407438,230.40232936188437,234.37001350884722,25654020,56.676138532437875,236.06678432888455,232.1686757405599,246.75432063084023,-2.082351414484407,-3.696216998009378,1.6138655835249711
2018-04-16,229.75643920898438,231.8786902585493,228.00328325647413,230.07939565896496,16408377,60.82316504441243,235.91299777560764,231.8149682907831,245.61268496045878,-2.326135506883759,-3.4222006997842547,1.0960651929004959
2018-04-17,228.97213745117188,232.98596062242333,227.541937867418,231.97096664730208,15922452,51.50685816945532,236.0001458062066,231.57110813685827,244.42943707634421,-2.55319115531978,-3.24839879089136,0.6952076355715797
2018-04-18,227.40350341796875,230.58687287435524,226.34238495901926,230.21779186590445,16142387,41.872415486207586,234.68271213107639,231.31406584240142,243.220859004002,-2.827120761098456,-3.1641431849327795,0.33702242383432335
2018-04-19,227.12669372558594,229.24894479874337,226.2501157395861,228.0032857911242,13166927,45.78179142258278,233.29351128472223,231.23497590564546,242.13711906881895,-3.0316017580541654,-3.1376348995570567,0.10603314150289123
2018-04-20,222.55923461914062,226.84987513184234,220.9906192607547,226.84987513184234,15546939,44.57830059601327,231.2994181315104,230.88785879952567,241.12122539445465,-3.5216152113621035,-3.214430961918066,-0.3071842494440373
2018-04-23,223.712646484375,225.9271748674278,220.80609470107024,223.2051495166209,12111837,40.54054159092967,229.16179402669272,230.64399791899183,240.11528404086243,-3.7733864552015746,-3.3262220605747683,-0.44716439462680624
2018-04-24,222.005615234375,224.58921040003483,221.08289865248574,223.29741281720493,9486349,41.86894821089406,227.47527398003473,230.60225641159784,239.18985284543504,-4.063815005728827,-3.4737406496055803,-0.5900743561232469
2018-04-25,218.86839294433594,222.14403996323225,218.4531732556396,221.17518463658135,13124853,16.10432194237579,225.77337646484375,230.70770990280877,238.1839111926509,-4.495310206564056,-3.6780545609972757,-0.8172556455667808
2018-04-26,215.17750549316406,220.3447240174783,214.5316066975092,219.97562893457714,24495144,13.39778425038007,223.95357428656683,230.12332225981214,236.95000442804076,-5.07657740894652,-3.9577591305871245,-1.1188182783593952
2018-04-27,223.85105895996094,226.8037493454138,215.22365288042027,215.22365288042027,31401889,29.7872734430873,223.29742092556424,229.60704040527344,235.97662981818704,-4.782226052676066,-4.122652515004913,-0.6595735376711529
2018-04-30,227.35736083984375,230.40232838528243,225.60420496071666,225.88102275203613,17263193,31.550235053690443,223.11800130208334,229.45325433640252,235.21041301652497,-4.2174055973433155,-4.141603131472594,-0.07580246587072192
2018-05-02,222.3746795654297,227.26507989875103,221.22128392453016,226.8959848459412,12887066,32.14682907429638,222.55924309624567,229.22696794782365,234.57355723661536,-4.1242996944308175,-4.138142444064238,0.013842749633420581
2018-05-03,223.2051239013672,224.58919870211037,220.2985724516213,222.32854601013725,12939642,36.03285464625628,222.12351311577692,228.84909202938988,233.90775314031862,-3.93810663606925,-4.098135282465241,0.16002864639599057
2018-05-04,223.25128173828125,225.05057631803663,221.7749436049473,224.6814953045877,12777310,38.69349447970629,222.20040724012586,228.61401948474702,233.37040620691636,-3.7436680690398987,-4.027241839780173,0.2835737707402739
2018-05-07,227.44964599609375,229.01826142843504,223.34355986805568,223.7126408828872,15122614,47.05189037988566,222.6156294080946,228.05160231817337,232.97237171846277,-3.2137550279345533,-3.864544477411049,0.6507894494764956
2018-05-08,230.72531127929688,233.07824165601915,225.6965081318955,228.8337392478323,23293920,52.10643958616279,223.58448452419705,227.6275932675316,232.61775895660998,-2.500650371679882,-3.591765656264816,1.0911152845849341
2018-05-09,228.83372497558594,230.49461773083254,227.26510951545131,230.49461773083254,11429823,51.7051790828261,224.6917436387804,227.07176717122397,232.16001951928232,-2.0643484758028308,-3.286282220172419,1.2219337443695881
2018-05-10,228.78758239746094,230.86369478596703,227.26510561103845,229.06440019850274,13160967,51.99114331958683,226.20397440592447,226.39730616978235,231.7140392228669,-1.7026720567660618,-2.9695601874911475,1.2668881307250857
2018-05-11,231.0021209716797,232.15551679422745,227.03443652620766,228.46465016207463,11958589,60.72684960623907,226.99853685167102,226.10291689918154,231.24906323002833,-1.2232453230330123,-2.6202972145995207,1.3970518915665084
2018-05-14,234.0009307861328,236.0309044502706,228.97211415148124,230.6330068146986,18673849,62.48596781606812,227.73671129014758,226.09412928989954,230.87183514763328,-0.594464673820994,-2.2151307064438153,1.6206660326228213
2018-05-15,228.83372497558594,237.55340842074608,226.89601441454178,233.44730814041628,18026861,57.6446225223443,228.45438300238715,225.96451023646765,230.51722208658853,-0.5072544899655327,-1.8735554631481588,1.366300973182626
2018-05-16,224.31240844726562,229.47961289862366,222.00561697446173,226.52692262934224,17222004,55.91179768001307,228.57741461859808,225.7052706763858,230.06671890557982,-0.7938215676659865,-1.6576086840517243,0.8637871163857378
2018-05-17,223.9433135986328,226.98828116183324,222.51310006808768,225.32738848376593,11721064,60.25915951739754,228.65430704752603,225.46580287388392,229.71482011383654,-1.0387369974627916,-1.533834346733938,0.49509734927114635
2018-05-18,220.390869140625,225.142854076406,219.46815252555777,224.22013746133877,11873041,45.39877599369857,227.8699985080295,225.13186790829613,229.26884071499694,-1.502170729737685,-1.5275016233346874,0.02533089359700247
2018-05-21,225.5580596923828,226.75759403318608,221.72879161010732,224.7276204223468,18780730,47.70857631659847,227.29585944281683,225.05717104957216,229.04992167154947,-1.4359435445736608,-1.5091900075824822,0.07324646300882143
2018-05-22,234.27774047851562,239.62951368526464,222.3747019007079,224.81989527319507,68713602,63.84120563854904,227.90075005425348,225.61519513811385,229.18109220616958,-0.6721050485334104,-1.341773015772668,0.6696679672392576
2018-05-23,242.85902404785156,248.9028066054089,234.6468377362245,234.96978010337426,71202072,69.3636463677096,229.46424357096353,226.5269274030413,229.2968848733341,0.6185500698329633,-0.9497083986515417,1.5682584684845051
2018-05-24,247.74940490722656,248.85667608105675,240.50607402952045,243.4587783870171,34679642,72.03318119476126,231.3250528971354,227.75282214936755,229.57279519473806,2.01281394827717,-0.35720392926579936,2.3700178775429697
2018-05-25,246.31919860839844,247.65712073393087,242.25922318989677,247.1034851624011,22317308,67.8602531791824,232.6937493218316,229.06000337146577,229.82789881089155,2.968157351159988,0.3078683268193581,2.6602890243406296
2018-05-28,251.0250701904297,253.00893364813325,245.48876991943402,246.73444311222391,18959368,68.70747151408793,235.15945434570312,230.76703026181175,230.14180381625306,4.05821778046203,1.0579382175478926,3.0002795629141374
2018-05-29,243.8739776611328,250.01006536565222,242.48990280911943,249.59483164641824,16107543,62.63562739334919,237.3329620361328,231.72050258091517,230.27297405168122,4.295548709567129,1.7054603159517399,2.590088393615389
2018-05-30,246.5037384033203,247.28805315896068,239.8601956616598,240.36767853697484,19320209,64.26447375145956,239.8396759033203,232.63223484584265,230.5163179285386,4.642321106851739,2.29283247413174,2.349488632719999
2018-05-31,248.71826171875,253.56252413076075,242.8128807911619,246.22694365944807,31935892,64.26446497060849,242.98716396755643,233.88669113885788,230.82841342103248,5.03776206884001,2.8418183930733942,2.1959436757666158
2018-06-01,246.0885009765625,248.9488995895746,244.15079070133902,248.44141677992994,16574717,59.79070701577669,245.26832411024304,234.97637576148622,231.1676471186619,5.08038860869803,3.2895324361983214,1.7908561724997085
2018-06-04,242.67446899414062,247.61100850093177,241.10583948986357,247.28805205486574,12933824,61.538445882325696,246.2012939453125,235.90128944033668,231.41913290584787,4.783544872283073,3.588334923415272,1.1952099488678014
2018-06-05,243.18194580078125,244.75057526592735,240.73675247140991,240.73675247140991,14102731,66.85900068110345,246.23717414008246,236.65044657389322,231.700470569087,4.536944141749444,3.7780567670821066,0.7588873746673377
2018-06-06,249.2718963623047,250.425292170162,241.93631591977865,242.6744779731764,18315171,70.53103277674707,246.40633985731336,237.5336172921317,232.2179158528646,4.7778433960483255,3.978014092875351,0.7998293031729746
2018-06-07,248.81056213378906,251.8093915246224,247.65716621423778,250.1023599318705,18773700,74.2519702879304,246.6831580268012,238.48489525204613,232.84843923531326,4.875332179380393,4.15747771017636,0.7178544692040338
2018-06-08,251.90164184570312,252.7320811870054,246.36534202491842,248.1646507303043,14096549,73.30612568884199,246.78055487738715,239.58556474958147,233.3278901343252,5.142734796566742,4.354529127454437,0.7882056691123056
2018-06-11,252.82435607910156,256.8843036106002,252.04004131346417,252.17844317585272,18219428,69.03409117602014,247.77504136827258,240.62471880231584,233.68340735341988,5.367238440655399,4.557070990094629,0.8101674505607699
2018-06-12,260.9903869628906,262.4205863800567,252.82433970201424,252.82433970201424,31358021,68.76788921127157,249.3846689860026,241.9099310012091,234.27955477845435,6.133387765749006,4.872334345225505,1.2610534205235018
2018-06-13,265.465576171875,267.2648566402497,261.7285570592644,262.0515134999704,26748300,68.49711083956916,251.24548170301648,243.65430486769904,235.03129757151885,7.020746202185791,5.302016716617562,1.718729485568229
2018-06-14,260.7597351074219,264.40444903797885,259.5601865477208,264.40444903797885,18513730,64.11182755678506,252.87561882866754,245.38989185151598,235.61206653071386,7.260566815880054,5.693726736470061,1.5668400794099933
2018-06-15,256.0077209472656,261.5440203096798,255.2234062391087,260.89810745376826,16949917,54.86484368551951,254.35709126790366,246.9167683919271,236.15755507525276,6.986640904250493,5.952309570026147,1.0343313342243459
2018-06-18,255.45407104492188,258.12994328812266,254.16227356466013,256.51518939802713,13542420,62.97828052101029,255.72066073947482,248.5864446730841,236.4750779095818,6.648240942481948,6.091495844517308,0.5567450979646402
2018-06-19,251.53257751464844,255.31572160838502,248.90282929344866,254.66980865613283,20726975,55.47743079792955,255.9718475341797,249.82332647414435,236.70847156001074,5.994523643040537,6.0721014042219545,-0.07757776118141724
2018-06-20,252.17843627929688,253.516386616975,250.1484766486011,252.08618714627852,14002946,53.90218031739739,256.34605577256946,250.67574055989584,236.9373414282705,5.465559806834335,5.950793084744431,-0.48523327791009585
2018-06-21,247.8878173828125,253.51639446591852,247.38033449919573,253.51639446591852,12954943,51.95589418798213,255.90007527669272,250.9152069091797,237.0341366038603,4.64657227610607,5.689948923016759,-1.0433766469106889
2018-06-22,251.94773864746094,252.54752692253996,245.2119192048061,248.21074794390535,20784133,59.94065048921963,255.80267333984375,251.11512756347656,237.32361587823607,4.275831351192892,5.407125408651987,-1.1312940574590948
2018-06-25,247.7032928466797,252.0400441517934,246.5498970486584,250.84052378548213,10934401,54.48723132507278,254.32632954915366,251.18103681291853,237.58867121677773,3.598049122766156,5.045310151474821,-1.447261028708665
2018-06-26,246.7344207763672,250.24076085936412,244.88898751976149,246.59601891393712,16867009,47.196721079343966,252.24509006076389,250.97672017415366,237.88629270067403,2.9487308114352118,4.625994283466899,-1.6772634720316875
2018-06-27,241.47494506835938,246.68828821757867,240.8290321858398,246.68828821757867,16277655,42.67276605226747,250.10233561197916,250.86248052687873,238.11606732536765,1.9868425530706304,4.098163937387645,-2.111321384317015
2018-06-28,237.13816833496094,241.75175137649714,235.9386339282539,240.27539917139032,21349738,35.611463609846794,248.00571865505643,250.416500999814,238.27618557799096,0.8646306163250586,3.4514572731751283,-2.5868266568500697
2018-06-29,239.30654907226562,243.0896926570625,238.24543064409792,238.29155520916277,16244724,37.13779715159577,246.21154954698352,249.96832420712425,238.509578630036,0.14852764075291702,2.7908713466906865,-2.6423437059377695
2018-07-02,238.84519958496094,241.5210721160359,234.37001840486386,238.9374768775655,21896701,25.308577493059445,244.80184088812933,249.62340509323846,238.73935325472962,-0.45101712987349174,2.1424936513778507,-2.5935107812513425
2018-07-03,237.59951782226562,240.73674854227858,236.58452395897686,239.53722825962146,16099030,16.518714891245352,243.1819610595703,249.3817407517206,239.0342607685164,-1.0149767673613326,1.510999567630014,-2.5259763349913467
2018-07-04,237.55337524414062,238.3838144660159,234.83135029341682,235.98474592354165,14206935,18.601596622763807,242.03368971082898,249.11371358235678,239.30564760694315,-1.448939688806405,0.9190117163427303,-2.3679514051491353
2018-07-05,236.63067626953125,238.70678855755338,235.43112782989562,237.9685984041449,11215032,20.751954024682803,240.33179389105902,248.51175072079613,239.59241350959329,-1.8460326116874057,0.366002850736703,-2.212035462424109
2018-07-06,237.32272338867188,240.64448065787337,235.80023253423704,236.30772948571533,16174019,22.746096971798735,239.1783972846137,247.96471078055245,239.9542631261489,-2.080901853879965,-0.1233780901866306,-1.9575237636933343
2018-07-09,241.3365020751953,242.1208167734908,238.01474502677226,238.24542416397242,13220744,34.716302031727025,238.57862854003906,247.46160888671875,240.46718462775735,-1.9210147626115202,-0.4829054246716086,-1.4381093379399115
2018-07-10,243.3665008544922,245.2119340363272,242.12082782493843,243.45877814539907,11487165,37.317375379546036,238.78880140516492,247.011234828404,240.84984035117952,-1.6119179678263436,-0.7087079333025557,-0.9032100345237879
2018-07-11,239.0758819580078,242.35151469653076,237.96861074998728,242.35151469653076,12857179,37.317375379546036,239.0041029188368,245.96768697102866,241.0796152750651,-1.6936502717133521,-0.905696400984715,-0.7879538707286371
2018-07-12,242.4437713623047,244.05852531048367,240.96741926358334,241.19809839903746,10642215,36.04334537371492,239.35268317328558,244.8714105515253,241.4731268789254,-1.4697211525161151,-1.018501351290995,-0.45121980122512007
2018-07-13,237.8302001953125,242.12082669117228,236.95360817441536,241.84402297882346,11976239,35.656780478202634,239.23990546332465,243.77952793666296,241.75989308076745,-1.6455633185744887,-1.143913744747694,-0.5016495738267948
2018-07-16,232.15548706054688,237.59950901390505,231.60185150481618,237.13815074397513,8965623,31.36788101902789,238.635013156467,242.64370727539062,241.93448534198836,-2.2172622079339988,-1.3585834373849548,-0.858678770549044
2018-07-17,239.02972412109375,239.76791429701711,231.09436980367997,231.32504895382928,16067598,46.998836616103546,238.7990519205729,241.8615955171131,242.16154569738052,-2.0915343106314594,-1.5051736120342558,-0.5863606985972036
2018-07-18,239.49107360839844,242.21309874362342,236.35384291362934,239.9985846154967,17641125,53.19146558225827,239.1168738471137,241.28819056919642,242.333423390108,-1.9323915908444178,-1.5906172077962883,-0.34177438304812946
2018-07-19,240.0908660888672,243.13581954823195,236.39999975796422,239.35267592724136,9958284,51.11112360080052,239.42444525824652,240.71259198869978,242.55415164723115,-1.7378388735853605,-1.620061540954103,-0.11777733263125745
2018-07-20,241.29037475585938,242.67444956325437,238.56834970435295,239.81402266282325,6120163,53.39305791703634,239.41932000054254,240.39842805408296,242.7993044385723,-1.4699197983250372,-1.5900331924282898,0.12011339410325261
2018-07-23,245.76556396484375,246.8266823881554,240.45994368921052,241.751741254941,17013119,60.399550104856345,239.68588256835938,240.10403878348214,243.08878371294807,-0.886265317580154,-1.4492796174586626,0.5630142998785086
2018-07-24,246.2269287109375,248.3953183383904,245.02738024343714,246.5498851506136,9320281,60.9302699426518,240.4804433186849,240.03373572939918,243.32850916245405,-0.3820822510109565,-1.2358401441691216,0.8537578931581651
2018-07-25,250.84051513671875,251.7632317433213,245.11966091215248,247.28805056948372,13099277,66.3829956420193,241.41341484917535,240.22926403227308,243.76001485188803,0.38532257016413496,-0.9116076013024703,1.2969301714666053
2018-07-26,265.465576171875,267.034177491042,253.0089021146581,253.83934141999072,53496546,74.55718065559313,244.4840121799045,241.37167503720238,244.5669397092333,2.1488460588446685,-0.2995168692730426,2.448362928117711
2018-07-27,264.5889892578125,274.04683455822254,263.06651247541544,267.1264599481664,32175436,71.46510212113452,248.08773464626736,242.6788569859096,245.36391374176623,3.4361085704059917,0.44760821866276423,2.9885003517432276
2018-07-30,274.4158935546875,276.3997284852499,266.8496348168794,266.8496348168794,40949610,75.05584717661154,252.01953125,244.35073053269159,246.42322794596353,5.189402236247076,1.3959670221796268,3.7934352140674497
2018-07-31,270.81732177734375,279.02949387574444,269.24869229558226,274.04682987349605,36510328,75.90362916069884,255.50022549099393,245.87321254185267,247.31066445743338,6.216861322844494,2.3601458823126005,3.8567154405318935
2018-08-01,272.293701171875,274.9695739442144,266.06536350703124,271.7400655254065,33885474,75.13601429232608,259.0783182779948,247.5253165108817,248.0560754514208,7.068777068057557,3.301872119461592,3.7669049485959647
2018-08-02,271.1864318847656,273.4932236295477,268.0953253149419,270.35599248845983,15665209,79.85137360611547,262.40010240342883,249.12689063662575,248.61151482077207,7.567347386069798,4.154967172783234,3.412380213286564
2018-08-03,276.1229248046875,276.76883764680764,271.7400212363591,271.832298522244,18254462,89.8744862516087,265.7731424967448,251.00747390020462,249.16785834817324,8.265521886545287,4.977078115535645,3.288443771009642
2018-08-06,284.6580810546875,287.28782908846676,277.36862529158543,277.36862529158543,31576923,90.17060720042987,270.0432705349392,253.26153855096726,249.91960114123773,9.399197883937234,5.8615020692159625,3.537695814721271
2018-08-07,280.5519714355469,287.6107759646123,279.62925483400375,285.90374461994236,23928622,83.96945312170605,273.34454345703125,255.12894185384116,250.49855998918122,9.852739303911903,6.65974951615515,3.192989787756753
2018-08-08,284.8426513671875,286.8726111747784,279.62927957984994,280.55199626304903,20498279,84.89207897021687,275.497551812066,257.10399664015995,251.30186731675093,10.43807255565929,7.415414124055979,3.0226584316033103
2018-08-09,292.8702697753906,295.1309369140934,286.18057381854675,288.7641974283611,46464355,86.3458972834927,278.6399163140191,259.66563415527344,252.2110149907131,11.41809440590879,8.21595018042654,3.2021442254822485
2018-08-10,280.92108154296875,301.1746941191325,277.27633969105324,293.10092382862763,111510771,72.41175770206216,279.36271497938367,261.4978870210193,252.84244283040366,11.102585461997535,8.79327723674074,2.3093082252567942
2018-08-13,271.4170837402344,279.3985767420014,268.6028093584976,273.12411509137064,58127432,64.3987182237945,279.42935519748266,263.0972624279204,253.3390817081227,9.970712983649605,9.028764386122514,0.9419485975270909
2018-08-14,272.109130859375,275.84615013796576,270.678931334395,273.7700377028855,25294933,62.72776216527372,279.40884738498266,264.99981689453125,253.91623194077437,9.025497986087316,9.028111106115475,-0.002613120028158278
2018-08-16,270.07916259765625,275.33863037116834,267.8184956429825,270.817324620897,31083900,53.250974789236494,279.2858174641927,266.47836158389134,254.44362834855622,8.02015545730643,8.826519976353666,-0.8063645190472357
2018-08-17,278.752685546875,279.30632112886894,271.3248001531966,272.20139217127667,21931134,58.99237699022866,279.57801310221356,268.34796215239027,255.02168303844977,7.833001113529065,8.627816203788747,-0.7948150902596822
2018-08-20,283.8737487792969,284.8426180788755,280.13675791269776,280.5981162003804,20240462,56.38629463235146,279.49086507161456,270.432861328125,255.70919650208717,8.005623112147077,8.503377585460413,-0.49775447331333567
2018-08-21,283.27398681640625,284.98101810167515,279.90607696978515,284.4735070930412,14139592,58.766217868154094,279.7933112250434,272.4320809500558,256.3243405211206,8.001791836393295,8.403060435646989,-0.40126859925369374
2018-08-23,279.0756530761719,283.2278778675636,275.2463565746271,283.2278778675636,22721004,54.596611557769194,279.15253363715277,274.01827566964283,256.8390718347886,7.572691799628615,8.236986708443315,-0.6642949088146999
2018-08-24,277.2301940917969,282.07445589857963,275.89224385296063,277.36859594017585,18869585,54.05570455174719,277.4147474500868,275.49462164015995,257.15749942555146,7.002987728770165,7.990186912508685,-0.9871991837385199
2018-08-27,284.19671630859375,286.3651059771791,279.859936971423,280.5058498630276,28111768,55.27426951042326,277.77870686848956,277.08301217215404,257.5247766831342,7.032566223554056,7.7986627747177595,-0.7660965511637032
2018-08-28,281.7514953613281,286.27280068309,279.95218688147946,284.24281307295684,16890236,47.93711384373068,278.9269748263889,277.85853213355654,257.9363798253676,6.780536692636474,7.595037558301502,-0.8145008656650283
2018-08-29,285.765380859375,287.8876180622275,282.12063853373735,283.0894798308918,24320824,53.704954354150374,280.4443359375,278.86693173363096,258.51986335305605,6.826002579167607,7.441230562474724,-0.6152279833071166
2018-08-30,284.7503662109375,286.5035222288314,282.3512972689932,285.39625097591016,19935935,49.931214259393215,282.074469672309,279.3590494791667,259.094300513174,6.702864967552614,7.293557443490302,-0.5906924759376881
2018-08-31,285.6730651855469,286.6419063525735,281.0133294569413,284.1044357008527,18100140,43.999997964703894,282.8434007432726,280.0664658319382,259.76372184005436,6.603609321469207,7.155567819086084,-0.5519584976168765
2018-09-03,282.6742248535156,288.3489260870947,281.24399728467876,288.3489260870947,14708076,51.71788082876455,282.71012030707465,280.56077648344495,260.36167847876453,6.211366389116847,6.966727533092237,-0.7553611439753896
2018-09-04,273.4931640625,283.68919824917907,272.6166002858465,283.089409998907,42859084,52.04727921230203,281.6233622233073,280.67062087286087,260.8637440999349,5.100876434410907,6.593557313355971,-1.4926808789450643
2018-09-05,273.6316223144531,275.75388759037435,267.9569203202185,273.5854977437264,22922686,51.517943369141165,281.01846991644965,280.55198742094495,261.2889182894838,4.183749903849389,6.111595831454655,-1.927845927605266
2018-09-06,273.53936767578125,276.6765987172708,271.7400589083427,274.96956724850975,18001336,53.58852371228512,280.60837809244794,280.02252487909226,261.7955079920152,3.410166070793423,5.571309879322408,-2.161143808528985
2018-09-07,269.11029052734375,273.0318360739799,267.08033090453057,273.0318360739799,23716678,39.034671264329525,278.93210856119794,279.4776829310826,262.23425053615193,2.411902884098822,4.939428480277691,-2.5275255961788687
2018-09-10,262.8358154296875,270.58662883351286,261.8669461547878,268.18756016685694,23354395,26.687236688947863,276.83036634657117,278.4297383626302,262.65309113147214,1.1017738510167874,4.17189755442551,-3.070123703408723
2018-09-11,260.7597351074219,268.92578322281537,259.8831430122202,265.14263926527445,28361400,25.841720135463746,274.0519612630208,276.9006652832031,263.11625910740275,-0.10284959207461952,3.3169481251254846,-3.419797717200104
2018-09-12,263.2510070800781,264.54283271172204,258.36062087710496,262.05148688963504,22717796,32.37409974125846,271.6631435818142,276.0592331659226,263.5857582840265,-0.8467368662838908,2.48421112684361,-3.330947993127501
2018-09-14,268.1875915527344,269.2487100797429,266.38831096147925,267.68010865344957,15149585,40.576979830256654,269.7203131781684,275.9054478236607,264.16109930300246,-1.0261034979307055,1.782148201888747,-2.8082516998194524
2018-09-17,263.2510070800781,266.2037111537314,262.1437641717629,266.2037111537314,16089996,27.20889875336961,267.56217787000867,275.48363240559894,264.66406968060664,-1.548741033388069,1.1159703548333837,-2.664711388221453
2018-09-18,252.63980102539062,264.7273944621226,251.34800338034466,262.9742385039119,33901000,23.10324915610363,265.24513753255206,274.65318661644346,264.9598819508272,-2.7870433913608963,0.3353676055945277,-3.122410996955424
2018-09-19,250.51754760742188,260.9903862607626,249.5948310416487,254.11613658212235,40759431,16.254425633291405,262.6769070095486,273.3086562383743,265.23217354568783,-3.8947586921592006,-0.510657653956218,-3.3841010382029824
2018-09-21,249.6871337890625,257.8531818606106,233.81639597589464,253.00891939636247,39308482,16.312083354835067,260.0266587999132,271.68072219122024,265.4746129653033,-4.784485928241736,-1.3654233088133216,-3.4190626194284146
2018-09-24,243.92013549804688,251.90162834681774,242.30538147018265,251.62482463424266,24633374,13.300941081293928,257.2277526855469,269.80672927129837,265.52527244418275,-5.887087063165268,-2.269756059683711,-3.617331003481557
2018-09-25,249.96389770507812,251.8554834519087,240.6444552932612,243.59715939807936,28948831,22.709774203305628,255.79753960503473,268.42045520600817,265.6546331667433,-6.201735559046881,-3.0561519595563453,-3.1455835994905357
2018-09-26,243.4587860107422,252.82435407931007,242.4437920961267,252.82435407931007,23951904,23.7711783889753,253.87521192762586,266.81229291643416,265.74057246189494,-6.896506275778137,-3.824222822800704,-3.072283452977433
2018-09-27,244.8428497314453,247.84167861150485,243.3664975740625,244.0585350079224,24829383,25.394269229615546,251.82986111111111,264.93829926990327,265.787613214231,-7.251840001756136,-4.5097462585917905,-2.7420937431643457
2018-09-28,244.9812469482422,252.36297943632482,242.21309726521122,245.81168622133654,33803139,25.6106444570067,249.25137837727866,263.1873350597563,265.9278298172296,-7.436553085991505,-5.0951076240717335,-2.341445461919772
2018-10-01,252.68592834472656,253.93160129683503,243.68944214260534,244.98123965776182,17711738,36.71638497674598,248.07748074001736,261.6121230352493,266.3303874894684,-6.881905811687233,-5.452467261594834,-1.4294385500923985
2018-10-03,250.70211791992188,257.1611342857446,249.6871240020487,252.22459471719333,19714943,39.45468424020374,247.8621826171875,259.99077787853423,266.5592579561121,-6.5271795103028865,-5.667409711336445,-0.8597697989664415
2018-10-04,250.37918090820312,251.6248540787074,245.1658372114337,247.24194977591455,17754204,40.69477211150844,247.84680853949652,258.31011672247024,266.7727502561083,-6.200637588383302,-5.774055286745817,-0.42658230163748456
2018-10-05,238.3838348388672,250.0561939814636,236.21544523710213,250.0561939814636,36628643,30.95407999053836,246.59088643391928,256.2010505312965,266.7392790551279,-6.8310310671867,-5.985450442833994,-0.8455806243527064
2018-10-08,245.21192932128906,247.74939989752065,238.38383231160816,239.67562988223833,21100804,32.89831003979063,246.73441908094617,254.85432506742933,266.81617228190106,-6.7023912862589725,-6.12883861151899,-0.5735526747399824
2018-10-09,242.6283416748047,247.4264511080836,239.9063164362248,247.28804924964712,16010883,34.09252211642557,245.9193572998047,253.3779783703032,266.75465811935123,-6.731322765465279,-6.249335442308249,-0.4819873231570302
2018-10-10,257.114990234375,258.77589710850145,241.01360150317515,241.3826825332885,31772330,53.25723645222595,247.43671332465277,252.59586515880767,266.9681495217716,-5.521649563333938,-6.103798266513387,0.582148703179449
2018-10-11,241.89015197753906,250.5175578521445,240.45995250573367,247.28804973987008,46291120,44.726446385670386,247.10863579644098,251.29966808500745,266.79265220492493,-5.725492134137198,-6.02813704003815,0.3026449059009515
2018-10-12,243.3665008544922,247.1957690749847,241.2903885249278,245.44261318405657,42967696,46.16674048243866,246.9292195638021,250.37255786714098,266.3593370026233,-5.702178658010865,-5.962945363632693,0.2607667056218279
2018-10-15,242.85902404785156,245.16581558265608,240.92131352680047,243.9662670891119,21965859,49.312619022248725,245.83734130859375,249.5201430547805,265.9332592534084,-5.659413501370267,-5.902238991180209,0.24282548980994179
2018-10-16,249.41026306152344,249.91777404086992,242.99740016947277,244.15079581470565,33597068,49.64370173112468,245.6938018798828,248.8610600062779,265.4429527731503,-5.038807334804886,-5.729552659905144,0.6907453251002575
2018-10-17,240.96743774414062,253.74706846022542,239.90631927148587,252.59367269449714,21631573,48.4356781091512,244.64805263943143,247.56486220586868,264.857660929362,-5.168656861135418,-5.617373500151198,0.44871663901578085
2018-10-19,240.92132568359375,243.78175296290263,238.15317570214856,239.62952799073489,28474307,47.4955890380897,244.92999606662326,246.50154404413132,264.2425163119447,-5.215167202992006,-5.53693224071936,0.32176503772735376
2018-10-22,240.229248046875,245.44259067565227,239.39880882302012,245.44259067565227,19933462,46.98653230255998,244.37636481391058,245.91056533086868,263.63551270728016,-5.247383297085236,-5.4790224519925355,0.2316391549072998
2018-10-23,235.8925018310547,238.9836081865181,235.29274165081898,238.06089155259332,20206307,38.87529687465886,243.62793816460504,245.2141345796131,262.84668088426776,-5.558775851872298,-5.4949731319684885,-0.06380271990380937
2018-10-24,235.93862915039062,241.567191899361,233.2627566723025,240.13699244907744,25636533,39.962328386253965,241.27500915527344,244.5594438825335,261.8913975135953,-5.7357168325490875,-5.543121872084609,-0.19259496046447833
2018-10-25,230.26394653320312,235.29274954081473,229.20281392088393,234.83139120838175,33066232,37.2514349330674,239.98320855034723,243.90914916992188,260.90535780962773,-6.261662746045317,-5.686830046876752,-0.5748326991685655
2018-10-26,228.9259796142578,232.98592676568663,228.28006677147576,232.5245684948635,20543437,43.069621994018554,238.37870619032117,242.90734354654947,259.80895248113893,-6.709103056466205,-5.891284648794643,-0.8178184076715622
2018-10-29,247.19577026367188,248.44144329921568,229.20279665425792,230.67914883864037,37768359,51.24493529569139,238.8605668809679,243.08529517764137,258.9133740593405,-5.525785492239152,-5.818184817483544,0.2923993252443928
2018-10-30,252.0400390625,257.5302142138523,245.44262086285144,246.8266957925292,33401683,55.7432419220486,239.15276421440973,243.42801847912017,258.3470791087431,-4.149275525006715,-5.484402958988179,1.335127433981464
2018-10-31,259.6524658203125,260.89813895909464,247.84170368455767,253.7470847524351,28137370,51.690232235160764,241.2288784450955,244.12664794921875,258.11640032599956,-2.4162689942155566,-4.870776166033655,2.454507171818098
2018-11-01,263.8046875,266.6651147782256,257.2995463096986,261.128814817432,29144808,67.12332327610977,243.77147420247397,244.65611267089844,257.9535681032667,-0.6997331566779792,-4.036567564162519,3.33683440748454
2018-11-02,263.2972106933594,270.1714330749703,261.31337545998383,265.65012696751296,27760214,65.81264271496619,246.33458116319446,245.25587899344308,257.82058865416286,0.6126227902268795,-3.1067294932846394,3.719352283511519
2018-11-05,272.1552734375,276.81498102105735,261.5901570648992,264.31218230857,44619891,70.52362223157682,250.36377800835504,246.29283578055245,257.6912276324104,2.3404665254800534,-2.017290289531701,4.357756815011754
2018-11-06,264.3121643066406,275.24633278500073,261.9592202327717,273.2163732912163,40688243,60.253992932951235,253.51639302571616,247.52751813616072,257.30766715255436,3.041857139236839,-1.0054608037779929,4.047317943014832
2018-11-07,264.4044189453125,266.5728084926431,263.8508115366959,266.5728084926431,3312160,68.22093755442083,257.3097788492839,248.44144621349517,256.9376756256702,3.5640740056442155,-0.0915538418935512,3.6556278475377666
2018-11-09,261.3594665527344,265.2810119467295,260.62130456572993,264.819653665083,19201007,65.18161024806352,260.9134996202257,249.33340454101562,256.5902994193283,3.689699861049519,0.6646968986950629,3.025002962354456
2018-11-12,256.4690856933594,261.77470604943403,255.45409181951263,261.77470604943403,24044907,61.35486748134539,261.94386800130206,249.30264718191964,256.1832188624962,3.3559609628437386,1.202949711524798,2.1530112513189406
2018-11-13,256.5613098144531,258.08381455634475,252.22455918942566,254.94655595044796,25633628,65.3635006910763,262.4462314181858,250.0012737455822,255.6413481469248,3.063596958663254,1.5750791609524892,1.4885177977107649
2018-11-14,261.68243408203125,265.4655777838249,256.51521547658695,258.7297296906128,52674807,67.79338510370104,262.6717834472656,250.8734610421317,255.24783714144837,3.2081467891700868,1.901692686596009,1.3064541025740777
2018-11-15,263.34332275390625,264.8657995742157,259.42177704388763,261.91312322917736,18445463,74.20661258164563,262.62052069769965,251.8489038376581,254.80818894330193,3.4173305471336164,2.204820258703531,1.2125102884300856
2018-11-16,268.41827392578125,269.2487132977533,260.7597368211483,263.8046905714052,24805910,77.40079762090033,263.1895277235243,252.7540472121466,254.4879518396714,3.947116427657704,2.5532794924943656,1.3938369351633386
2018-11-19,265.88079833984375,270.81733807281626,263.94308773374235,270.81733807281626,13799970,66.58479067718883,262.49236382378473,253.94039771670387,254.09986817603018,4.11478974682359,2.8655815433602108,1.249208203463379
2018-11-20,261.54400634765625,266.24983802723676,260.6674143984393,263.8046449045174,12900924,58.51238648365561,262.1847907172309,254.92243012927827,253.68555016611137,3.8533106243223756,3.0631273595526443,0.7901832647697313
2018-11-21,264.8658142089844,267.1726059305713,261.1749474544452,261.54405665716206,16167419,55.05819121349096,262.2360568576389,256.0955999465216,253.51638644349342,3.869523213872469,3.2244065304166094,0.6451166834558597
2018-11-22,260.85198974609375,264.86578436209027,259.83699587115626,263.8508186462282,12066797,47.12746463736,262.1796705457899,257.2841469900949,253.26580541274126,3.5179371292851442,3.2831126501903167,0.2348244790948275
2018-11-26,264.2660217285156,265.05033644991266,257.9915602754898,262.14378486739446,16846820,50.892060309189134,263.0459967719184,258.63307044619603,253.0839751000498,3.4747319262342558,3.3214365053991046,0.15329542083515113
2018-11-27,267.0341796875,268.0491735841778,262.09764022203467,262.60515124991167,21242956,44.6889815863933,264.20964898003473,260.384033929734,253.0432670443666,3.622105328820112,3.381570270083306,0.24053505873680603
2018-11-28,262.5589904785156,269.8484739573237,261.1287910491205,267.03417150463537,19837609,48.0452550273912,264.30704413519965,261.98560587565106,253.0378391041475,3.3392961166954933,3.3731154394057437,-0.033819322710250344
2018-11-29,264.2660217285156,267.2648506004468,262.28218672197625,266.94189416703915,27919104,49.851053920779734,264.40956624348956,262.79847499302457,253.10658982220818,3.2158407240999622,3.3416604963445877,-0.12581977224462548
2018-11-30,262.6512756347656,268.41825440840387,261.3133534547272,266.4805439086462,17583510,51.434430951448256,263.76878865559894,263.30377197265625,253.09483038210402,2.9536570019200212,3.264059797459675,-0.31040279553965355
2018-12-03,264.6351318359375,265.6501258129747,261.3594988945358,264.54288269545276,15772176,59.69330349347984,263.63038126627606,263.5410417829241,253.02517430922563,2.8728388310528885,3.185815604178318,-0.3129767731254294
2018-12-04,260.71356201171875,265.6962541397115,260.11380185826056,265.6962541397115,11897307,54.51808649186411,263.5381096733941,263.3938453311012,252.97542048435585,2.4639490664067125,3.041442296623997,-0.5774932302172844
2018-12-05,258.4990539550781,261.3133565251269,255.63862681792867,260.62131906415897,14893748,46.302250347927995,262.83069186740454,263.1653616768973,253.09030779670266,1.938858732705114,2.8209255838402205,-0.8820668511351064
2018-12-06,254.34683227539062,257.66861776015696,253.8393493948205,256.51522197788233,11083451,40.1215980655828,262.10789659288196,262.31734066917784,253.1653918098001,1.1741365568361175,2.4915677784394004,-1.3174312216032829
2018-12-07,254.11614990234375,255.9154585635473,251.07119633931225,255.59250211678304,10165275,32.426323241777354,260.9801330566406,261.8318161737351,253.2522352630017,0.5432127647089828,2.101896775693317,-1.5586840109843343
2018-12-10,253.00892639160156,255.03888620396455,249.27190692041307,250.0562217347918,11947887,33.60757326613424,259.4217715793186,261.2891736711775,253.4304468491498,-0.045616728722848165,1.672394074810084,-1.7180108035329322
2018-12-11,259.5140380859375,261.35947124565973,247.61099983754423,247.61099983754423,30927239,47.55012054564861,259.0834435356988,261.2012961251395,253.61770450367646,0.012495760344222617,1.3404144119169117,-1.327918651572689
2018-12-12,263.20489501953125,263.7585305795204,260.3906208149416,261.8208201990955,21765939,48.01320756094533,258.9655405680339,261.5220489501953,254.00488311169195,0.3523104201524916,1.1427936135640278,-0.7904831934115362
2018-12-13,266.6650695800781,271.2786520987646,263.6662409429319,267.5877860838154,24097152,57.04694982271918,259.4115176730686,262.00318036760603,254.43276977539062,0.8905573644885862,1.0923463637489395,-0.2017889992603532
2018-12-14,266.84967041015625,268.32599454483875,264.86580705590563,266.20375748192424,12156361,53.39811319845935,259.65757751464844,262.24923924037387,254.8615623922909,1.3168380011742329,1.1372446912339982,0.1795933099402347
2018-12-17,267.12646484375,268.9257735389708,265.09647699063305,266.94191025380235,12728014,50.12988920759851,260.370122273763,262.4293888636998,255.14471016678155,1.6578923237510708,1.2413742177374127,0.416518106013658
2018-12-18,270.12530517578125,271.27870101342336,264.81968432262755,265.6039991240398,13606582,61.11117584422941,261.66192796495227,262.51067606608075,255.52555697571998,2.1454304967155053,1.4221854735330313,0.7232450231824741
2018-12-19,277.46087646484375,278.6603967102316,271.92457719245505,271.92457719245505,26124125,66.62793971055157,264.2301550971137,263.0621083577474,256.0565706140855,3.0881292764080968,1.7553742341080445,1.3327550423000523
2018-12-20,271.3247985839844,278.33745021084064,270.494359295334,275.2924967660976,19222232,59.812101640356204,266.14222717285156,263.52786036900113,256.70247186398973,3.3020308907834988,2.0647055654431354,1.2373253253403633
2018-12-21,269.3409729003906,273.5854749393595,268.3259789972995,270.9557269683295,15777301,55.32358339052754,267.95689900716144,263.74096316383,257.17559036554076,3.2737337433460993,2.3065112010237283,0.967222542322371
2018-12-24,270.402099609375,272.20140831781856,267.7262269899305,270.8173333602703,12048877,61.71879094991625,269.1666836208767,264.1957303001767,257.7201738544539,3.298904391018141,2.504989839022611,0.7939145519955297
2018-12-26,271.4170837402344,272.2013984863322,264.95806750496547,270.21756341731486,12684324,66.0919828625085,270.0791490342882,264.5362570626395,258.00060706045116,3.3619980269435246,2.6763914766067938,0.6856065503367308
2018-12-27,269.5716552734375,274.6004721230124,268.9718951014246,273.770032795681,15304564,70.12199352078318,270.40210300021704,264.65708923339844,258.5433816348805,3.2259033280870995,2.786293846902855,0.43960948118424437
2018-12-28,272.0168151855469,274.1390800485386,270.86341955101,270.9095722718354,12876558,72.35025376842297,270.97623019748266,265.10746183849517,259.10515250411686,3.2775694877486217,2.8845489750720086,0.3930205126766131
2018-12-31,273.0318298339844,275.20021942438217,272.6627488345513,274.2313782809859,9526067,75.05771661058273,271.6323818630642,265.5248812720889,259.69677614698224,3.3616672829400045,2.979972636645608,0.38169464629439664
2019-01-01,276.4458923339844,277.46088620135475,271.14027201176316,274.50818188883636,11837127,72.96622019337518,272.3346693250868,266.1817677815755,260.22688652487363,3.661593136347051,3.1162967365858965,0.5452963997611544
2019-01-02,271.1864318847656,279.12180111863177,270.44826979006695,275.9845699775439,25559853,60.38421009583812,271.6375088161892,266.49373445056733,260.81941582174863,3.4352921237071996,3.1800958140101576,0.255196309697042
2019-01-03,268.602783203125,272.70885480026885,267.6800666879367,272.20137198054465,17548347,52.57986216356557,271.33506266276044,266.8694116501581,261.36218949860216,3.0127391036025983,3.1466244719286456,-0.13388536832604725
2019-01-04,274.6466064453125,275.89227956009165,268.9719046547382,269.52554027898196,19514041,58.97978607941605,271.9245775010851,267.63834272112166,262.0370396632774,3.1294741857623762,3.143194414695392,-0.013720228933015832
2019-01-07,273.40093994140625,278.199077922102,272.3859741246745,277.7838441541094,14579399,57.06860606794047,272.2577819824219,268.5456811814081,262.7724992340686,3.0859003645131224,3.1317356046589384,-0.04583524014581597
2019-01-08,281.70538330078125,282.35129622243744,271.9707338613184,272.93957508472516,22949961,61.652722723325226,273.4009263780382,269.8594542003813,263.6698865703508,3.6790570931766524,3.241199902362481,0.4378571908141713
2019-01-09,281.70538330078125,283.36629017400685,277.5070337872486,282.35129622243744,21109911,55.01090203730471,274.7491183810764,271.2259521484375,264.6785421932445,4.101854449329835,3.4133308117559524,0.6885236375738826
2019-01-10,281.93603515625,283.73534372152864,280.0444774617364,281.52082959746826,16295468,64.55695990555176,275.8512539333767,272.29366629464283,265.717955047009,4.404760737358117,3.6116167968763855,0.7931439404817318
2019-01-11,279.35247802734375,282.53586187295485,277.6915992482032,281.7976716251645,12702551,63.51188715910036,276.5535481770833,273.0625988188244,266.34847872864964,4.385788049748328,3.766451047450774,0.619337002297554
2019-01-14,277.1840515136719,280.13675579616194,276.3997367987222,277.7376870865231,10372933,58.88752648489372,276.63556586371527,273.5635027204241,266.8414985806334,4.147963025034642,3.8427534429675476,0.30520958206709414
2019-01-15,278.33746337890625,280.13677205533617,277.8299805004653,278.66041982840346,9444374,59.03614745887118,277.4301249186198,274.11054048084077,267.20787108178234,4.006372706886964,3.8754772957514314,0.1308954111355325
2019-01-16,279.7215576171875,282.9510660168956,278.7527163609065,279.5831557461586,12111480,63.41464595130923,278.6655442979601,274.71030680338544,267.51996657427617,3.960195528407553,3.892420942282656,0.06777458612489706
2019-01-17,274.4158935546875,280.82878477576907,272.75501504516416,280.4135510688511,15974634,52.94785558346265,278.6399095323351,274.9146205357143,267.737979963714,3.4556425371098953,3.805065261248104,-0.34942272413820863
2019-01-18,272.1552734375,276.67657916236203,271.5093605514871,275.66158526680294,9082501,48.95492607019747,278.50150214301215,274.66197277250745,267.737979963714,2.8406225768918603,3.612176724376855,-0.771554147484995
2019-01-21,269.8484802246094,273.816150330554,268.9257636270338,273.03183559079963,10188647,41.92092836225621,277.18406846788196,274.5916718982515,267.8465351777918,2.14237987225232,3.3182173539519484,-1.1758374816996282
2019-01-22,267.8185119628906,270.3559827911351,265.9269540636487,270.3559827911351,11297989,45.52147468310253,275.6410827636719,274.5191737583705,267.9134781781365,1.4089742466312032,2.9363687324877996,-1.5273944858565964
2019-01-23,264.4967041015625,270.3098354966425,263.43558565804744,268.0030440285335,10304608,44.6450262280206,273.70337931315106,274.2379644484747,267.9749926398782,0.5533244912194846,2.4597598842341366,-1.906435393014652
2019-01-24,265.78851318359375,267.4955445756152,263.43559704802146,264.4967155374153,11532528,36.813177826883376,272.1962721082899,273.96993727911087,268.15772651223574,-0.020311766348072524,1.963745554117695,-1.9840573204657674
2019-01-25,263.34332275390625,268.51054155656976,261.3133630465193,267.21874389567313,11121223,35.543766810950615,270.65841335720484,273.67335001627606,268.2907071581074,-0.6645683355700953,1.4380827761801371,-2.1026511117502324
2019-01-28,259.83697509765625,264.45055765209236,255.86927720539728,263.5739657031202,18905470,13.53848439640241,268.60280354817706,273.0933576311384,268.2545216878255,-1.4414629725181953,0.8621736264404706,-2.303636598958666
2019-01-29,258.9142761230469,263.8969399874993,255.1772571054012,259.283357120585,17435611,13.134358713111851,266.29088338216144,272.4210931687128,268.16767763624006,-2.1073197946257096,0.2682749422272345,-2.375594736852944
2019-01-30,265.23486328125,267.03414352073224,258.5912933655881,259.46788528469364,18908654,27.4314444825675,265.2707689073351,271.8872346423921,268.1052578196806,-2.100781066623938,-0.20553625954299995,-1.895244807080938
2019-01-31,270.9557189941406,272.0168374328852,265.7423759314669,267.5878090976576,25546487,39.54020943530931,265.13748508029516,271.8762483142671,268.2047660678041,-1.6153530483107374,-0.48749961729654745,-1.12785343101419
2019-02-01,262.4206237792969,279.30635628031166,260.206109331694,273.9545825262691,60015958,34.1270341248686,264.31216769748266,271.5818597702753,268.22195464489505,-1.8974856659353918,-0.7694968270243163,-1.1279888389110755
2019-02-04,262.0054016113281,263.1587974131757,256.3768244664965,260.5751739215908,20642919,32.157286363469666,263.666266547309,270.97989763532365,268.1658681233724,-2.1300291072064965,-1.0416032830607524,-1.088425824145744
2019-02-05,262.6512756347656,264.81966528546883,261.12879887034035,262.2360700585093,13291133,31.04503912246399,263.46121893988715,270.468008858817,268.20114823883654,-2.2364247119485867,-1.2805675688383193,-0.9558571431102674
2019-02-06,266.71124267578125,267.35715560956504,261.59017641177456,263.7585662219594,12149759,41.20128865332661,263.5637444390191,269.7540021623884,268.2490937476065,-1.970424755560714,-1.4185390061827983,-0.5518857493779157
2019-02-07,265.1887512207031,271.27868655059297,264.4505891875975,267.0341844625439,19733315,41.90780644159578,263.768792046441,268.96749587286087,268.2129088757085,-1.8610175581626436,-1.5070347165787674,-0.35398284158387616
2019-02-08,263.8969421386719,265.7423753004808,260.3906303948651,263.52786113812516,19781908,42.919846358269865,264.2198994954427,268.1084914434524,268.23914322198607,-1.857141788304375,-1.577056130923889,-0.28008565738048596
2019-02-11,258.8219909667969,263.85080740250874,258.36063269412875,263.85080740250874,15420017,40.020433200091,264.2096455891927,267.13084920247394,268.1323975207759,-2.237780617216856,-1.7092010281824828,-0.5285795890343734
2019-02-12,254.11614990234375,260.39063977394164,253.42411244173874,258.9604121265788,15326106,38.82820095115479,262.97423299153644,266.0323776971726,267.9650421142578,-2.885894877293026,-1.9445397980045915,-0.9413550792884346
2019-02-14,246.45762634277344,247.61102217163415,243.2742425914867,247.28806570773756,26372671,31.703056844240947,260.2522226969401,264.5142902192615,267.6086204379213,-3.971725366409089,-2.3499769116854914,-1.6217484547235976
2019-02-15,242.6283416748047,248.07236399288846,241.10583675477557,248.07236399288846,23366091,30.893605019538782,258.05308024088544,262.7479466029576,267.25400827445236,-5.08265543405696,-2.8965126161597854,-2.1861428178971747
2019-02-18,239.86019897460938,244.9812650019805,238.79905232398715,243.96627107825483,14781744,31.32011033308241,255.59250217013889,261.10243733723956,266.88854052973727,-6.115940740246174,-3.540398240977063,-2.575542499269111
2019-02-19,242.58218383789062,246.82668574798888,240.18311509226334,240.7367506734197,19064306,35.22534271838013,253.36260308159723,259.6941949753534,266.6578611486098,-6.638659031041584,-4.160050398989967,-2.4786086320516167
2019-02-20,247.01124572753906,247.56485316172146,243.8739867521001,244.0585413362116,15514595,32.93000820695359,251.17371453179254,258.6067076183501,266.518549302045,-6.6192264411110955,-4.651885607414193,-1.9673408336969027
2019-02-21,247.28807067871094,250.05622072362186,246.64215773793367,249.41030778284463,13760702,25.312807081264097,249.18475002712674,257.62906755719865,266.4063756606158,-6.506485795446849,-5.022805645020725,-1.4836801504261246
2019-02-22,250.0100860595703,250.88664997628908,246.9189796690673,247.1957833987517,12536918,35.268340199825616,247.64176601833768,256.9392286028181,266.22002366009883,-6.126867415379877,-5.243617999092555,-0.8832494162873221
2019-02-25,249.2718963623047,250.425292170162,247.19578390816156,250.33301487371796,20793897,34.99998022772627,246.58064439561633,256.15272303989957,265.94682760799634,-5.818510684164806,-5.358596536107005,-0.45991414805780106
2019-02-26,245.76556396484375,247.47259525055816,242.9051369670352,246.18076952575265,15274303,31.364578786556095,245.65280151367188,255.31568690708704,265.5370333802466,-5.790320266239178,-5.44494128213344,-0.34537898410573753
2019-02-27,246.96511840820312,251.62485462516025,245.9501244093258,247.28807488408395,20571652,26.7391673221468,245.70918952094183,254.70274135044642,265.14714020373776,-5.606556247981132,-5.477264275302979,-0.1292919726781525
2019-02-28,248.2568817138672,249.87163571018988,246.96508414862402,247.0112368725354,31636468,29.945329118705402,246.33458285861545,254.19524637858072,264.7771483776616,-5.295642565441312,-5.440939933330647,0.14529736788933434
2019-03-01,251.8555145263672,253.3779913286369,249.22576650840494,249.6409720949821,20024726,36.476719098890065,247.66739569769965,253.55813453311012,264.41891718845744,-4.70462959760593,-5.293677866185704,0.5890482685797744
2019-03-05,255.08502197265625,256.3768196144623,250.24075969657602,250.70211800858365,21533972,45.62166224731764,249.05659993489584,252.8023870558966,263.98017494351257,-3.9303467114485215,-5.021011635238268,1.0906649237897463
2019-03-06,256.6075134277344,260.7135857436928,255.08503654296152,255.8693231909112,22161376,53.15423882839136,250.1228519015842,252.52557227725075,263.69160072476257,-3.1574722348636897,-4.648303755163353,1.490831520299663
2019-03-07,259.97540283203125,260.66744028411296,256.192259128836,257.8531659092777,14899105,69.20047317333463,251.53255547417535,252.4289056687128,263.5079620959712,-2.2472976669987474,-4.168102537530432,1.9208048705316845
2019-03-08,259.4679260253906,262.28220046596823,257.99157379464634,260.0676861993902,19943319,76.4110011156959,252.5834265814887,252.2773175920759,263.29356653550093,-1.5490701848195272,-3.644296066988251,2.095225882168724
2019-03-11,265.14263916015625,266.66511602467534,261.5901743702265,263.25105310259676,22931245,86.33950707178462,254.34684244791666,252.20262218656995,263.17053821040133,-0.5316889708251722,-3.0217746477556355,2.4900856769304633
2019-03-12,264.7273864746094,267.49553627007566,263.66626801816244,266.849651546579,20828136,84.09083008000601,256.4537116156684,252.18065243675596,263.07555254767925,0.23833813611622645,-2.369752090981263,2.6080902270974895
2019-03-13,270.4943542480469,271.64774994939376,262.69741620238705,265.83464687823556,23725641,84.72023502540979,259.06807115342883,252.49481491815476,263.0457003724341,1.2989626361750766,-1.6360091455499952,2.934971781725072
2019-03-14,269.3409729003906,271.92459630453857,268.27985443041746,271.7400417188579,16164017,81.7818576366364,261.4107479519314,252.99571881975447,262.97333062863817,2.023125625454611,-0.904182191349074,2.927307816803685
2019-03-15,275.338623046875,278.01449550878715,269.89460083283126,269.98687812305076,37928480,83.35352712136246,264.01998223198785,254.00631277901786,262.9516194661458,3.0458792540916875,-0.11416990226092161,3.160049156352609
2019-03-18,275.8461608886719,277.6454415070862,271.8784622959924,275.8000081595362,23782967,85.20781975948469,266.3267754448785,255.40576680501303,263.04298670151655,3.8529584291035235,0.6792557640119674,3.173702665091556
2019-03-19,279.6292419433594,282.9049026232781,276.03065299504806,276.9533695540548,27218691,94.53883543856692,268.88474527994794,257.16771443684894,263.25919177485446,4.743161303585225,1.492036871926619,3.251124431658606
2019-03-20,280.3212890625,281.10560379661007,276.8611018464928,279.3985724715647,18820555,94.46494314830258,271.14539930555554,259.0944330124628,263.370460061466,5.441766615847541,2.2819828207108035,3.159783795136738
2019-03-22,275.0156555175781,282.7203443153822,274.00068984333,280.78263393523474,17865957,82.22220098978283,272.8729248046875,260.63888404482884,263.4021211511949,5.503851103457066,2.926356477260056,2.57749462619701
2019-03-25,271.2786865234375,272.6166368872688,269.6178078695777,271.2786865234375,16895511,73.31120120398393,273.55470784505206,261.7944764636812,263.19767611634495,5.1916650574252685,3.379418193293099,1.8122468641321694
2019-03-26,280.0445251464844,281.4286002295807,271.97075382842263,271.97075382842263,18303791,76.44187154755524,275.25661214192706,263.3543076288132,263.1651102701823,5.587179754168517,3.820970505468183,1.766209248700334
2019-03-27,284.93487548828125,286.8264614181874,280.8288035040442,281.6592428141873,35956450,78.01095655942066,276.8611145019531,265.01739283970426,263.22391106100645,6.223497794504738,4.301475963275494,1.9220218312292436
2019-03-28,294.34661865234375,313.4007123157347,285.16557649344344,286.13444589542627,63244736,80.35862922598537,279.6395195855035,267.16380818684894,263.5179138183594,7.401908844385673,4.92156253949753,2.480346304888143
2019-04-01,297.8067626953125,302.32806810054507,296.2381333167889,296.93017072041863,22372357,82.18434650728466,282.135979546441,269.64196050734745,263.9222807042739,8.51683601402334,5.640617234402693,2.8762187796206478
2019-04-02,303.57373046875,305.41916348071805,297.2069922092747,298.63719152992076,27897583,82.21189853524378,285.2168206108941,272.3376087007068,264.4171094707414,9.753339504765563,6.463161688475267,3.2901778162902957
2019-04-03,295.73065185546875,306.757125801385,294.807935313018,305.4191755512017,30552104,73.10869318959858,287.005866156684,274.5982644217355,264.7310132793352,9.985302185002524,7.167589787780718,2.817712397221806
2019-04-04,296.9302062988281,300.57494832495667,293.70069802826066,296.653402567839,27832294,71.14395315891271,288.8513014051649,276.7446783156622,265.17247039196536,10.14893766289208,7.763859362802991,2.3850783000890896
2019-04-05,292.5472717285156,298.68335933036207,290.65571405937806,298.68335933036207,23117232,67.64911218762242,290.7992587619358,278.5285949707031,265.5723134957108,9.811848881693493,8.173457266581092,1.6383916151124005
2019-04-08,288.625732421875,294.5772655741607,287.0571311451162,293.65454900227616,17394139,60.43477927423985,292.7267083062066,280.0532720656622,265.9404949113434,9.123102696672618,8.363386352599397,0.7597163440732206
2019-04-09,290.4250183105469,291.3016102489815,284.2889592187232,289.68685637433987,25556039,61.22155500704225,293.8800964355469,281.50325375511534,266.38375974168963,8.623052534893077,8.415319589058134,0.20773294583494284
2019-04-10,286.8725891113281,292.5472906447439,286.04214979213396,290.51733099327777,19237974,55.5951747835008,294.09539794921875,282.80823771158856,266.82250258501836,7.8496222721948925,8.302180125685487,-0.4525578534905943
2019-04-11,290.5634460449219,291.02480433592973,284.8426201318699,286.96485700687583,14897935,57.561318061775644,293.67504543728296,284.0187523251488,267.30828558229933,7.448631340029181,8.131470368554226,-0.682839028525045
2019-04-12,290.88641357421875,291.94753205219047,287.1494225381647,290.2866534048501,14751964,62.64709873507856,292.90611775716144,285.2644202822731,267.84834618661915,7.075343759159182,7.920245046675217,-0.8449012875160351
2019-04-15,291.2093505859375,294.06977754017885,289.50231932622296,291.11707329856046,13864791,66.79626941598008,291.5322977701823,286.2508486793155,268.46349080403644,6.72801263822538,7.68179856498525,-0.9537859267598705
2019-04-16,291.3477478027344,294.7156575453613,290.37890669837395,292.1320624943507,14940726,61.14646192885458,291.04530843098956,287.2987903413318,269.0994412291284,6.390254841247042,7.423489820237609,-1.033234978990567
2019-04-18,286.7803039550781,291.393886889742,284.242833341013,291.393886889742,15691168,51.83149883606191,289.91754150390625,287.84363228934154,269.52190085018384,5.688451874670477,7.076482231124183,-1.3880303564537062
2019-04-22,286.0882568359375,288.1643690862972,282.6742224752352,284.93486114129325,15665440,40.0885187827715,289.19987318250867,288.3313511439732,269.8186172784543,5.018574545202682,6.664900693939884,-1.6463261487372014
2019-04-23,281.6592102050781,289.50230041553897,281.0594501149163,286.08823811912106,17324274,31.060582740286762,288.42581515842016,288.4280162992932,270.1958444632736,4.083235885805209,6.148567732312949,-2.06533184650774
2019-04-24,286.7341613769531,287.8414324753448,280.1367438266433,282.21285601682234,15228591,29.9230028663804,288.0157199435764,288.73339117140995,270.68072210573683,3.708727503853595,5.660599686621079,-1.9518721827674836
2019-04-25,282.53582763671875,287.88757252907794,281.79763747837853,286.9648559504591,30842477,32.77110814998056,287.53385755750867,289.09149460565476,271.0706152822457,3.0381347409514206,5.136106697487147,-2.0979719565357264
2019-04-26,288.3489074707031,289.2716239746094,282.90488572947083,283.18168941701356,14987906,39.99994309905317,287.28779771592883,289.9043622698103,271.49488321940106,2.941840400750948,4.697253438139907,-1.7554130373889594
2019-04-30,285.9959716796875,287.887529116988,281.4285140406453,287.887529116988,18178758,41.98642261315049,286.7444152832031,290.18776448567706,271.9028679342831,2.645172288766503,4.286837208265227,-1.6416649194987238
2019-05-02,284.3351135253906,287.33394246344324,282.0283220345809,284.2428362339431,16640100,44.44444444444444,285.98061116536456,290.1592043922061,272.3036163928462,2.250105484575272,3.879490863527236,-1.6293853789519641
2019-05-03,286.0421447753906,287.70302338464967,284.9348735965007,285.11942817934096,12452689,44.31140143797353,285.39109971788196,289.7637532552083,272.8373448988971,2.0511114159402837,3.5138149740098457,-1.462703558069562
2019-05-06,284.88873291015625,286.3189322894763,282.2589851284015,283.08942438604134,10639216,47.254124916259826,285.1809251573351,289.1486089797247,273.4407288794424,1.779819829715393,3.167015945150955,-1.3871961154355619
2019-05-07,281.8437805175781,289.17936017007554,280.2751511241998,286.6880423888606,15219845,37.711301649124856,284.70931667751734,288.11384945824034,274.1345750397327,1.3040844094222166,2.7944296380052074,-1.4903452285829908
2019-05-08,275.2001953125,281.70533535466507,273.81612056658633,280.459690610601,22103678,31.236137171727506,283.9916483561198,287.1362086704799,274.77323883655026,0.38652325853763614,2.3128483621116933,-1.9263251035740572
2019-05-09,276.1690979003906,277.737727558873,273.2164213467072,274.6004964009873,12654440,32.282647067916656,282.81775241427954,286.14758446103053,275.4851780311734,-0.25947713196512723,1.7983832632963295,-2.0578603952614567
2019-05-10,284.24285888671875,286.7342051589718,269.8485013641664,278.47587970009425,60739833,42.94874862420443,283.0074225531684,285.75213623046875,276.302054012523,-0.1185850842250602,1.4149895937920516,-1.5335746780171118
2019-05-13,283.1817321777344,289.91758056881355,281.7053799167391,286.0421594035857,40101505,46.161443467572234,282.4332919650608,285.4928981236049,277.0112792370366,-0.09149646424253888,1.1136923821851337,-1.2051888464276725
2019-05-14,290.332763671875,292.27047410438206,281.52083167521505,284.0583022475499,30521436,53.97924944610258,282.91515774197046,285.48850504557294,277.8552928251379,0.5012221630739759,0.9911983383629022,-0.48997617528892623
2019-05-15,287.9798583984375,293.3316034502393,286.9648644999024,291.7630021152997,27932459,56.16565996957582,283.32012939453125,285.5412321544829,278.59979816511566,0.7721947733403454,0.9473976253583909,-0.17520285201804553
2019-05-16,291.3477478027344,292.59342076482216,285.6268939852585,288.3489190446698,18147559,54.65550414868248,283.9096408420139,285.57857985723587,279.42481486002606,1.2443588532554486,1.0067898709378025,0.23756898231764612
2019-05-17,294.5772705078125,297.06861655725663,289.2255255648795,291.2554851615788,25838962,62.39316239316239,284.98614501953125,285.7543349493118,280.3819071451823,1.857732990878901,1.1769784949260222,0.6807544959528788
2019-05-20,318.0604248046875,319.0753905422806,305.4191960606031,306.3419126650158,53207071,72.42342514561832,289.01021660698785,287.03295753115697,281.7759327607996,4.190426085452771,1.779668013031372,2.4107580724213986
2019-05-21,311.4629821777344,320.6901483291598,310.26346184167966,319.1676715459899,33457162,68.0628433172482,293.03941514756946,287.9908258347284,283.01526806401273,5.443988772379612,2.51253216490102,2.9314566074785917
2019-05-22,314.7386474609375,316.1227224030181,307.7721200236859,312.7086596155886,32002499,71.08124590283265,297.3249206542969,289.32217552548366,284.24827067057294,6.6253916548441225,3.3351040628896405,3.290287591954482
2019-05-23,315.753662109375,335.86887465765824,312.9855120435152,325.7189910828389,74413322,70.80103425422297,300.8261210123698,290.7348138718378,285.43785184972427,7.5564589944868885,4.17937504920909,3.377083945277798
2019-05-24,327.8873596191406,329.4098364245817,316.95316193793786,318.291112313097,35703403,76.09182682176072,305.79341295030383,292.9361543201265,286.835495892693,9.167744500746892,5.177048939516651,3.9906955612302406
2019-05-27,333.7466125488281,334.4847745808242,326.64168331479107,327.6105245016704,31374994,80.45477889220838,310.61717393663196,295.1748424711682,288.2819902008655,10.793076746472707,6.300254500907863,4.492822245564843
2019-05-28,332.2240905761719,333.7465954476499,329.0868598623257,333.05455801845994,23501608,85.59904528604268,315.53319973415796,297.5409502301897,289.70858166264554,11.822032431242917,7.404610086974874,4.417422344268043
2019-05-29,321.70513916015625,331.255261667339,320.3210642506827,330.3325450610233,28370210,75.3988493855253,318.906243218316,299.1293422154018,290.8176502900965,11.654351644742576,8.254558398528415,3.399793246214161
2019-05-30,326.2264709472656,327.56442139688426,320.6440462969501,322.7201588269303,25712604,74.38369843682038,322.4228210449219,301.04508027576264,292.02351469152114,11.750840725006128,8.953814863823958,2.7970258611821706
2019-05-31,325.2575988769531,330.24026284495517,318.0142679935519,326.9646302050019,32588069,74.46349448785256,323.2225070529514,302.99377005440846,293.0973038018918,11.615235927865683,9.486099076632303,2.1291368512333797
2019-06-03,327.9796142578125,328.90233082271385,322.6278412859398,325.1191872748034,18380919,73.07690580912801,325.0576883951823,304.9907924107143,294.2470810834099,11.59376632028443,9.907632525362729,1.6861337949217017
2019-06-04,325.165283203125,329.5943392200432,324.2425667194844,326.6416352087644,18130636,72.66584026179078,326.2162034776476,306.90872337704616,295.224074419807,11.22031766815553,10.17016955392129,1.05014811423424
2019-06-06,310.86322021484375,322.5817324231242,309.9405036050288,322.02809682542,41941144,60.49627097545531,325.6728210449219,308.2906014578683,295.9106834262025,9.658957515221232,10.06792714618128,-0.4089696309600477
2019-06-07,315.615234375,316.2611473253646,310.0328096318673,310.95552632720023,29739710,61.13280846269922,324.3092515733507,310.21512712751115,296.61629112094056,8.704674108858114,9.795276538716646,-1.0906024298585315
2019-06-10,317.6912841796875,320.45943371883925,313.8620162823422,319.2599135155028,20500542,49.747438049660495,322.5253261990017,312.192374093192,297.34903612323836,8.02342841468709,9.440906913910736,-1.4174784992236464
2019-06-11,320.2749328613281,321.38217586987423,316.3533873680252,318.38334696323085,16281297,56.37942218231693,321.19764200846356,313.9081871396019,298.23647293390013,7.604356857792936,9.073596902687177,-1.4692400448942404
2019-06-12,317.41448974609375,320.1365148026041,315.8458603645328,320.1365148026041,11564970,51.94889599160714,320.72090318467883,315.53831845238096,299.1410965265012,6.961181607640128,8.651113843677768,-1.6899322360376399
2019-06-13,319.7212829589844,320.5978749406834,313.53907084160227,316.49177505030775,15509948,52.83636558793539,319.9981045193142,316.9377717517671,299.9190721698836,6.561957361880502,8.233282547318316,-1.671325185437814
2019-06-14,317.2299499511719,319.58289413311434,316.0765542224968,318.7985794058002,10347594,41.16295476790806,319.1061435275608,318.33063325427827,300.5523089240579,5.975655876837209,7.781757213222095,-1.8061013363848861
2019-06-17,311.73980712890625,317.1838294054316,310.9093678255508,317.1838294054316,13779496,31.63973168388071,317.30172051323785,319.3016836983817,300.89335183536303,5.010244107840947,7.227454592145866,-2.2172104843049194
2019-06-18,313.769775390625,317.41451730352577,308.0027965151976,309.57142603294443,21957480,34.73284350729715,316.0355529785156,320.21561250232514,301.20635208429076,4.358705356908729,6.653704745098439,-2.2949993881897104
2019-06-19,312.6625061035156,318.5217617810596,309.5714000538752,316.5840514097123,16416903,41.139238613684334,316.2354736328125,319.9585687546503,301.38456337124694,3.7102394937376175,6.065011694826276,-2.3547722010886583
2019-06-20,318.47564697265625,319.49064092220294,309.6637142050756,314.64637849666775,20626861,42.59259583319479,316.5532972547743,320.2925051734561,301.83054366766237,3.623626599119177,5.576734675684857,-1.9531080765656794
2019-06-21,322.3971862792969,323.5967347989115,316.6302073169487,318.1526841311932,24749090,47.412363233195954,317.07617526584204,320.6571974981399,302.329896216299,3.8273019500291525,5.226848130553716,-1.3995461805245633
2019-06-24,325.90350341796875,327.33370283621656,322.62784270273926,322.9507991336879,17919504,48.14815016452418,317.70157199435766,321.14052327473956,302.98393997491576,4.2229668890119,5.026071882245353,-0.8031049932334531
2019-06-25,328.9945983886719,329.40983212977693,324.10421158426936,325.44216194198447,15922634,53.39889191123372,318.9882507324219,321.19324893043154,303.77548636642155,4.73141888286915,4.967141282370113,-0.23572239950096296
2019-06-26,330.4709777832031,331.2552926036347,326.9185128853038,328.2564633530447,15835579,72.53447474026889,320.18266126844617,321.03726632254467,304.5607012580423,5.193633258442219,5.012439677584535,0.1811935808576841
2019-06-27,334.1618347167969,334.94614951414144,329.6405286885042,330.4248434858488,29658120,71.84781538023506,322.0639817979601,321.1295398530506,305.48794136795345,5.791007658412184,5.168153273750065,0.6228543846621193
2019-06-28,333.3313903808594,336.7915778242593,330.97847418297846,334.20798246348505,22708464,68.98100103628018,324.46304660373266,321.6831708635603,306.32652851179535,6.126795373374705,5.359881693674993,0.7669136796997122
2019-07-01,333.6081848144531,334.9461351855744,330.7939103692243,334.7615805967726,12348793,67.14115329990662,326.66731431749133,322.03468104771207,307.16421030081955,6.342136354177569,5.556332625775508,0.7858037284020609
2019-07-02,336.3302001953125,336.7915584946202,332.50093194287376,334.1618105567511,14482172,74.40479284097728,329.29705810546875,322.56194777715774,308.04893284217985,6.655716567761999,5.776209414172807,0.8795071535891923
2019-07-03,337.8526916503906,338.3602026971552,334.94613987011,337.0222523073215,12626285,73.87609970792336,331.45006306966144,323.03209431966144,308.96079448625153,6.947002759234522,6.01036808318515,0.9366346760493718
2019-07-04,339.0060729980469,342.235581096045,337.89882997417874,338.86767113994784,19252646,79.72294793527232,333.29549492730035,323.69117954799106,309.98482917336855,7.188057942574687,6.245906055063058,0.9421518875116295
2019-07-05,342.0049133300781,344.72693865262585,337.71428663173623,340.8976702693546,30019347,94.32430185650169,335.08454047309027,325.17411731538317,311.0812342026654,7.534227381164726,6.5035703202833925,1.0306570608813335
2019-07-08,327.8412170410156,339.9749636105128,326.1803383216792,339.5597298511399,27247892,65.20439354619589,334.95638699001734,325.7563069661458,311.98676374846815,6.5897151019449325,6.520799276615701,0.06891582532923124
2019-07-09,331.7165832519531,332.17794150404205,325.25756772270785,326.18028422688576,16579914,69.4261427984717,335.09478759765625,326.4241783505394,312.86877202052693,6.08376215810739,6.43339185291404,-0.34962969480664974
2019-07-10,326.8262023925781,333.56202171969215,324.15030195940756,332.6854297627469,18681819,58.67687563856283,334.27971733940973,326.7361435663132,313.73721074123006,5.227913804118145,6.192296243154862,-0.9643824390367168
2019-07-11,335.13067626953125,335.86883827683914,329.4098221561307,330.7938970391396,20048321,62.12654825642596,334.4796379937066,327.5797714960007,314.6545003255208,5.160265131728238,5.985890020869538,-0.8256248891412996
2019-07-12,335.499755859375,338.22175288904333,333.56204539951295,334.9461202766894,14661748,59.719634372361064,334.6898125542535,328.3311273484003,315.6251627604167,5.077899841362182,5.804291984968066,-0.7263921436058842
2019-07-15,332.2240905761719,336.7915488724558,329.9634518695963,335.9611095892428,15665939,53.25883041295846,334.2335781521267,329.04513404482884,316.564162310432,4.694194194223087,5.58227242681907,-0.8880782325959835
2019-07-16,336.1918029785156,337.7142797554339,330.00959041881566,330.79390517028156,16251836,55.49643872054307,334.04903496636285,330.20951479957216,317.5474889418658,4.656587691446703,5.3971354797445965,-0.7405477882978939
2019-07-17,343.6196594238281,344.6807778919431,334.9922535012764,335.91497010991134,17545177,58.4780658080471,334.56165568033856,331.6309378487723,318.69907573625153,5.166592937712949,5.351026971338268,-0.18443403362531896
2019-07-18,335.5458984375,344.9114666440004,334.5309045079361,343.2044633977759,21691056,51.75694606866822,333.843987358941,332.72062319800966,319.7520584405637,4.86323044014938,5.25346766510049,-0.39023722495111013
2019-07-19,328.4870910644531,337.76038110755866,327.70277636689445,336.88381728246605,22213173,46.33178013414814,333.91575113932294,333.1973586309524,320.7968995337393,4.007036095317687,5.004181351143929,-0.9971452558262417
2019-07-22,323.7351379394531,331.7627557912677,321.7513028003938,328.48712299136105,19682038,41.23315146023156,333.0289238823785,333.2610706147693,321.7295669854856,2.911491147426034,4.58564331040035,-1.6741521629743161
2019-07-23,315.753662109375,325.7189910828389,314.64639081939964,324.05811230695446,27956145,35.88687060195589,331.7986416286892,332.77774483816967,322.3474258722043,1.3832798981323435,3.945170627946749,-2.5618907298144054
2019-07-24,313.3545837402344,318.0604443436428,310.2634772937451,315.43069622770184,20823143,33.8747253776034,329.3790757921007,332.0329822358631,322.93905041264554,-0.02117995225012237,3.1519005119073746,-3.173080464157497
2019-07-25,314.9231872558594,316.6763714508248,311.32459788554775,315.2922964500066,19857643,32.66390304129028,327.0927903917101,331.2926112583705,323.421215580959,-0.9961681021323443,2.322286789099431,-3.3184548912317755
2019-07-26,316.12274169921875,319.3983746651241,314.1850310302123,314.4618347718939,16139052,41.00568201248835,325.3037516276042,330.43360682896207,323.97303682215073,-1.6530044109501318,1.5272285490895188,-3.1802329600396506
2019-07-29,317.2299499511719,319.7674205542571,310.77093387059125,317.3683799658732,17060483,38.387581925746744,323.19687906901044,329.66687157040553,324.480530981924,-2.060457790512544,0.8096912811691062,-2.87014907168165
2019-07-30,302.2358093261719,319.90585464169294,300.66720801064906,317.78358957846683,24437235,33.03628120205272,318.5986735026042,328.1729489281064,324.630698409735,-3.552320427884581,-0.06271106064163123,-3.4896093672429496
2019-07-31,306.5264892578125,307.4492059284753,298.86792399586443,299.975195264291,22741445,29.110533635245247,315.3742947048611,326.7537245977493,324.40454281077666,-4.3383999306761325,-0.9178488346485315,-3.420551096027601
2019-08-01,292.6395568847656,305.8805454020069,287.2878119995823,305.23463253420965,40853304,23.86044989768962,311.3912353515625,324.60071818033856,324.03545604032627,-6.012623207001809,-1.9368037091191872,-4.075819497882621
2019-08-02,284.6119689941406,297.3454478153887,283.3201431249338,291.16323484388124,64472348,22.553220385736964,307.0442165798611,322.0105227515811,323.4447368547028,-7.896194059135837,-3.128681779122517,-4.76751228001332
2019-08-05,277.0456237792969,279.4446922648205,269.15640912015147,275.3847453749733,48815899,17.262498378413426,302.74332343207465,318.91722324916293,322.6857557109758,-9.885524184822259,-4.480050260262466,-5.405473924559793
2019-08-06,278.10675048828125,280.73649817365356,274.27748260351194,275.707681930414,30442970,10.989013385359456,298.826897515191,316.54891531808033,321.7096653358609,-11.246812332893228,-5.833402674788619,-5.413409658104609
2019-08-07,267.49554443359375,279.07565499347885,266.480550512465,279.0295022667004,30820114,10.66667231122993,293.5571594238281,313.4907706124442,320.4106247845818,-13.03165780559749,-7.273053700950394,-5.758604104647096
2019-08-08,271.6016540527344,272.6627725781604,263.5278832911137,267.58783095657026,32929233,15.958064629239473,288.61037190755206,310.8610302153088,319.22194955863205,-13.953979185755145,-8.609238797911344,-5.344740387843801
2019-08-09,268.83349609375,274.96955605854305,267.6339475779143,273.4009265220951,23377581,16.34617579065163,283.23298814561633,307.70402163550966,318.185250674977,-14.738397663395915,-9.83507057100826,-4.903327092387656
2019-08-13,261.4517822265625,269.018042260979,260.6674674007974,268.41828203859825,24231272,16.46725770718392,278.70142957899304,304.1779276529948,316.91515873927693,-15.773866264475373,-11.022829709701682,-4.751036554773691
2019-08-14,267.3571472167969,268.7412221808182,262.51288484272203,263.02036773256566,18523649,22.77444051229955,274.34928046332465,301.08902558826264,315.7798557655484,-15.934288431177322,-12.00512145399681,-3.929166977180511
2019-08-16,268.41827392578125,270.1714299686285,262.3283382661893,265.69627664214624,20047399,22.3077088025575,271.65802680121527,297.86171468098956,314.6119863472733,-15.79373969689459,-12.762845102576367,-3.030894594318223
2019-08-19,264.6812744140625,269.8023405140066,263.8969596364743,269.4332594889878,19831459,20.266663279928707,269.4435051812066,294.10274396623885,313.426025390625,-15.801745752771524,-13.3706252326154,-2.4311205201561243
2019-08-20,261.77471923828125,265.1887538744044,258.9604166208659,265.0964765795737,23204417,18.599836118093123,267.74673800998266,290.58983067103793,312.4635057636336,-15.859803380341134,-13.868460862160548,-1.991342518180586
2019-08-21,255.9615936279297,263.5278814378113,254.94659967893423,263.4356041407976,28226325,20.758061999762035,265.28616502549914,287.136235555013,311.29382653329884,-16.188276745441215,-14.332424038816683,-1.8558527066245318
2019-08-22,247.79551696777344,256.79200328412486,246.64212128618993,256.79200328412486,27728925,14.619226254438686,263.0972730848524,283.5200631277902,309.9233212938496,-16.91257080500003,-14.848453392053354,-2.0641174129466755
2019-08-23,250.14846801757812,253.97773615522425,242.3976544533754,246.45760173376016,35212444,20.27116934493779,260.71358574761285,280.39600626627606,308.5482925714231,-17.099602012305184,-15.298683116103721,-1.8009188962014626
2019-08-26,258.5451965332031,265.7423745811457,249.1334761698241,265.7423745811457,64066440,31.85613908829093,259.5704413519965,277.7860354468936,307.39399270450366,-16.381444677610602,-15.515235428405099,-0.8662092492055038
2019-08-27,263.6201477050781,265.7423846522118,260.7597205717981,262.05151819870883,45164811,40.31940339890107,259.8113708496094,275.3430335635231,306.29397044462314,-15.227263257200491,-15.457640994164176,0.23037773696368546
2019-08-28,262.8819580078125,264.49671208422296,260.3906400425107,264.49671208422296,18979998,38.9706197717303,259.3141276041667,272.8077581496466,305.228323543773,-14.208346926379534,-15.207782180607248,0.9994352542277145
2019-08-29,253.2856903076172,262.32830113875855,252.17841919564822,261.3133354717068,27083514,39.5522413176833,257.63272942437067,269.7627934047154,304.0821643904144,-14.013646404796077,-14.968955025445016,0.955308620648939
2019-08-30,252.68592834472656,256.46907176409997,246.2269126098703,254.6236386969982,45702652,35.33618535777309,256.29991319444446,267.40327526274183,302.88444189931835,-13.749247846124547,-14.725013589580923,0.9757657434563765
2019-09-03,247.65713500976562,250.97892047134877,246.3192128071106,250.97892047134877,21241863,34.139602092938844,254.73129272460938,264.5999726795015,301.60982677983304,-13.786568696152301,-14.5373246108952,0.7507559147428982
2019-09-04,253.83934020996094,254.53137765428522,246.59600932755166,248.85667624264124,27309675,44.194213822893666,254.4954867892795,262.7523433140346,300.3424482158586,-13.165529417997163,-14.262965572315592,1.0974361543184283
2019-09-05,252.17843627929688,254.99273881325666,250.10232392301592,253.7470657676729,25085139,37.62227759091122,254.98247782389322,261.2078893752325,298.96560998056447,-12.661419420544064,-13.942656341961287,1.2812369214172232
2019-09-06,252.7781982421875,255.59247232363802,251.07116707319335,253.7931638721709,16675146,37.14935507813283,255.27467007107205,260.0522976829892,297.53178046731387,-12.074327506177326,-13.568990574804495,1.494663068627169
2019-09-09,256.5152282714844,257.16114118903636,250.05621173227433,252.77823710885812,18616889,43.290383698228865,255.0491180419922,259.02412995837983,296.11061634736905,-11.178645377129271,-13.090921535269452,1.9122761581401804
2019-09-11,263.20489501953125,263.7585305795204,256.9765583275704,256.9765583275704,20999669,51.10632358926273,255.0029788547092,258.819813319615,294.79167354808135,-9.815859519744492,-12.435909132164461,2.620049612419969
2019-09-12,264.8658142089844,266.4805684140952,262.1899414437592,264.5890104660254,21964832,57.360781433807624,255.22340732150607,258.4990590413411,293.43292804792816,-8.50379317739555,-11.64948594121068,3.145692763815129
2019-09-13,269.15643310546875,269.89459509337627,260.20607116694737,262.97422086021277,27303181,68.86715072140544,256.986823187934,258.5144369942801,292.1745955523323,-7.0366400550106505,-10.726916763970674,3.690276708960024
2019-09-16,262.6974182128906,268.00303847969167,261.8669507743053,265.9269262013782,18267680,60.33433978234765,258.09921095106336,258.5737529936291,290.7841883640663,-6.322220533974473,-9.845977517971434,3.523756983996961
2019-09-17,252.7781982421875,264.3121545744816,251.9016062973039,262.97420437630626,21533362,45.366927986380254,258.668217976888,257.8795173281715,289.14591381596586,-6.481718849526715,-9.17312578428249,2.6914069347557756
2019-09-18,258.729736328125,261.0826806201397,253.1934365714929,255.77706002003393,25478758,46.12572505604134,259.2115953233507,257.4181583949498,287.59448331945083,-6.058049604434132,-8.55011054831282,2.4920609438786876
2019-09-19,252.87046813964844,258.31451850299464,251.94775155726097,258.31451850299464,23387797,42.663959656938175,259.2884877522786,256.8557390485491,285.9055498908548,-6.124483417708063,-8.064985122191867,1.940501704483804
2019-09-20,278.3835754394531,283.8737216426048,247.65709952162004,253.28567572510352,84481749,64.91226702288479,262.13352966308594,257.6466369628906,284.6580726773131,-4.071504388035635,-7.266288975360621,3.1947845873249863
2019-09-23,289.5023193359375,291.5784315861554,277.1840476861632,283.78146542726284,54178171,69.44442966985234,265.79876200358075,259.24381437755767,283.90632958505665,-1.5296807988229943,-6.118967340053096,4.589286541230102
2019-09-24,279.21405029296875,290.794132421597,277.55314350859356,288.9486992116753,40096711,65.78946805862853,267.57755703396265,260.73993501209077,282.87686815448836,-0.34150792980409506,-4.9634754580032965,4.621967528199201
2019-09-25,258.5913391113281,274.508201197574,257.16113957880356,274.04684287623354,73063465,52.07745334040078,266.8803931342231,261.1419764927455,281.5389296587776,-1.0518279935834016,-4.181145965119318,3.129317971535916
2019-09-26,260.0676574707031,267.49551421240653,255.5924767052407,259.74470105604786,79005946,53.45454268474388,265.8705291748047,261.2144746326265,280.0671057607613,-1.4785909323368287,-3.64063495856282,2.1620440262259915
2019-09-27,259.4679260253906,263.9430791261326,258.36065481256327,260.8520009618865,37851718,52.92930769617271,265.5116967095269,261.0167497907366,278.5762855679381,-1.8439411457174515,-3.281296195993747,1.4373550502762953
2019-09-30,249.8716583251953,260.0676942345138,249.2718981326654,259.6524604771052,41094131,47.23289262700839,265.1887478298611,260.397211710612,276.96153199438953,-2.8746848485728833,-3.1999739265095744,0.32528907793669104
2019-10-01,236.16932678222656,254.20844033712058,226.57307913089858,251.67096951705858,79350077,39.36093928131759,262.6820356580946,259.58214678083147,275.0003069709329,-4.742551122345276,-3.5084893656767147,-1.2340617566685612
2019-10-03,234.5084228515625,240.55223359538977,230.77143181199546,234.37002099066677,56207921,38.05373107513551,260.64180840386285,258.71655128115697,272.86087095971203,-6.284426708831319,-4.0636768343076355,-2.2207498745236833
2019-10-04,230.6330108642578,240.36767378949023,229.3412132588166,238.5222405934097,60029186,34.79052467780326,255.33619011773004,257.9058787027995,270.80375551709943,-7.729981167785411,-4.796937701003191,-2.9330434667822196
2019-10-07,229.84869384765625,233.8163636732604,227.7725816498014,232.0632078935533,39160623,36.42257190170046,248.70800950792102,256.76346697126115,268.8696692971622,-8.83701372620726,-5.604952906044005,-3.2320608201632552
2019-10-09,240.7829132080078,241.75175439519765,225.46581168703113,230.77143225104788,60328507,45.08322005452143,244.43788316514758,256.2208230154855,267.24315508674175,-8.731394799060041,-6.230241284647212,-2.501153514412829
2019-10-10,234.5084228515625,238.06088746296075,233.07822335717918,238.06088746296075,37577511,40.09807556704225,241.76200358072916,255.35083371117003,265.6501111797258,-9.049670997973834,-6.794127227312536,-2.2555437706612977
2019-10-11,234.8775177001953,241.19811807964726,232.0632292021149,236.40000856614284,43272106,42.298587918357796,238.96309916178384,254.32046654110863,264.1113451789407,-9.166459074747877,-7.2685935967996045,-1.8978654779482724
2019-10-14,235.7079620361328,239.35268993529874,234.37002572878563,237.09205107076258,28265136,26.840276943944602,236.32310316297742,253.01108877999442,262.55810546875,-9.08725236080943,-7.632325349601571,-1.4549270112078592
2019-10-15,238.4761199951172,239.8140421890916,235.10819590850892,236.6306867683307,23444973,19.548475890770362,235.0569322374132,251.75443667457216,261.0356226902382,-8.700815669561933,-7.8460234135936435,-0.8547922559682899
2019-10-16,236.26158142089844,241.70563205532144,235.29274022478006,239.26041046297897,30892295,21.63315873454475,235.06718275282117,250.1880151657831,259.44800762101715,-8.47555563339904,-7.971929857554723,-0.5036257758443172
2019-10-17,244.93515014648438,245.44263304893184,235.84638535853355,236.58454742738036,37061013,39.29090916923094,236.2257080078125,249.3421928769066,258.32446528416057,-7.510573705208714,-7.8796586270855205,0.36908492187680686
2019-10-18,248.81056213378906,250.37919184801086,242.85905608435243,243.96629927167362,33203721,41.49237889574423,238.2454359266493,249.15325782412575,257.19278043859146,-6.359793475243748,-7.575685596717166,1.2158921214734182
2019-10-22,249.59483337402344,253.74705795880388,247.74940022523214,249.50255608476886,27574295,42.55910290134302,240.43945142957898,248.71826244535902,256.3487662521063,-5.323145806104435,-7.125177638594621,1.8020318324901856
2019-10-23,254.16229248046875,256.3306539098598,247.88780285939464,249.8255133035363,31789622,53.49886706243786,241.9260491265191,248.77977789015998,255.75171377144608,-4.085939118873114,-6.51732993465032,2.431390815777206
2019-10-24,242.2130889892578,256.19223877910883,229.43345942410508,254.6697621372768,63943183,55.073548286605956,242.78212314181857,247.05737377348402,255.06872289321,-4.023267045624664,-6.018517356845189,1.9952503112205253
2019-10-25,259.7908630371094,262.18993197271436,243.18196324164384,245.25807571607703,105518180,66.74813759084614,245.5502726236979,245.64254252115884,254.70958784514784,-2.526100203272364,-5.320033926130625,2.7939337228582612
2019-10-27,260.0215148925781,262.92809457878764,258.591315490693,262.92809457878764,12183625,70.45595852060683,248.2517784966363,244.7286122639974,254.5630382463044,-1.3059191935484478,-4.517210979614189,3.2112917860657415
2019-10-29,258.9604187011719,262.9742417064008,257.0227081304672,261.2672102950877,51033578,70.1855294714617,250.5278116861979,244.7461874825614,254.31517088646982,-0.41970050098746015,-3.697708883888844,3.2780083829013837
2019-10-30,267.49554443359375,268.5105383547225,257.6686179916022,261.12880534153425,51469048,69.15947317766344,253.99825202094183,245.09989638555618,254.28893654019225,0.960278025981296,-2.766111501914816,3.726389527896112
2019-10-31,288.25665283203125,293.23931671271544,270.12527773780727,270.6789133154556,128449327,81.91779476382177,258.81175231933594,246.47078813825334,254.8145222383387,3.686671239567403,-1.475554953618372,5.162226193185775
2019-11-01,289.3177795410156,290.6557298786908,284.7503492526532,288.2566610796229,44894016,82.06520283563114,263.31255425347223,248.34917486281623,255.2451228721469,5.865369235662797,-0.007370115762138196,5.8727393514249355
2019-11-04,290.0098571777344,294.3466370753925,288.21057644842676,291.5784868834609,31535656,82.03592221420638,267.8031124538845,250.9130096435547,255.66848724963617,7.560693012904096,1.5062425099711088,6.054450502932987
2019-11-05,294.5311584472656,297.1147537378774,288.6257495103073,289.6407434312893,50080853,82.39999026313009,272.28854200575086,253.77123514811197,256.2537790934245,9.163449999333238,3.0376840078435348,6.125765991489704
2019-11-06,293.0086669921875,294.3004928561155,289.7330340807025,294.3004928561155,32157080,83.06451541203585,277.9324951171875,256.7415044875372,256.86620944154026,10.193292194571086,4.468805645189045,5.724486549382041
2019-11-07,293.562255859375,298.3142403161337,292.31658292278865,293.65453314339504,33926772,81.29451880994597,281.6848720974392,259.7754836309524,257.6034773284314,10.92814667660349,5.760673851471934,5.167472825131556
2019-11-08,291.57843017578125,296.19201293172716,290.1943553489975,291.76298474964887,25423362,78.21058473527292,285.19119601779516,262.1943177722749,258.461965822706,11.221096182905114,6.852758317758569,4.368337865146545
2019-11-11,293.6545715332031,294.94636920114095,288.9025864552118,290.37893871531674,20491942,78.57571652087685,289.0461018880208,265.01080104282926,259.31502667595356,11.488357400879863,7.7798781343828285,3.7084792664970347
2019-11-13,283.0894470214844,293.97752000481927,282.02832854303927,291.62457573444823,32675829,67.40698802738737,290.7787577311198,267.30660720098587,259.7962864894493,10.724026685812646,8.368707844668792,2.3553188411438537
2019-11-14,282.3512878417969,285.5807960360658,276.5381843557435,283.22787990101483,43617772,77.92044114028889,290.1226060655382,269.5277179536365,260.163563747032,9.94409645670163,8.68378556707536,1.26031088962627
2019-11-15,297.0224304199219,298.6833369857385,286.0882344581507,287.8875428646839,95199897,76.98997303666289,290.9786783854167,272.31563749767486,260.83298477472044,10.390064528938524,9.025041359447993,1.3650231694905308
2019-11-18,299.97515869140625,304.35806234269216,298.7294857060679,298.9601648456093,39009263,77.86360465210319,292.08593410915796,275.349617367699,261.7484645469516,10.85660969518051,9.391355026594496,1.465254668586013
2019-11-19,304.8655700683594,306.15736772340915,297.2070332741468,300.6210679225585,41372145,80.39095968857055,293.2342020670573,278.20344688778835,262.77159477682676,11.488532773501106,9.810790575975819,1.677742197525287
2019-11-20,303.3891906738281,306.8032531758052,299.9751563309255,306.3418949003529,29972583,76.21290307339353,294.38759358723956,280.80242919921875,263.8643801820044,11.734931897140086,10.195618840208674,1.5393130569314124
2019-11-21,305.74212646484375,307.1262012535854,301.3130702454263,303.8044161287907,34116162,67.46541143535075,295.74091254340277,283.4761098225911,264.88208187327666,11.981946807569159,10.55288443368077,1.4290623738883887
2019-11-22,303.8505554199219,308.00277998741655,302.8817142844698,305.8344185738738,28974967,64.27921179926284,297.10448201497394,285.8422175816127,265.8952606799556,11.888036049392213,10.81991475682306,1.0681212925691526
2019-11-25,310.1250305175781,311.4168280242343,302.97397742961425,303.573737540661,27561300,67.81040824289431,298.93453301323785,289.0761195591518,267.0197083716299,12.1795109782758,11.09183400111361,1.0876769771621912
2019-11-26,309.5714416503906,313.72366665017233,306.8955689490136,311.878233316936,36464072,64.32337985728932,301.8769768608941,291.44662330264134,268.0600262810202,12.224915745366047,11.318450349964097,0.9064653954019501
2019-11-27,316.9992980957031,318.8447314204555,308.2334898031295,309.9866739889065,33971305,70.53713573933166,305.7267557779948,294.15985107421875,269.11481849820007,12.713709558577136,11.597502191686706,1.1162073668904302
2019-11-28,322.3049011230469,323.8735306261774,317.8758726516185,320.0442623203897,42538227,72.75385637494716,308.5359191894531,297.17625499906995,270.2410751043582,13.375021083261856,11.953005970001737,1.4220151132601195
2019-11-29,315.4306335449219,321.8896488890545,314.27723794775534,321.8896488890545,23081823,67.52539940579629,310.25319417317706,299.4588782900856,271.14841236787686,13.192346133882324,12.200874002777855,0.9914721311044694
2019-12-02,312.3395690917969,317.7374668334703,310.21733217548297,317.32223309985085,20648850,63.52705012345722,311.08363850911456,300.6056838262649,272.1217878753064,12.652303967778494,12.291159995777983,0.3611439720005105
2019-12-03,310.263427734375,316.4456396398491,307.5875554764359,314.64633117448886,26482178,72.42953905988267,311.8474426269531,301.6030956449963,273.2489492378983,11.919390094395396,12.216806015501467,-0.2974159211060705
2019-12-04,315.4306335449219,316.4456273022429,306.20346876758947,308.2795808424893,26789483,75.44354808421781,312.9239434136285,302.81360880533856,274.3607315362668,11.621535071994856,12.097751826800145,-0.47621675480528936
2019-12-05,310.2173767089844,317.96819162964,309.2485072444774,316.49183922592465,30429507,61.87717698249624,313.63136800130206,303.5605715797061,275.4851807239009,10.839861388648956,11.84617373916991,-1.006312350520954
2019-12-06,295.2693176269531,311.55526029549947,293.42388439178467,310.6786964042403,47027528,46.516401497711726,311.98073323567706,303.668221609933,275.8162737079695,8.911470041721373,11.259232999680203,-2.34776295795883
2019-12-09,292.224365234375,302.32809534233814,290.42505655917836,294.3004776323358,52435239,40.379213581007924,310.0532803005642,303.60451253255206,275.8696471569585,7.056164721025766,10.418619343949315,-3.362454622923549
2019-12-10,289.1793518066406,297.7144796187201,288.1182334401968,292.68569147893896,52155809,39.437575651990855,306.9621751573351,303.49027070545014,276.065045225854,5.279258743669743,9.3907472238934,-4.111488480223658
2019-12-11,288.625732421875,291.3477575725646,284.1967041404589,287.14940843411966,52557951,36.927399250050804,303.2200453016493,303.2508021763393,276.6539548986098,3.782770078367662,8.269151794788254,-4.486381716420592
2019-12-12,296.9763488769531,297.99134278768605,289.31778405876486,289.73301780013446,37804216,45.22131546098159,301.16956922743054,303.9120832170759,277.37765473010495,3.2333449999364348,7.26199043581789,-4.028645435881455
2019-12-13,306.8493957519531,307.6798632237758,299.8828966473152,300.06745123195935,40955226,47.831403195435556,300.55954996744794,305.0786597842262,278.306703156116,3.5536300025908076,6.5203183491724745,-2.966688346581667
2019-12-16,306.20355224609375,311.1862169524339,305.2346827848932,309.9866964679912,35027613,47.7730473326572,300.10845269097223,305.51585606166293,279.4112500957414,3.7125480583046055,5.958764290998901,-2.2462162326942954
2019-12-17,307.17236328125,309.80211133241727,305.09625084491955,307.4953197364946,26734601,42.89525023244238,299.1908671061198,305.8585800897507,280.8034664976831,3.8720323377132218,5.541417900341766,-1.6693855626285439
2019-12-18,301.6822204589844,309.6175611342917,300.6210737825416,309.1100782396189,26449075,35.129742100167235,298.24251641167535,305.70699201311385,282.1205997841031,3.514898572650793,5.136114034803572,-1.6212154621527786
2019-12-19,302.7894592285156,304.1274096176911,299.4215491305117,302.0512971815011,27516289,40.058063791446536,299.07808770073785,305.67843337286087,283.5354321049709,3.283363831522877,4.765563994147433,-1.4822001626245562
2019-12-20,311.73980712890625,313.26228387823716,304.81943266915135,304.81943266915135,51839714,49.568108268947704,301.24647013346356,305.9640372140067,285.1411402085248,3.778532583872334,4.568157712092413,-0.789625128220079
2019-12-23,306.71099853515625,312.6625319915575,304.8194407297667,309.75598027341505,30150335,47.546223064651585,303.1944308810764,306.1002487909226,286.4338477639591,3.7222665893869475,4.39897948755132,-0.6767128981643724
2019-12-24,305.8344421386719,308.3719129032106,303.7583296949584,307.44919626156013,21747782,42.95395674425692,305.1065097384983,305.89593505859375,287.8323971617456,3.5658398260177364,4.232351555244604,-0.6665117292268672
2019-12-26,304.3580627441406,307.67984798973265,302.7433087652212,307.2646142743806,24616942,45.44797598782321,305.9267001681858,305.6476789202009,289.1947607900582,3.28487303890239,4.042855851976161,-0.7579828130737711
2019-12-27,311.1861572265625,312.201151065788,307.2646118797489,307.63369286881056,33477173,64.1509505631208,306.4085625542535,305.37086268833707,290.67472540163527,3.5719992123937345,3.948684524059676,-0.37668531166594166
2019-12-30,308.55645751953125,311.7398413844551,306.8033014288962,311.6475640830366,22775554,64.6281422748583,306.6699964735243,304.71617489769346,292.0488496668199,3.5464724575894593,3.868242110765633,-0.3217696531761738
2019-12-31,307.9566650390625,310.35573382923445,306.8493938561906,308.5564251968365,23801635,67.58867157998608,306.75714111328125,304.36027163550966,293.4546356201172,3.438210529228627,3.782235794458232,-0.3440252652296052
2020-01-01,308.6025695800781,309.98664444171567,306.4803045634555,308.8332487236844,17379320,68.67996806204046,307.52606879340277,304.1823192778088,294.7030163933249,3.365733192283585,3.6989352740233032,-0.3332020817397181
2020-01-02,313.07769775390625,313.58520872527,307.5875514643976,308.6486698095066,20324236,66.2325747390249,308.6692064073351,304.3163321358817,295.9631563074449,3.6275833017940045,3.6846648795774435,-0.05708157778343903
2020-01-03,307.9104919433594,311.83203687260374,306.34186270803303,311.83203687260374,21853208,51.1818860413038,308.2437269422743,303.9582301548549,297.1066005931181,3.3791977867309697,3.623571461008149,-0.24437367427717938
2020-01-06,294.34661865234375,306.06513166169526,293.14709824121627,306.06513166169526,35645325,39.74455352297371,306.86990695529516,303.20247977120533,297.8945285572725,2.06406599203666,3.3116703672138517,-1.2476043751771915
2020-01-07,293.7929382324219,301.7283060414742,291.0247886357111,299.3753901478996,50966826,38.34399720522012,305.53196207682294,303.1321759905134,298.90589815027573,0.9660017206210227,2.8425366378952863,-1.8765349172742636
2020-01-08,295.08477783203125,296.65340742418846,286.9648824538806,287.9798764159189,44527485,43.798760698740566,304.50159708658856,303.2683861142113,299.5979356952742,0.1977391202428862,2.3135771343648064,-2.11583801412192
2020-01-09,304.6810607910156,305.78830391807867,299.88292276317344,301.6360788336655,40348407,51.533310113355704,303.77880859375,304.0065627325149,300.4736130658318,0.35908598994836893,1.922678905481519,-1.56359291553315
2020-01-10,306.5726013183594,311.83209739016064,302.7433329231734,305.4192055270939,42377838,45.270273667626654,303.5583801269531,304.8611755371094,301.40718527401197,0.6322973289080096,1.664602590166817,-1.0323052612588075
2020-01-13,305.1885070800781,309.5252862447705,303.6198776394681,308.18733594783396,23615129,48.50677784994448,303.2508070203993,305.25223068963913,302.14626297296263,0.7287340531997302,1.4774288827733997,-0.7486948295736695
2020-01-14,302.65106201171875,306.06512488950636,301.2669870330066,304.3119407225423,26296117,46.976327858550356,302.5895284016927,305.05231003534226,302.4285062902114,0.5935679593346208,1.300656698085644,-0.7070887387510232
2020-01-15,299.19085693359375,303.75831535781407,297.4377010290209,303.5737607745639,32625740,45.270273667626654,301.04654608832465,304.71837216331846,302.62209604300705,0.20487653529551153,1.0815006655276176,-0.8766241302321061
2020-01-16,298.3142395019531,301.6360246040929,297.4376757038392,298.96015232925686,26653623,36.777231810609514,299.9802958170573,304.2965567452567,302.78492706897214,-0.17191815370125596,0.830816901681843,-1.002735055383099
2020-01-17,293.4238586425781,298.4987995939435,286.13440363515906,288.8102759595187,58396326,35.144891716921165,299.8777669270833,303.9033014206659,302.7632153080959,-0.8552843386636937,0.49359665361273564,-1.3488809922764293
2020-01-20,289.7330322265625,296.60728263060093,289.1793965968618,296.19204886855596,30682902,33.13408183508709,299.4266662597656,303.2815668015253,302.69898717543657,-1.6753632650410282,0.05980466988198285,-1.7351679349230111
2020-01-21,289.45623779296875,292.4550670445478,287.8876081515882,289.5484869349851,30591772,32.158228002891605,298.80127292209204,302.22044445219495,302.61847701727174,-2.3208632531727744,-0.41632891472896866,-1.9045343384438058
2020-01-22,291.71685791015625,292.5011726800728,289.456219054605,292.5011726800728,24994911,29.237698382565114,297.36080593532984,301.50643775576634,302.6211912865732,-2.6198139097035096,-0.8570259137238768,-1.7627879959796329
2020-01-23,298.2220153808594,299.69833940863447,289.8714132834927,291.578444619568,33293610,40.82171804837771,296.43296305338544,301.14394124348956,302.71074900907627,-2.3052491396962296,-1.1466705589183475,-1.1585785807778821
2020-01-24,299.00628662109375,302.0051154071618,296.33041425918634,298.4988037824658,22706879,55.824620511599804,295.74604966905383,300.8890947614397,303.0228439031863,-1.9699616666553652,-1.3113287804657512,-0.658632886189614
2020-01-27,291.76300048828125,297.114745510239,291.3938913206351,296.099751617364,23309355,47.826123900839065,294.53626505533856,299.9641825358073,303.20738728841144,-2.2626343446208352,-1.501589893296768,-0.7610444513240673
2020-01-28,290.748046875,295.26935321427766,287.0110272279339,293.3777951838806,26488426,45.328054685424675,293.5981750488281,299.1161629813058,303.08436016007965,-2.547116254119146,-1.7106951654612437,-0.8364210886579024
2020-01-29,291.99371337890625,294.9925426785575,291.1632458148164,293.2855111377094,23914114,33.33325315443818,292.89589436848956,298.3560224260603,302.9278612323836,-2.6416045674700968,-1.8968770458630142,-0.7447275216070826
2020-01-30,286.6880798339844,292.2705044083018,282.0283437680185,292.2705044083018,35802330,26.028854728626044,292.14747450086804,297.3124752952939,302.57143985523896,-3.108771539434315,-2.1392559445772745,-0.9695155948570404
2020-01-31,293.839111328125,296.837940265822,284.75034722359743,289.45620749610634,92656638,37.98824977148745,292.60370551215277,296.39635213216144,302.38418339748006,-2.8689052981137024,-2.28518581528456,-0.5837194828291423
2020-02-03,275.06182861328125,283.1355989959979,272.5243579215703,279.5831343957873,56060158,28.270283366711496,291.00432671440973,294.8321300688244,301.7826089298024,-4.146184723925671,-2.6573855970127824,-1.4887991269128888
2020-02-04,282.58197021484375,283.78149057988,274.1391186141177,279.490863847617,51141567,37.70489210830466,289.9893391927083,294.27190871465774,301.36557784734987,-4.499754918680196,-3.0258594613462653,-1.473895457333931
2020-02-05,286.9648742675781,289.41006772518097,281.059493419289,283.18173042194576,35014841,42.012995826697114,288.73854573567706,293.94676281156995,300.91145713656556,-4.375855973968612,-3.2958587638707346,-1.0799972100978774
2020-02-06,297.0686340332031,298.4988335640833,286.1344361981902,287.1494301357877,57757656,52.3896302627809,288.5232510036892,294.0412321544829,300.66630404603245,-3.4229189166208585,-3.3212707944207596,-0.10164812220009889
2020-02-07,295.7767639160156,299.88286361997996,293.79292906542116,296.6533558579186,37126803,54.0911560494225,288.96922471788196,293.6172180175781,300.2501759248621,-2.740363352074212,-3.20508930595145,0.46472595387723814
2020-02-10,293.88525390625,297.85292424951655,292.03982060071627,295.0847742912159,24816396,52.9339747524124,289.31780327690973,293.0130586170015,299.6929279402191,-2.325258071774556,-3.0291230591160714,0.7038649873415155
2020-02-11,299.28314208984375,300.62106429679994,296.23816034065493,296.23816034065493,30188757,54.812217689905694,290.12773980034723,292.73185076032365,299.3763104607077,-1.5429337027998145,-2.7318851878528205,1.188951485053006
2020-02-12,295.453857421875,304.40419126888776,294.57726541542695,304.40419126888776,38930849,48.17739216399392,291.1017150878906,292.38912673223587,299.045218075023,-1.217888216827987,-2.429085793647854,1.2111975768198668
2020-02-13,302.1435852050781,305.3730935538186,297.11476808412243,297.11476808412243,62516057,51.91661120215371,292.02443440755206,292.5297328404018,298.8860054764093,-0.41569038366770883,-2.0264067116518247,1.610716327984116
2020-02-14,294.7156982421875,306.24965659668044,293.9313834422664,302.7433445205458,48205947,51.79977707868914,294.20819769965277,292.3583737327939,298.47983027439494,-0.3749885868220417,-1.696123086685868,1.3211344998638264
2020-02-17,289.9175720214844,296.3304356074742,287.56462775515206,296.14590917971327,36950692,49.51611199643232,295.0232645670573,292.19140770321803,298.0817948883655,-0.7215828480751725,-1.501215038963729,0.7796321908885566
2020-02-18,293.0086669921875,294.5311720233772,285.4885317712715,291.02483178555246,38588583,50.57892717612073,295.6947970920139,292.3473903111049,298.03746840533086,-0.7383248175128756,-1.3486369946735584,0.6103121771606828
2020-02-19,295.59222412109375,298.96013357429854,292.7317974581673,297.39150432586644,39846727,55.24167455630869,295.53075154622394,292.6395801362537,298.1035048540901,-0.5369320617178346,-1.1862960080824136,0.6493639463645791
2020-02-20,302.328125,303.7583527987875,294.1159518965094,294.6695875554246,40150409,55.02184084096445,296.25868055555554,293.1448785691034,298.36132393631283,0.16430999155818427,-0.9161748081542941,1.0804847997124782
2020-02-24,297.9913330078125,305.6959939812919,296.97633913039095,300.5749281875442,45273936,66.35941710401865,296.71491156684027,293.13389369419644,298.54496316348803,0.3658887633628183,-0.6597620938508717,1.02565085721369
2020-02-25,301.5437927246094,302.78946584536044,297.29931862290607,300.7133533638012,39050709,64.3405159660134,296.9660949707031,293.25472731817337,298.6345208859911,0.8030382769330231,-0.36720201969409283,1.170240296627116
2020-02-26,302.8356018066406,305.2346424585748,299.1447353771097,299.7444955400933,43915281,62.591484939668604,297.78628879123266,293.78199404761904,298.5558190439262,1.2394331983602456,-0.04587497608322513,1.2853081744434707
2020-02-27,297.0686340332031,304.4964917346136,293.4238920351731,302.6510584513735,47010040,50.0,297.222405327691,294.08297438848587,298.37670300053617,1.107170443211487,0.1847341077757173,0.9224363354357697
2020-02-28,279.5830993652344,290.3327409532382,277.829943647894,287.88754786123144,59705346,39.186711878775036,295.54100545247394,293.4919927687872,297.8357370413986,-0.40392901588217,0.06700148304413985,-0.47093049892630984
2020-03-02,265.1887512207031,287.8875857271599,262.0976449088045,286.9648691062395,66711413,33.579737877067586,292.7933586968316,292.4682152157738,297.12017882104016,-2.7315027572899453,-0.4926993650226772,-2.2388033922672683
2020-03-03,267.4493713378906,271.64771996373116,263.25099455297845,270.3559225526319,61949382,31.106233592258818,289.95343695746527,291.21156093052457,296.42723592122394,-4.343637813064049,-1.2628870546309516,-3.0807507584330978
2020-03-04,263.2510070800781,270.3559354178277,253.83931564357022,269.24866435043947,73675736,30.97054935701263,286.3599683973524,290.6491408575149,295.4764751359528,-5.892118691424059,-2.1887333819895733,-3.703385309434486
2020-03-05,266.2037658691406,275.3386554959193,249.13350705257528,268.41828030001443,149245973,27.780972563083182,282.3461507161458,289.86922636486236,294.6822156719133,-6.802621599371548,-3.1115110254659686,-3.6911105739055796
2020-03-06,249.59483337402344,253.19342238235146,234.32387125186793,247.28804193803433,106043172,24.948792721373948,276.968761867947,288.0897006080264,293.5794782451555,-8.763384913193136,-4.241885803011402,-4.5214991101817334
2020-03-09,233.86253356933594,242.4438012831832,231.74028244533562,239.95245504918262,101286241,22.247628832490378,269.44862196180554,285.0798863002232,292.19721296721815,-11.454726127379445,-5.684453867885011,-5.770272259494433
2020-03-11,226.1578369140625,238.52223331889425,224.31240377426448,233.44729218444968,90845604,18.348655932466897,260.92887030707465,281.7646993001302,290.5299910003064,-14.047408280483069,-7.357044750404624,-6.690363530078445
2020-03-12,196.1695556640625,213.97797485961541,192.47868924765146,213.97797485961541,99767083,12.625801199688695,249.71786159939236,277.11157081240697,288.3263262580423,-18.310855100943343,-9.547806820512369,-8.763048280430974
2020-03-13,223.2974090576172,229.57188452473045,170.37960834541235,184.543313270758,155701316,24.240602745258172,243.4638960096571,273.49320257277714,286.6663408466414,-19.278446440553807,-11.493934744520658,-7.7845116960331495
2020-03-16,206.08876037597656,213.51661781926572,203.55128969969968,210.2871096858224,75583409,22.364047406121287,236.89723036024304,269.2377217610677,284.6562661563649,-21.189603123507084,-13.433068420317943,-7.756534703189141
2020-03-17,198.52247619628906,212.13254641225254,195.6620631070977,209.64121434117027,65403057,19.750751683138503,229.23868645562067,264.30338323683964,282.41008534150967,-23.049049369516695,-15.356264610157695,-7.692784759359
2020-03-18,198.568603515625,205.90419744848927,184.63559172354203,203.9203624501333,101356399,19.159388636433803,222.05175272623697,259.7249501546224,280.2661267448874,-24.239533572460203,-17.132918402618195,-7.106615169842009
2020-03-19,187.91123962402344,202.76698327999313,182.83629806297697,187.26534078670707,93533467,18.620689957684192,213.35258314344617,254.8675057547433,278.1791585286458,-25.746175197772118,-18.85556976164898,-6.890605436123138
2020-03-20,193.632080078125,199.0299636271187,184.5433161270526,189.66439596548582,77391650,23.49929486844131,207.13449944390192,250.13528733026413,276.21522013346356,-26.176825378555122,-20.31982088503021,-5.8570044935249115
2020-03-23,167.56533813476562,184.08195944019067,166.31966510824245,175.31615184780065,61750037,21.921445591000463,199.76814439561633,244.0387689499628,273.7148389629289,-28.295316183726555,-21.91491994476948,-6.380396238957076
2020-03-24,169.04168701171875,177.11545767761248,160.13747699486285,176.19274103008178,67491360,21.567601016032626,193.42190551757812,237.6917957124256,271.055243398629,-29.514877261027237,-23.43491140802103,-6.0799658530062075
2020-03-25,175.223876953125,180.16041640184082,162.8133414816843,164.24355502959114,71567553,24.855047954125837,191.0946078830295,231.8457263764881,268.47977821499694,-29.640855804771405,-24.676100287371106,-4.964755517400299
2020-03-26,177.85360717773438,185.46601837989422,170.7948315130008,176.74635018241844,107260359,24.71611437694156,186.04529656304254,225.95571754092262,265.9830154718137,-29.19199036323721,-25.57927830254433,-3.6127120606928784
2020-03-27,180.8063201904297,195.52364757075105,179.92974221095068,186.38875859801044,114740377,28.645081929006608,183.2361365424262,220.1447993687221,263.59390288708255,-28.27209884691149,-26.117842411417765,-2.154256435493725
2020-03-30,172.4557342529297,179.92974466305668,171.85597406920158,175.31616146656805,60081554,30.02100587521103,180.33983188205295,214.21085176013764,261.1089004815793,-27.895340567346807,-26.473342042603576,-1.4219985247432305
2020-03-31,181.63674926757812,183.15922586588297,173.5168412243672,177.1615685957155,59543412,35.65268060683188,178.45851474338107,209.54673985072546,258.82110655541516,-26.54987529794556,-26.488648693671976,-0.061226604273585394
2020-04-01,172.13279724121094,179.46839193632516,170.93326275683413,179.00703360229863,52954239,41.075708049585316,176.70535447862414,205.1155039469401,256.44285044950595,-25.951323179601275,-26.381183590857837,0.4298604112565627
2020-04-03,161.93678283691406,173.65528225478852,161.47542448125333,173.05552202424542,64448494,23.941999820116706,173.18365478515625,200.09109497070312,253.93704163794425,-25.999987789450955,-26.304944430576462,0.30495664112550713
2020-04-07,171.994384765625,172.82483823136198,163.87448918645882,170.14895139226192,72130500,34.58488853271828,173.67577107747397,195.74554152715774,251.6338680491728,-24.939503352262733,-26.031856214913716,1.0923528626509835
2020-04-08,168.85714721679688,179.3761114116015,166.50421693967147,168.76486991983558,80435759,36.0278077347485,173.65526665581598,191.1099882579985,249.22485411400888,-24.07469257656868,-25.64042348724471,1.5657309106760309
2020-04-09,173.24005126953125,175.31616373481194,169.41078279871797,173.47073043234022,62416005,38.53862283288241,173.43484157986111,187.4740462530227,246.77422736672793,-22.77314543383733,-25.066967876563236,2.293822442725908
2020-04-13,169.31849670410156,174.11662022531291,168.94941569459994,172.36346431087313,51847146,41.04045630735864,172.4864959716797,184.40052068801154,244.23132952521829,-21.80672230519221,-24.414918762289034,2.608196457096824
2020-04-15,168.25738525390625,177.11545656692928,166.2273973784377,172.54801200620224,72190004,37.19739081618293,171.09216986762152,181.6433563232422,241.8096507951325,-20.88569059866029,-23.709073129563286,2.8233825309029967
2020-04-16,173.9320831298828,175.22388076799766,166.31967100350863,167.93442509092134,61165773,54.04455249278574,171.25620863172742,180.58442905970983,239.519141702091,-19.473388541058398,-22.86193621186231,3.388547670803913
2020-04-17,178.3149871826172,182.69789113665306,171.90210947630396,180.8524578928485,89851063,55.6811797477092,170.88712395562067,178.4424089704241,237.29014707079122,-17.7953317505133,-21.84861531959251,4.053283569079213
2020-04-20,177.62294006347656,182.09812106831941,175.3622872785762,179.00701492111403,81958510,51.57575858406327,171.4971398247613,177.0868937174479,235.15161491842832,-16.333025126393636,-20.745497280952737,4.412472154559101
2020-04-21,170.47190856933594,173.655278335643,168.85715436096604,173.47073781345145,53042420,45.42335873457359,172.4454871283637,175.75115240187873,232.73265015845206,-15.571664612711146,-19.710730747304417,4.139066134593271
2020-04-22,174.1166229248047,174.8547990347906,167.3346642331835,171.16393256439926,61503413,45.88768538039211,172.68129136827258,174.58677237374442,230.7533323998545,-14.506955776054042,-18.669975753054345,4.163019977000303
2020-04-23,172.27117919921875,175.2238693798212,170.84096571312676,173.24003440460604,50955312,49.87668745494937,173.06062825520834,173.84200759161087,228.5903757132736,-13.654675636827506,-17.666915729808977,4.012240092981472
2020-04-24,165.85829162597656,169.77983676873262,165.16625424784314,169.77983676873262,65137305,39.05248440911977,172.2404327392578,172.51944623674666,226.21573683794807,-13.342895326902067,-16.802111649227598,3.4592163223255312
2020-04-27,166.91941833496094,169.3184869978074,166.5503373466171,169.3184869978074,42996571,45.90280236115548,171.97386847601996,172.48868815104166,223.6637914321002,-12.861918932632335,-16.014073105908544,3.152154173276209
2020-04-28,170.05665588378906,171.02551103676245,167.19622906635078,167.9344050914513,49590230,57.17778832872928,172.17378743489584,172.53702000209265,221.19869127460555,-12.088247036558585,-15.228907892038553,3.140660855479968
2020-04-29,175.40843200683594,176.97704741732252,169.31849679019624,170.70257169583817,57470466,53.291810836553644,172.33782619900174,172.54580833798363,218.87561633540136,-10.917413728832571,-14.366609059397359,3.4491953305647876
2020-04-30,175.77752685546875,180.76019127624906,175.03935069843558,178.54567688468873,63063889,57.0488762120516,172.05588616265192,172.4469473702567,216.45393760531556,-9.846235750765032,-13.462534397670893,3.616298646905861
2020-05-04,165.0278778076172,169.31850458070795,164.2435630265178,168.349649286273,58118177,42.5956789129842,170.65643480088977,171.69559297107514,213.8965654560164,-9.752307791700105,-12.720489076476735,2.9681812847766302
2020-05-05,157.2309112548828,167.24239252179618,155.75457306517225,167.01171335969713,91050439,39.81337840534775,169.18521287706164,170.9706013997396,211.0551404766008,-10.189560337474774,-12.214303328676344,2.0247429912015704
2020-05-06,157.8768310546875,159.90680495374352,153.6784673055589,157.92295562548705,73156432,41.190302417506366,167.38079155815973,169.83917672293526,208.37202543370864,-10.36449040682976,-11.84434074430703,1.47985033747727
2020-05-07,157.55386352539062,159.21475626425993,155.75456892475648,157.64614081959272,42942399,34.7114750502442,165.74553426106772,169.14494178408668,205.7766586004519,-10.409193820691911,-11.557311359584006,1.1481175388920946
2020-05-08,153.7707061767578,160.36813790339573,153.26322334200935,159.1224649391982,55932236,26.82928796761786,164.4024692111545,168.75608099074591,203.04650250603171,-10.627384901293198,-11.371326067925844,0.7439411666326468
2020-05-11,152.6634521484375,155.84682146687268,152.2482325120394,154.97024355013508,54591827,26.620598062866094,162.81847296820746,167.83556038992745,200.2439775653914,-10.765550486344921,-11.25017095160966,0.48462046526473834
2020-05-12,154.00140380859375,155.47775608573374,148.41897931959159,151.51007166051645,70752542,32.68673641731053,161.03455607096353,167.1281440371559,197.33561048320695,-10.64438435375078,-11.129013632037884,0.48462927828710356
2020-05-13,160.6449737548828,164.75106001506725,157.32318819634108,164.75106001506725,81720683,36.678880134997954,159.39417182074652,166.52837844122024,194.64254461550246,-9.89817870596022,-10.882846646822353,0.984667940862133
2020-05-14,154.97024536132812,158.47657114879559,154.55502572007723,157.73839507571756,48136531,34.09673629594387,157.0822516547309,165.84512837727866,191.76855349073222,-9.653429780186116,-10.636963273495105,0.9835334933089896
2020-05-15,153.5400390625,155.24707043160183,151.9714236333335,154.97025263126935,35495540,37.53506149484333,155.80582512749567,165.14430236816406,188.84118951535692,-9.465754858985434,-10.402721590593172,0.9369667316077379
2020-05-18,143.2978973388672,153.5400436187992,143.02107953032012,153.5400436187992,77349435,29.84258029972453,154.25771247016058,163.68553161621094,185.82607703115426,-10.02788119942872,-10.327753512360283,0.2998723129315639
2020-05-19,140.99110412597656,145.65082593151678,140.62200902560934,145.32786947863775,71522334,24.840325008413686,152.38152058919272,161.90820385160902,183.1085869284237,-10.53803341818977,-10.369809493526182,-0.1682239246635877
2020-05-20,141.5447235107422,143.25175488515023,139.46861112110233,141.17564249551037,66168767,18.031402601518266,150.60272725423178,160.19019353957404,180.6841942282284,-10.773470408825375,-10.450541676586022,-0.3229287322393528
2020-05-21,140.206787109375,144.08219408409707,139.79156744771518,141.7754025420556,61147471,17.0231294333866,149.09562513563367,158.7489972795759,178.1892415962967,-10.941884967309022,-10.548810334730623,-0.3930746325783989
2020-05-22,139.19178771972656,143.57469103373109,137.89997618998243,140.25290604814475,87064198,20.772471202185756,147.59877353244357,157.08590988885788,175.75670788334864,-11.03010846196409,-10.645069960177317,-0.3850385017867737
2020-05-26,139.6992645263672,141.36015694785374,138.59200760522137,140.62198097391132,48275988,26.249994832255,146.0096469455295,155.5348663330078,173.2762274648629,-10.933047711526314,-10.702665510447117,-0.2303822010791965
2020-05-27,146.3428497314453,148.37282331540666,139.1456578614577,140.20677625684698,88195120,36.5591325193916,144.42052205403647,154.60555957612536,171.25167876598883,-10.202437218766562,-10.602619852111006,0.4001826333444445
2020-05-28,145.97377014160156,149.84917722722062,144.58969517677056,147.12716594562738,76968678,36.51988411810575,143.42091369628906,153.60814775739397,169.5283696791705,-9.543196746207087,-10.390735230930222,0.8475384847231346
2020-05-29,148.8341827392578,149.38780422305445,143.20560613700002,144.03605948200084,58363280,44.12734682852768,142.89804077148438,152.59755379813058,168.01221959731157,-8.689762359674177,-10.050540656679013,1.3607782970048365
2020-06-01,156.907958984375,158.15361793346167,150.72576064574724,151.32552079758108,92740893,54.331458539654065,144.41026984320746,151.7165788922991,167.2423843682981,-7.278026631473239,-9.49603785163786,2.2180112201646214
2020-06-02,157.09249877929688,158.06135401058333,154.27821037586006,156.76954234235546,70419104,53.230465996689446,146.19931369357639,150.82681565057663,165.94424887264475,-6.074304278085862,-8.811691136927461,2.7373868588415995
2020-06-03,161.3831329345703,165.996716083981,158.7072603397275,159.16861865466856,113168889,50.81134351347834,148.40358140733508,150.65325637090774,165.0676679424211,-4.719721313295196,-7.993297172201009,3.2735758589058133
2020-06-04,160.5988311767578,163.9206025744761,158.24590097032922,161.38313185920845,83494674,56.93184086015524,150.6693640814887,150.81363351004464,164.3240670596852,-3.6672177481901542,-7.128081287398839,3.4608635392086846
2020-06-05,173.28616333007812,175.13159634939836,162.39810570018136,162.90560259640176,201321234,69.03915166680595,154.45762803819446,151.5474112374442,163.82833293839997,-1.7887201650288205,-6.0602090629248355,4.271488897896015
2020-06-08,172.3634490966797,182.23651306452106,171.44073257483402,181.77515480359824,151741826,84.16486172561213,158.08698187934027,152.25262959798178,163.5234743006089,-0.3701853573527103,-4.922204321810411,4.552018964457701
2020-06-09,170.195068359375,176.23886470305752,169.18008858105895,173.19389720903436,96654191,84.43962115374856,160.7372283935547,153.0347420828683,163.06392505122167,0.5724447078775086,-3.823274515872827,4.395719223750335
2020-06-10,173.1938934326172,174.3934277622331,169.59530452330662,170.2873419350615,67333317,85.28808096645815,163.76168653700086,154.0123821440197,163.1742888805913,1.5436714633122222,-2.7498853200358178,4.2935567833480395
2020-06-11,163.45924377441406,175.68523900237082,162.7210817412624,173.47072474383924,91726802,71.83710341360714,165.3866933186849,154.46275547572546,163.0648292092716,1.510459159784034,-1.8978164240718476,3.4082755838558816
2020-06-12,165.30467224121094,166.08898697820092,156.67728053201046,156.86182103496756,92758901,74.14678719925409,166.31966145833334,154.6846458798363,162.87033499923407,1.6144385813251176,-1.1953654229924546,2.8098040043175723
2020-06-15,160.27586364746094,164.10514581897712,158.70724831145287,164.10514581897712,63613412,67.55908202158588,166.6733686659071,154.93729436965216,162.52567336138557,1.2763472593123026,-0.7010228865315032,1.977370145843806
2020-06-16,159.53770446777344,165.12014306218043,156.30819616616233,164.24356505336516,63925976,62.5219163728555,166.46832105848523,155.222897484189,162.10864168054917,0.938031135033043,-0.373212082218594,1.311243217251637
2020-06-17,159.58384704589844,162.5826762569471,156.16979814461237,157.78455233517707,73866905,62.99561679314306,166.3555450439453,155.99841889880952,161.85625173531326,0.6659597204192664,-0.1653777216910219,0.8313374421102884
2020-06-18,165.76602172851562,166.68873827379997,157.87680652996428,159.07632677520422,58261857,65.20299476986673,165.5199737548828,157.1781768798828,161.54506099925322,0.9383740030768593,0.05537262326255432,0.8830013798143049
2020-06-19,170.24119567871094,170.65641529128828,165.6276131399925,166.36578916209476,76895151,62.79894105650032,165.28416781955295,158.54467555454798,161.50797077253753,1.4981042091281438,0.3439189404356722,1.1541852686924716
2020-06-22,173.1938934326172,176.93089827200103,170.0105241544521,170.702561566207,80023958,64.67621046424136,165.61737060546875,160.11549014136904,161.7286984312768,2.1551096989770713,0.7061570921439521,1.448952606833119
2020-06-23,177.57679748535156,178.17657169143098,173.33230979700846,174.94706376181597,65487085,64.73552728480456,166.10435994466147,161.94334774925596,161.83815750421263,2.994931306923206,1.163911935099803,1.8310193718234031
2020-06-24,170.33348083496094,179.83745004041245,169.6875679860538,179.74518683309515,74668987,57.92637320312597,166.8681640625,163.4021199544271,161.86710522221583,3.040966494235363,1.5393228469269151,1.5016436473084478
2020-06-25,170.93325805664062,172.36347166870377,166.4580767078227,168.11896948055607,73620385,47.61461304754067,167.49356248643664,164.5730917794364,161.8218739827474,3.090224536232313,1.8495031847879948,1.240721351444318
2020-06-26,170.33348083496094,174.0243470365459,169.5953047787365,173.47071147449327,49176958,47.928443832107966,168.61107550726996,165.7330780029297,161.84177563237208,3.0457553088739076,2.0887536096051775,0.95700169926873
2020-06-29,165.39695739746094,168.94942208634873,164.70491991881048,168.85714479071325,50966428,45.3654299028808,169.26210361056857,166.5217815580822,161.78568881165748,2.5824085424663394,2.18748459617741,0.39492394628892935
2020-06-30,164.6587677001953,168.76485358586618,163.55151064151985,167.1039750376217,43613239,41.37930928194765,169.82598368326822,166.890867687407,161.60385909734987,2.1310714870378717,2.1762019743495027,-0.04513048731163094
2020-07-01,170.5180206298828,171.07164211012798,164.79718085679323,165.5814814736915,54012853,57.73508192160113,170.3539835611979,167.5301782517206,161.45097740023743,2.22057891108426,2.1850773616964543,0.03550154938780592
2020-07-02,171.1177978515625,173.47072809643785,169.7798615411945,171.30233836341696,52127276,56.54886798505018,170.45138380262586,167.99373372395834,161.3234255921607,2.313245544062738,2.210710998169711,0.10253454589302713
2020-07-03,170.42575073242188,172.40959984137305,169.22621635391104,172.22504526041928,38048810,62.672812464635435,170.14381239149304,168.46168227422805,161.32252053653494,2.3042797963616124,2.2294247578080917,0.07485503855352071
2020-07-06,173.51686096191406,175.17775367233276,171.76369095887392,172.17892469613219,43773740,66.48529574772228,169.69270833333334,168.47266787574404,161.31076049804688,2.5175800431494224,2.287055814876358,0.2305242282730644
2020-07-07,174.02435302734375,174.57797452891762,169.82598976260454,172.54800086407138,55124494,66.84604969868849,170.10280524359808,168.55175853910902,161.3451364554611,2.6964889477821146,2.3689424414575093,0.32754650632460525
2020-07-08,177.06930541992188,182.19038523602293,173.8397974017818,174.30115569008754,143063102,64.22763384430294,170.78458828396268,168.8791031610398,161.56496025534238,3.048832708394798,2.504920494844967,0.5439122135498309
2020-07-09,183.712890625,185.4660466279763,177.66909375230995,177.89977291478255,89539723,66.0793073492157,172.27118937174478,169.3800077892485,161.8942440257353,3.820113588956332,2.7679591136672403,1.0521544752890915
2020-07-10,180.48336791992188,186.85010666330078,179.7451918431223,182.697882070783,111406477,58.643325564304,173.9474572075738,170.19068036760603,162.09868935977713,4.123233680285125,3.0390140269908175,1.0842196532943076
2020-07-13,177.80747985839844,184.35877312377633,176.79250008120272,183.43605655566887,61949761,50.28506606789845,175.40842522515192,170.78605215890067,162.14572951372932,4.100271357412254,3.2512654930751053,0.8490058643371485
2020-07-14,171.6714324951172,177.43841145504763,170.333496192321,177.43841145504763,62239932,51.69989531231825,175.53658209906683,171.32869829450334,162.0652178596048,3.546068934644296,3.310226181388944,0.2358427532553522
2020-07-15,169.59530639648438,175.27000760373662,168.85713033321858,173.4245744853408,58527305,48.3615698016409,175.36741638183594,171.80763171968005,162.1547752829159,2.905836818514672,3.2293483088140897,-0.32351149029941784
2020-07-16,171.85597229003906,172.50187111495302,167.61147016139589,170.7025765028576,46546803,51.79153819690581,175.52632988823785,172.39201863606772,162.44154118556602,2.5514535302235686,3.0937693530959858,-0.5423158228724172
2020-07-17,173.6552734375,174.85480791721986,170.70258292710116,172.36347573905644,47035238,60.49235760832941,175.54170905219183,172.7676972888765,162.7509224087584,2.388260406941413,2.9526675638650715,-0.5644071569236586
2020-07-20,176.00820922851562,178.31500096152368,174.16277584210917,175.3161717086132,45672856,63.8513552520089,175.7621375189887,173.04231698172433,163.11277232450598,2.4208844856254075,2.846310948217139,-0.42542646259173145
2020-07-21,179.3760986328125,181.03699130302215,176.70022616602975,177.57680410655942,59281860,61.510772109225265,176.01844787597656,173.33670770554315,163.61483884325216,2.6875197762690277,2.8145527138275166,-0.12703293755848888
2020-07-22,177.1615753173828,181.5444788734118,175.40841952678602,180.57562369248745,62276152,57.53736952777857,175.290523952908,173.31693522135416,164.09519419950598,2.689137932935381,2.7894697576490897,-0.1003318247137086
2020-07-23,182.92857360839844,183.71288838304937,176.37727984230997,177.53067564059748,70801412,63.84064955286485,175.56221347384982,173.9167015438988,164.66239360734528,3.119805720684525,2.8555369502561767,0.2642687704283482
2020-07-24,177.11546325683594,181.1292864318474,175.91592876135235,180.5756507940737,65265493,53.75722966962098,175.4853227403429,174.21109226771765,164.98534438189338,2.9579462588740455,2.8760188119797503,0.08192744689429521
2020-07-27,172.6864013671875,178.2688394614491,172.08664122529507,178.0842989623697,50697767,48.70880528705978,175.5980970594618,174.32313610258558,165.3327199898514,2.444109022567659,2.789636854097332,-0.34552783152967326
2020-07-28,174.8086700439453,175.77752536184755,171.39462118615845,173.47073369043224,51488617,47.778809597986914,176.17735968695746,174.7713128952753,165.74975196987975,2.18297468317931,2.668304419913728,-0.4853297367344176
2020-07-29,176.4234161376953,180.1604212902248,172.54800912303222,173.1016447306434,73763368,42.05231147316798,176.68485344780817,175.33153424944197,166.39927194632736,2.0823167018701554,2.5511068763050133,-0.46879017443485793
2020-07-30,172.13279724121094,178.54567526827208,171.6714389071844,177.622958600219,48472816,41.10130177260785,176.51568942599826,175.4084283737909,167.0098933799594,1.6374519133543117,2.368375883714873,-0.7309239703605614
2020-07-31,176.6540985107422,179.7913435450969,172.2711944558893,173.470728907862,145892485,48.8174230624093,176.5874549018012,175.67206173851378,167.69831249760645,1.6309243095127215,2.220885568874443,-0.5899612593617216
2020-08-03,177.39227294921875,179.5606626717008,175.36229916960875,177.1615937906372,72454278,56.595735547809454,176.36702982584634,176.00380089169457,168.42743967093674,1.6661097681533192,2.1099304087302184,-0.4438206405768992
2020-08-04,176.79251098632812,178.82248474547225,175.77751706698686,178.40726508011934,43866676,58.59032152785468,176.32602267795139,176.15978422619048,169.16470875459558,1.6268454578758735,2.0133134185593495,-0.386467960683476
2020-08-05,176.6540985107422,181.63677683135074,176.2388788372428,177.8536329627149,68888892,56.032479660884285,175.6288587782118,176.2850102015904,169.8893133425245,1.566501821197221,1.923951099086924,-0.35744927788970293
2020-08-06,176.1927490234375,179.46839608668589,175.54685015677117,177.438422185932,59740172,53.30132643856327,175.52633497450086,176.24326942080543,170.47460548550475,1.4645693624623561,1.8320747517620104,-0.36750538929965426
2020-08-07,175.91592407226562,177.25387448129877,174.90094420278726,176.65410020977455,44822338,49.873077911023586,175.88517083062067,175.87198529924666,171.06170654296875,1.3459345982607829,1.734846721061765,-0.3889121228009822
2020-08-10,178.82249450683594,180.39111003909414,176.88478385669754,177.02319980572977,48784530,49.228828766019745,176.3311513264974,175.7928960890997,171.6497126560585,1.469512015980115,1.681779780045435,-0.2122677640653201
2020-08-11,179.97586059570312,181.59061451067183,178.77632630010476,179.92972195365383,43890305,54.03973301056997,176.72586737738715,175.89615231468565,172.10202445235907,1.6415917661145443,1.673742177259257,-0.03215041114471262
2020-08-12,187.58828735351562,188.46486530647536,179.5606557597961,180.85245336631175,157818228,56.35219278046735,178.4431440565321,176.65409778413317,172.69998109106925,2.364963599280486,1.8119864616635029,0.5529771376169832
2020-08-13,186.29647827148438,191.27915642241587,185.23535979983853,189.6182637054387,70443118,64.27543428674196,179.51451958550348,177.44939168294272,173.1884780584597,2.8017064637438693,2.009930462079576,0.7917760016642932
2020-08-14,181.31382751464844,188.2342026106274,179.56067145548278,187.31148593116353,56169088,63.18763670866413,179.9502478705512,177.89976574125745,173.5946544572419,2.71447922921692,2.150840215507045,0.5636390137098748
2020-08-17,178.1765899658203,183.29765608724236,176.70023770047607,183.113115573959,54787889,54.9931726191715,180.10403442382812,178.1150665283203,173.69054517558976,2.3649406030660316,2.1936602930188425,0.17128031004718913
2020-08-18,180.02200317382812,180.6217632949723,176.8847584798586,178.82246885200263,46294169,55.29891005174502,180.4782460530599,178.3061995733352,173.84071290259268,2.211347113665653,2.197197657148205,0.014149456517448034
2020-08-19,181.82130432128906,184.8201331966633,180.76017180997255,181.22153009849166,59296062,65.39588489978972,181.1036410861545,178.42263793945312,174.0686783136106,2.209343791982292,2.1996268841150224,0.00971690786726942
2020-08-20,179.6990509033203,181.1754030380637,178.3149760568249,179.0070134800726,37504602,55.238077738812706,181.52398851182727,178.54347011021204,174.1962304208793,2.0132999619709437,2.162361499686207,-0.1490615377152631
2020-08-21,183.0669708251953,185.92739796415137,182.37493336379026,183.6206064261346,68041871,58.95195560525962,181.99559699164496,178.55006045386904,174.58069565716912,2.1054267560207904,2.1509745509531237,-0.045547794932333296
2020-08-24,185.88125610351562,187.12692914432174,183.25152224336867,184.54331985050706,53850253,63.40134652438854,182.65175204806857,178.9674791608538,174.98415808584176,2.378113790586582,2.1964023988798154,0.18171139170676653
2020-08-25,191.87890625,192.34026453099523,187.0346442995503,188.23417864604534,105394375,69.14152411172138,183.1284874810113,179.88140796479723,175.60382558785233,3.04310149270853,2.3657422176455585,0.6773592750629716
2020-08-26,193.632080078125,194.09343836844263,190.2180174661444,192.38640706245232,66749637,71.23594278039931,183.9435543484158,180.77776082356772,176.27234275668275,3.669278356811674,2.626449445478782,1.042828911332892
2020-08-27,198.9838104248047,199.76812509278037,194.23182601399662,194.23182601399662,80997993,74.99999173158749,185.9068857828776,181.85206531343005,177.04489105822992,4.5449762881739275,3.010154814017811,1.5348214741561166
2020-08-28,207.47283935546875,208.44168055085444,200.04496768710206,200.22950819672133,95974037,77.69848826063084,189.16202460394965,183.53492446172805,177.86267179601333,5.8564573025058735,3.579415311715424,2.2770419907904493
2020-08-31,195.61590576171875,213.65501686838843,194.09342910812396,213.65501686838843,119986476,62.52770800190472,190.89468044704861,184.4378676641555,178.36021513097427,5.8713784110707365,4.037807931586487,1.8335704794842496
2020-09-01,201.2445068359375,201.98266889171643,194.87775350830395,196.63092358962567,75048313,61.29771181237224,193.05281405978732,185.57368832542784,178.91022715849036,6.26516365690884,4.483279076650958,1.7818845802578815
2020-09-02,199.53746032714844,202.07493092090408,195.8927326538433,201.38289348624343,47608088,60.879441394937956,195.25708177354602,186.65678115118118,179.34082839068245,6.366112334207287,4.859845728162224,1.5062666060450631
2020-09-03,196.67703247070312,201.38289263839826,195.89273182911234,200.69085520665118,38594129,63.07929732306745,196.7693108452691,187.6102541968936,179.85736861883424,6.144472610388959,5.1167711046075715,1.0277015057813879
2020-09-04,190.6332550048828,195.89273680381783,189.9873421218858,193.7704858099913,54435758,60.10477096298086,197.2973107231988,188.2978973388672,180.2436430687998,5.418676076102486,5.1771520989065545,0.24152397719593122
2020-09-07,191.83277893066406,193.4475330094728,189.52598738950869,191.46369791589447,35687359,59.68228855116484,197.29218546549478,189.05584280831474,180.6651979334214,4.88396929173976,5.118515537473195,-0.2345462457334353
2020-09-08,188.28033447265625,192.38642073233063,187.21920188180508,191.83278511279622,34146789,55.147064366788,196.69754706488715,189.50621614002046,181.1138916015625,4.125995822534833,4.920011594485523,-0.79401577195069
2020-09-09,179.79132080078125,185.83510278506932,177.6229313319274,185.5582990907789,72715826,50.06675431827691,194.56504821777344,189.49742853073846,181.41060832902497,2.807935793663006,4.49759643432102,-1.6896606406580137
2020-09-10,182.83628845214844,185.8812560446247,180.11427730112345,182.42106879852395,67789617,49.83232515477592,191.82765367296008,189.2711428687686,181.65214299220665,1.9861718139589755,3.9953115102486114,-2.009139696289636
2020-09-11,187.03465270996094,188.09578525168843,181.77517088601925,183.20538443732445,48487971,50.82182734460908,190.87418111165366,189.30629403250558,181.96423818550858,1.6546174479883575,3.5271726977965607,-1.8725552498082032
2020-09-14,183.1592559814453,190.26417140763897,182.0981374602197,189.9873535952857,63605531,43.59324384108268,188.86470879448785,189.39417157854353,182.21391475901885,1.0668481350757872,3.035107785252406,-1.968259650176619
2020-09-15,184.6817169189453,185.46603163978432,181.86744262784234,184.45103777511474,51761038,43.40135619746332,187.21407063802084,189.70393952869233,182.43283350327437,0.7156371739895633,2.571213662999838,-1.8555764890102746
2020-09-16,182.88241577148438,184.58944700565377,181.0831213308559,184.40490651319854,52404964,37.473102489398286,185.68133544921875,189.84014965239027,182.60652100806143,0.2887824870278166,2.1147274278054335,-1.825944940777617
2020-09-17,180.34495544433594,182.69788557446006,179.92973579302884,181.77516898064965,41223296,26.74050488005716,184.53819105360242,189.7698473249163,182.6707494399127,-0.2513572794187553,1.6415104863605958,-1.8928677657793511
2020-09-18,177.71522521972656,181.95971318999116,175.03933859544634,180.85245607077164,55286316,31.766936633235574,182.96957397460938,189.67537943522134,182.55314815745635,-0.8814582849577732,1.136916732096922,-2.0183750170546952
2020-09-21,171.4407501220703,178.54566525157415,170.0105365509175,178.13044559015256,57611375,20.03707438777711,181.09850904676648,189.1217498779297,182.37584192612593,-1.8656099832990094,0.5364113890177358,-2.402021372316745
2020-09-22,171.80982971191406,173.74754022186264,167.1501080224001,171.7636910655747,51210889,21.353636589496887,180.21167670355902,188.4516819545201,182.25824094286153,-2.5859662471025047,-0.08806413820631231,-2.4979021088961924
2020-09-23,169.59530639648438,174.3472910445387,167.01169721482276,173.6091149812729,44320497,21.64247975156725,178.74045647515192,187.39055815197173,182.21753258798637,-3.297535365021531,-0.729958383569356,-2.567576981452175
2020-09-24,162.72108459472656,167.749887451333,161.93676982132638,167.10398862122972,46114798,21.272522600337595,176.03894890679254,185.9186059860956,182.0827439252068,-4.3658247565225565,-1.4571316581599962,-2.9086930983625603
2020-09-25,168.11895751953125,168.626454452807,162.53651941257323,165.16626728893272,46550127,27.534927557391057,174.36780463324652,184.4488510858445,182.00946912578507,-4.722451086272315,-2.11019554378246,-2.612255542489855
2020-09-28,172.7786865234375,173.60912584687503,169.18009734915717,169.7798575183578,41921548,35.616415858136676,173.04524570041232,182.7967485700335,181.99228114707796,-4.576325799168956,-2.603421594859759,-1.9729042043091964
2020-09-29,170.7487030029297,174.34729197111142,169.08781037163914,173.93207233317312,35688726,40.46691780775642,171.69705539279514,181.6125960577102,181.88915357402726,-4.571624321744821,-2.9970621402367716,-1.5745621815080493
2020-09-30,171.0716552734375,172.36346698581715,168.30350542060168,170.74871290499627,37641083,36.8420890954846,170.66668870713977,180.17579360235305,181.72632135129442,-4.490079970882022,-3.295665706365822,-1.1944142645161997
2020-10-01,175.59295654296875,176.4233957790172,172.45571192776373,172.54798921156322,43588724,37.29504738584073,170.43088107638889,179.03557913643974,181.69556412042357,-4.014349338637942,-3.439402432820246,-0.5749469058176957
2020-10-05,174.16278076171875,178.822503009927,172.59416515487214,177.16161009933774,41694686,39.43660760580449,170.7333289252387,177.96347191220238,181.5236858293122,-3.7099664345163603,-3.4935152331594694,-0.2164512013568909
2020-10-06,176.79251098632812,177.2538692988399,173.74754330784273,176.33115267381635,31098726,40.97149341162986,171.28696017795139,177.30438886369978,181.51735343185126,-3.2194319312099253,-3.438698572769561,0.21926664155963582
2020-10-07,175.96205139160156,178.22270422754715,174.48571329117527,177.66908271971397,34578053,41.90064393678284,171.99437628851996,176.54863993326822,181.58158186370252,-2.8646688329712617,-3.3238926248099014,0.4592237918386397
2020-10-08,176.70022583007812,180.6679099570527,175.82364789121505,176.56182397429785,43351606,45.54678023827218,173.54761420355902,175.99720618838356,181.61867119284238,-2.4951890277722555,-3.1581519054023723,0.6629628776301169
2020-10-09,182.97471618652344,183.43607451574837,175.82366208353668,177.16159842238127,64907230,55.90063387741658,175.19825405544705,176.14879644484748,181.74712805654488,-1.676746200076252,-2.861870764337149,1.1851245642608967
2020-10-12,183.3437957763672,190.0334914975247,182.00585944804345,184.26651242756134,69122798,65.39381735601708,176.37215508355035,176.17296346028647,181.9669515572342,-0.9869655991294621,-2.4868897312956113,1.4999241321661492
2020-10-13,180.5756378173828,184.5433220575273,180.02201629893312,183.29764900182371,34948525,60.674167324423514,177.4640367296007,175.86539132254464,182.04384448481542,-0.6561134486869378,-2.1207344747738768,1.464621026086939
2020-10-14,184.58944702148438,185.3737476343707,178.13043122823748,179.0531477701299,40548275,67.4919416337176,178.96601359049478,175.9334956577846,182.18496554505592,-0.06923181654650534,-1.7104339431284026,1.6412021265818972
2020-10-15,177.94589233398438,186.85010141140432,177.16157763451668,185.46602658613466,49184123,67.85713902207237,179.22745090060764,175.61274210611978,182.2075808655982,-0.13860547792882016,-1.3960682500884862,1.257462772159666
2020-10-16,180.8063201904297,181.5444963077156,176.7925113119084,179.00702558422785,36893126,65.82280070836177,179.9656219482422,175.51388041178384,182.28899697696463,0.036803767119749864,-1.1094938466468391,1.146297613766589
2020-10-19,188.2342071533203,188.7878428061753,180.89861219045912,181.0370140639031,60220779,68.03016143416338,181.23692152235242,175.88955906459265,182.52510399911918,0.7663512380052282,-0.7343248297164257,1.500676067721654
2020-10-20,187.35760498046875,188.5571393541893,185.18921537876096,185.4660331695484,39316753,69.91150248216714,182.50309414333768,176.34872000558036,182.74945068359375,1.2592722884372733,-0.33560540608568584,1.5948776945229592
2020-10-21,188.00350952148438,191.2791563069688,183.4822037586725,188.88008748616772,54515523,70.14269937287209,183.75901455349393,177.1374228341239,182.92947058584176,1.6826384618375414,0.06804336749895962,1.6145950943385818
2020-10-22,187.58828735351562,188.78782174787324,185.55831365204625,186.29647566746206,33721637,65.81509524150567,184.27163357204861,177.88877795991442,183.0787338556028,1.9620371032466437,0.44684211464849644,1.5151949885981473
2020-10-23,187.12693786621094,189.71054728044632,185.9735420633861,188.23419502101507,32707020,67.54053577541018,184.69198269314236,178.72361755371094,183.06968778722427,2.12177696743467,0.7818290852057311,1.3399478822289388
2020-10-26,181.49835205078125,188.23418603357663,180.48337224047984,187.03465164000409,45470123,55.88911727211135,184.7945064968533,179.6177731468564,182.97560688093597,1.7737454915085493,0.9802123664662948,0.7935331250422545
2020-10-27,179.60678100585938,182.28266760025187,177.39226679215483,182.00584980365429,37794381,54.44318656580654,184.24087693956164,180.16481236049108,182.94213538076363,1.329963078108193,1.0501625087946744,0.2798005693135186
2020-10-28,175.7313995361328,179.9297635003831,174.43960173768969,179.9297635003831,46458319,48.90285175944956,183.99482218424478,180.30541774204798,182.8941904703776,0.6579667899318906,0.9717233650221178,-0.31375657509022714
2020-10-29,174.1166229248047,175.96205616000037,171.5330135796231,174.71639717396621,44822673,38.78504022922778,183.25152248806424,180.4657948811849,182.7783987007889,-0.004838314129074206,0.7764110291918794,-0.7812493433209536
2020-10-30,174.62411499023438,177.16158561756936,171.7636879239689,174.71639228122532,41519686,38.99883684173847,181.73929002549914,180.6349596296038,182.63727734135645,-0.4835912273148608,0.5244105778905315,-1.0080018052053923
2020-11-02,180.89859008789062,182.00584717877408,175.3622905539355,177.3461255884543,52600119,50.37433291275045,181.02162170410156,180.88760884602866,182.6607977175245,-0.35264360190876687,0.3489997419306718,-0.7016433438394387
2020-11-03,188.9262237548828,189.89507900030262,182.32880570001953,182.69788670801853,69890201,54.59883064478287,181.1241455078125,181.59062994094123,182.7756850298713,0.3943504552709669,0.35806988459873085,0.03628057067223606
2020-11-04,191.00234985351562,192.84778318543366,182.74403850909025,187.7728415226591,117577856,65.33044187436487,181.50348578559027,182.26728893461683,182.8760986328125,1.1407250839463643,0.5146009244682576,0.6261241594781067
2020-11-05,201.75198364257812,203.92037333474022,198.1533944508392,199.3067902276194,138023646,70.74952195962543,183.1284908718533,183.49538094656808,183.06968838560815,2.5700124589996562,0.9256832313745373,1.644329227625119
2020-11-06,202.2594757080078,204.70468314336003,200.27564065174627,202.07493520409432,73147085,66.10165928583442,185.4352823893229,184.71248808361236,183.23885300580193,3.7010203112380395,1.4807506473472378,2.220269663890802
2020-11-09,202.5363006591797,205.4428524172341,200.2756477274109,205.30445055429377,60359458,67.66917720599389,187.9830067952474,185.64399210611978,183.3085096770642,4.567043606831845,2.0980092392441594,2.469034367587686
2020-11-10,213.79344177246094,216.8384094875556,205.7658098541485,205.85808714957562,135294550,74.07407407407408,192.21212259928384,187.0939752487909,183.43244305778953,6.09151136476018,2.8967096643473638,3.194801700412816
2020-11-11,216.10023498535156,220.85223414475914,210.14871545361572,214.7622986688433,107094861,75.70715487944503,196.87696838378906,188.7856227329799,183.8340965719784,7.400493695051296,3.7974664704881502,3.6030272245631454
2020-11-12,209.27212524414062,215.315921719241,208.21099271884975,215.17750578313985,58859905,67.91043173644582,200.72674730088977,189.96098836263022,183.9915008544922,7.797021026378786,4.597377381666278,3.1996436447125083
2020-11-13,211.71731567382812,212.8245727497824,203.08992413079443,207.6112297240816,70676525,75.76710759621145,204.1510501437717,191.56915137881325,184.23032154756433,8.213893573503583,5.320680620033739,2.8932129534698436
2020-11-14,211.90185546875,214.9006843325725,210.1486996109457,214.07024504825205,7753219,78.36304330929197,206.70389811197916,193.04989115397134,184.52884748870252,8.461618617444088,5.948868219515809,2.5127503979282793
2020-11-17,221.6365203857422,222.9283320494611,213.14753063938838,213.93184536662977,80501583,86.55396368075928,210.1076948377821,194.6404774983724,185.13675465303308,9.33583095445158,6.626260766502964,2.709570187948617
2020-11-18,232.5245819091797,233.4472985040574,219.514272289589,220.89834718190556,104514060,90.52495999193698,213.52687242296008,196.7912859235491,185.9346331428079,10.782927226575538,7.457594058517479,3.3253331680580587
2020-11-19,221.2213134765625,232.34005175604716,220.52927599957638,228.8337257234098,82284278,78.11804482617015,215.6337432861328,198.37308611188615,186.5805346919041,10.89212451949436,8.144500150712854,2.747624368781505
2020-11-20,223.9894561767578,226.43464955160957,215.86954722550325,222.836060418896,84411129,77.15116510486742,218.0174272325304,200.1064751034691,187.44716479731542,11.074371679266932,8.73047445642367,2.343897222843262
2020-11-23,220.25245666503906,227.12669273950866,219.6988351350136,224.68149930293478,57538324,70.86663056417461,218.73509555392795,201.68388076055618,188.18081515443092,10.792846026538314,9.1429487704466,1.6498972560917142
2020-11-24,225.0044403076172,226.0655587269696,220.9906176126907,221.91333417892324,47636611,71.8694335458486,219.72445170084634,203.75559924897692,188.92532079360063,10.82835771709577,9.480030559776434,1.3483271573193356
2020-11-25,224.2201385498047,230.5868775928604,222.92834091425487,226.48079145178602,74767232,66.57591118525849,221.38534206814236,205.88004484630767,189.7304361380783,10.670214796344084,9.718067407089965,0.9521473892541188
2020-11-26,226.4807891845703,227.21896528872557,221.5903883340221,225.1428529155291,64248318,67.41872050916274,223.0257280137804,208.2966824486142,190.55002579034544,10.605052560963344,9.895464437864641,0.7095881230987029
2020-11-27,225.37353515625,227.21896840215584,223.34356140166125,226.48079228788583,54355703,66.22951630291809,224.52258131239148,210.73748779296875,191.38318499396829,10.344816271030226,9.985334804497759,0.3594814665324666
2020-12-01,228.87985229492188,229.71029159167404,225.37352644728583,226.06556388775854,37003272,62.04864043441754,225.327395968967,213.3210943312872,192.33484963809744,10.302744006264078,10.048816644851023,0.25392736141305505
2020-12-02,227.8648681640625,231.4634714561746,225.2351342255012,229.15667988925853,56723083,59.59368440175646,224.80964999728732,215.55758376348587,193.3181759703393,10.071403822503953,10.05333408038161,0.018069742122342802
2020-12-03,236.49224853515625,238.98359456841854,228.83371217362085,230.0332465452772,79266442,71.56434059873962,226.5064205593533,217.82263256254652,194.5936955470665,10.463604633234922,10.135388190952273,0.328216442282649
2020-12-04,243.1358184814453,243.92013320513598,233.95479133951457,237.13816072004343,79252024,73.3379245027675,228.63379414876303,220.305178687686,195.99224434646905,11.18161250478525,10.34463305371887,0.8369794510663802
2020-12-07,248.764404296875,250.47143566136964,242.67446902414954,243.41263105032633,76053084,75.3329384910032,231.80178833007812,222.54386538550966,197.5445795994179,12.06573249763207,10.68885294250151,1.376879555130559
2020-12-08,250.88662719726562,252.5475339018033,244.7505677010431,250.01006336013367,65617502,72.45044163401658,234.6775868733724,224.8594440278553,199.27331572887945,12.79021201117419,11.109124756236046,1.681087254938145
2020-12-09,249.45645141601562,253.6548009007409,248.39533290264214,251.07120554999878,48495641,65.20303050314475,237.48162163628473,227.09373692103796,200.86816855037912,13.097978667312049,11.506895538451246,1.5910831288608023
2020-12-10,248.71826171875,250.05621212474585,245.02739511912273,248.21077882493222,38676657,80.47039702620937,239.95245191786023,228.75682358514695,202.35717982871859,13.130954747782795,11.831707380317557,1.299247367465238
2020-12-11,251.3941192626953,254.90043066523052,249.17957715680717,249.17957715680717,50255223,80.43037140806496,242.8436279296875,230.43748474121094,203.93846250047872,13.220608919773639,12.109487688208773,1.1111212315648658
2020-12-14,253.00892639160156,254.80820703262248,251.3018948918546,252.8243717908965,31946501,88.17211528408133,245.52463616265192,232.5201895577567,205.5450756596584,13.269005105607732,12.341391171688565,0.9276139339191669
2020-12-15,249.73326110839844,252.87049215464205,247.4264694333549,252.87049215464205,34890948,79.8441267051519,247.95445760091147,234.3304726736886,206.99880712172563,12.89440197954579,12.451993333260011,0.44240864628577903
2020-12-16,248.57984924316406,252.50139483788814,247.74940992550836,251.71708008712807,24844177,79.13905665005929,249.29752434624567,236.07704380580358,208.45796532724418,12.361954686634732,12.433985603934957,-0.07203091730022493
2020-12-17,247.01124572753906,251.11731771279722,246.08852912513373,249.13348264944094,25904699,74.971956094863,249.72812737358942,237.28536406017486,209.83480326334634,11.67878738539659,12.282945960227284,-0.604158574830695
2020-12-18,250.47145080566406,250.9328091396888,244.51991703311367,247.0112633004785,29816205,78.87474619873021,249.9177992078993,238.13997686476935,211.29577187930838,11.286478510198378,12.083652470221503,-0.7971739600231249
2020-12-21,235.0159149169922,248.2107650967807,231.64800496292168,247.703282231031,55160758,55.53704365134551,248.15438673231336,238.79686264764695,212.4392167633655,9.617572927283504,11.590436561633904,-1.9728636343504
2020-12-22,237.55337524414062,238.70677087426546,229.06437214279262,235.10816806055408,51189571,58.50889046960741,246.83182271321616,239.44276355561755,213.50938654880898,8.402842335116674,10.95291771633046,-2.5500753812137855
2020-12-23,242.67446899414062,243.5049083132559,235.84637169608274,237.09204475429377,29056404,55.78584554360883,246.16029018825955,240.51047842843192,214.67273308249082,7.763891744842198,10.315112522032807,-2.5512207771906095
2020-12-24,246.2269287109375,248.07236189871432,244.1969409407527,244.5198973804288,28585509,53.07058189769507,245.5861579047309,241.52107311430433,215.96001329608993,7.4581991316383665,9.74372984395392,-2.2855307123155537
2020-12-28,253.93161010742188,254.6697720962448,247.28803957171598,247.98007699589056,36870242,54.9295643429567,245.68867831759982,242.93590509323846,217.31966355267693,7.748321108686696,9.344648096900476,-1.5963269882137805
2020-12-29,256.4229431152344,258.2683763555874,253.4702668261155,254.94659089113668,45032526,55.244761714228225,246.43197631835938,244.36172194707962,218.85842925427008,8.086063511741656,9.092931179868712,-1.0068676681270556
2020-12-30,255.50018310546875,257.16108963517365,251.44023629797633,256.5151768471098,30971894,55.78103407710302,247.2009023030599,245.79632423037575,220.32301480162377,8.184917148549971,8.911328373604965,-0.7264112250549939
2020-12-31,253.7009735107422,255.82321070380556,251.5325835862159,253.74709808312545,29467966,54.67131413406302,247.94420539008246,246.97828238351005,221.60667688706343,8.025564478680252,8.734175594620023,-0.708611115939771
2021-01-01,257.8070068359375,258.3606424157864,253.1934239356556,253.65478222568382,24531791,55.85510028657288,248.75926717122397,248.4040985107422,222.98803770775888,8.13680291451098,8.614701058598214,-0.4778981440872343
2021-01-04,259.3294677734375,261.95921549831627,256.284514508256,260.06765788798737,31450608,55.78053388402118,251.46077304416232,249.49158514113654,224.38658590877756,8.252678311791328,8.542296509236838,-0.28961819744550965
2021-01-05,259.97540283203125,260.6213157176046,255.59249896884702,256.561340138131,27393072,59.84041968339026,253.95210944281683,250.29347011021204,225.80594111423866,8.300943846394063,8.494025976668283,-0.19308213027422028
2021-01-06,263.0203857421875,266.80352986803547,259.65247539760884,261.1288277588031,40765708,63.38753845270257,256.2127668592665,250.97232636951264,227.29404793533624,8.48706569287424,8.492633919909474,-0.005568227035235296
2021-01-07,265.465576171875,269.24869169162093,264.81966329046304,266.66509648412483,30546600,66.83502297476187,258.3503943549262,251.66656203497024,228.94046409457337,8.73122688102751,8.540352512133081,0.19087436889442877
2021-01-08,263.8969421386719,268.8796060437408,263.15878013757845,267.68008575219517,32543357,62.685239037041036,259.4576534695095,252.35420445033483,230.5932123520795,8.697886898943068,8.571859389495078,0.12602750944799013
2021-01-11,260.66748046875,265.92697717900825,257.9916075400019,265.74242256637166,29703173,81.51941055306212,259.9292687310113,252.9232148670015,232.25862570369944,8.315023738182958,8.520492259232654,-0.2054685210496956
2021-01-12,269.89459228515625,271.14026526597956,256.422924952954,258.36063534989313,44307145,84.12863778764802,261.52864752875433,253.80418977283296,234.13662510292204,8.656367517948212,8.547667310975767,0.1087002069724452
2021-01-13,283.0894470214844,284.1967182262562,271.74004388841706,273.1241188148436,78042133,86.43936421424063,264.79403347439234,255.2365955171131,236.26339631922104,9.877735044959167,8.813680857772447,1.06405418718672
2021-01-14,283.5046691894531,285.3501023493519,280.32128572499755,282.99718633411106,40123498,85.62620162020401,267.64932929144965,256.84475780668714,238.27528022317324,10.755203279863139,9.201985342190586,1.553217937672553
2021-01-15,280.3674621582031,286.87260333331164,278.0145177849145,283.0894594037894,35307601,77.68129048338804,269.98688422309027,258.35845365978423,240.0682456820619,11.069850443977487,9.575558362547966,1.4942920814295206
2021-01-18,271.69390869140625,284.79646725350705,269.61779638299225,280.0444824905079,54969750,64.15744902855488,271.2889404296875,259.5338185628255,241.65043311025582,10.498309336527996,9.760108557343973,0.738200779184023
2021-01-19,275.523193359375,279.12178261080635,273.4932054949383,274.64660129085075,35803901,67.61375137247953,272.6781412760417,260.7267586844308,243.09692741842832,10.236351868745658,9.85535721962431,0.38099464912134806
2021-01-20,279.16790771484375,281.15177101488257,273.9084397708344,275.707720320465,33759304,71.69812350996125,274.20062255859375,262.8292345319475,244.6049358891506,10.205207398198638,9.925327255339177,0.2798801428594615
2021-01-21,272.0629577636719,281.5669261743118,268.9718519465371,280.5058078619117,29995203,61.555712884174966,275.1079576280382,264.47254798525853,245.96820367551317,9.497731165645803,9.839808037400502,-0.34207687175469914
2021-01-22,261.77471923828125,274.96955578585073,260.5751707236351,272.6627642104661,44440810,51.735467952127884,275.2309841579861,265.38208371117,246.9090130375881,8.01449023309442,9.474744476539286,-1.460254243444865
2021-01-25,259.2372741699219,265.74241579288673,255.63865642879617,262.51290726762596,34034630,49.48982583585921,274.04683770073785,266.00162397112166,247.75483733532477,6.558656388940392,8.891526859019507,-2.332870470079115
2021-01-27,254.34683227539062,262.83583649656276,251.6248351246685,258.5452098183164,39211107,44.154208850332196,270.8532138400608,266.02139645531065,248.63865512025123,4.953182583399041,8.103858003895414,-3.1506754204963734
2021-01-28,260.529052734375,261.45176938782834,248.67213810568364,250.88665244215622,48717297,46.83244875835751,268.3003675672743,266.21692548479353,249.59574800379136,4.132054794208443,7.30949736195802,-3.1774425677495772
2021-01-29,260.2983703613281,268.1875863874432,257.5302204351015,263.5278786085926,42300984,47.65061465202925,266.07046847873266,266.4454105922154,250.54469927619485,3.423230100050148,6.532243909576446,-3.1090138095262985
2021-02-01,286.6880798339844,289.640756274312,260.89813771569794,263.06652751597295,103414068,63.04347759575214,267.73648749457465,268.01622517903644,251.8202200496898,4.934033957430927,6.212601919147343,-1.2785679617164165
2021-02-02,307.3569030761719,311.32457316652153,290.65572709388283,290.65572709388283,121434166,66.84648103536627,271.2735663519965,270.37574404761904,253.28752046472886,7.710278902534185,6.512137315824712,1.1981415867094727
2021-02-03,309.98663330078125,313.6313467433238,300.6210378797071,307.956645646374,66420168,63.36543037114342,274.6978691948785,272.7879900251116,255.0280169318704,10.00731220903657,7.211172294467085,2.796139914569485
2021-02-04,327.65667724609375,330.33254981107206,305.5114783760777,308.5564319570743,145203439,68.72799245067111,280.8749491373698,276.0109078543527,257.06070754107304,13.102514889722443,8.389440813518156,4.713074076204286
2021-02-05,362.7198791503906,376.79130644919064,355.38427136050126,357.0913025990558,214955688,77.48689787575074,292.09107801649304,280.75850277855284,259.85418641333484,18.175279365363565,10.346608523887237,7.8286708414763275
2021-02-08,366.3646240234375,376.2838277240696,364.24238705344453,367.24121607921705,79389205,82.6959828093058,303.9941168891059,285.56321934291293,262.6259547214882,22.233290675292835,12.723944954168356,9.509345721124479
2021-02-09,364.2884826660156,372.3161279144172,358.9367379397975,366.08779120209425,63869990,81.03223824099571,316.2098558213976,290.3437688918341,265.3723928414139,24.993655317804382,15.177887026895563,9.815768290908819
2021-02-10,361.9355773925781,367.14892042173966,358.01403193963114,363.5964559678432,54163507,79.19921364028349,327.4772474500868,295.1660592215402,268.0283690807866,26.683810040776564,17.479071629671765,9.204738411104799
2021-02-11,359.9978942871094,366.2723843837571,358.2447382891774,361.52037112323245,36392708,82.19597288319824,338.5549723307292,299.4566926502046,270.66806239707796,27.549343321976266,19.493125968132667,8.0562173538436
2021-02-12,362.7660217285156,368.4868758501748,355.75337001266513,360.78218669182075,53589755,89.13120544313571,347.00807698567706,303.25081525530135,273.2932814055798,28.134334340213854,21.221367642548906,6.912966697664949
2021-02-15,375.4995422363281,377.80633380146327,365.11898019322,366.7798588564866,56608937,91.74948219745536,354.57948133680554,307.6315234956287,276.18807893640854,29.28782085552217,22.83465828514356,6.453162570378609
2021-02-16,371.2550354003906,383.6194324003609,369.3634494456045,380.1592450966896,80365431,92.17709843519069,361.38708157009546,311.9595031738281,278.83048652200137,29.5191921286887,24.17156505385259,5.347627074836112
2021-02-17,379.9285583496094,382.78898542862254,369.22504020569835,371.85478813574395,74161370,92.31523815930672,367.195068359375,317.113534109933,281.51269710765166,30.05596983291707,25.348446009665487,4.707523823251584
2021-02-18,383.1119689941406,394.6459272591487,381.72789400233967,392.2007055797048,67154539,92.63293115305945,369.4608561197917,322.23680914015995,284.14696308210785,30.387951278438493,26.356347063420092,4.031604215018401
2021-02-19,368.6714172363281,382.9274003941507,364.473067845035,382.9274003941507,66155518,81.03386053956541,369.71716647677954,326.49888102213544,286.4564687691483,29.149796415720232,26.91503693388012,2.2347594818401113
2021-02-22,359.3981018066406,370.0093422964387,355.8456374021541,369.6402613025216,52535049,71.55961238146098,369.17379082573785,330.65769740513394,288.6121874042586,27.107788994234,26.9535873459509,0.1542016482830988
2021-02-23,365.0267028808594,368.8098466793104,358.93676751738656,361.7049173954127,45462768,72.2491495979727,369.51724921332465,335.57445853097096,290.89274507410386,25.648010171420538,26.69247191104483,-1.0444617396242926
2021-02-24,374.8536376953125,378.7751834435096,364.6576300136309,366.3185087139423,39632090,70.37035573539019,371.1678873697917,341.0799996512277,293.3135199453316,24.995938826250494,26.353165294085965,-1.3572264678354706
2021-02-25,375.7763366699219,382.83511305290074,375.1304237840227,379.23652393207584,46988836,57.98983627179569,372.6134779188368,346.8623570033482,295.72072406843597,24.2738083307014,25.937293901409053,-1.6634855707076532
2021-02-26,359.9978942871094,370.00937554142985,357.09134248013305,368.62530057057666,64450414,46.607680552696436,370.8910725911458,351.5989685058594,297.88277569939106,22.172732814127244,25.184381683952694,-3.01164886982545
2021-03-01,364.4269104003906,366.96438089697523,360.7821687871212,364.5653122502076,29677890,50.07195294505814,370.13239203559027,356.5574704124814,300.15428670247394,20.627222138507477,24.27294977486365,-3.645727636356174
2021-03-02,363.7348937988281,368.67140506548753,360.36695569253783,364.4730558127933,30534337,50.95169348496725,368.33309597439234,360.2263663155692,302.44298568426393,19.1260802889542,23.243575877681764,-4.117495588727564
2021-03-03,373.746337890625,377.2988023404721,365.3957641404395,365.8571224284956,46268223,56.69962230053741,367.29247029622394,363.3877679734003,304.8601403329887,18.530644690057727,22.300989640156956,-3.770344950099229
2021-03-04,365.07281494140625,372.3161458392388,363.96557192357517,367.8871174497629,43603653,51.06292563640685,366.8926255967882,366.01091948009673,307.410275627585,17.16105491502958,21.27300269513148,-4.1119477801019
2021-03-05,354.000244140625,364.4730839570286,348.8791778954929,364.4730839570286,72179228,39.93954780524488,366.2928636338976,367.265375046503,309.69354756673175,15.009164914417795,20.020235138988745,-5.01107022457095
2021-03-08,359.49041748046875,362.99672953568995,356.21475643188364,358.42929895000003,39147858,44.55826590858466,365.67772081163196,367.1115911574591,311.98405636058135,13.590129141454042,18.734213939481805,-5.144084798027762
2021-03-09,357.6449890136719,364.3808094804006,352.7084491685102,363.0428871965295,28054083,38.9977380351825,363.7656487358941,366.6963704427083,314.16872420965456,12.176262044014834,17.42262356038841,-5.246361516373575
2021-03-10,357.7372131347656,362.62759952374637,355.89178005830894,360.87444373292726,22677399,37.07702866777203,361.7613016764323,366.3844052269345,316.2041281905829,10.937127501048394,16.125524348520408,-5.1883968474720135
2021-03-12,351.6473388671875,362.8122165329786,348.3255531260898,361.42814148744446,35336355,40.52388593296182,360.83346218532984,365.89448910667784,318.07127320532703,9.355854028649105,14.771590284546148,-5.415736255897043
2021-03-15,354.2309265136719,356.16863716634066,340.80541013282067,352.9391287982521,42722585,46.892355898096255,359.70057508680554,365.61987159365697,320.00717013489964,8.216443296675209,13.460560886971962,-5.244117590296753
2021-03-16,349.29437255859375,357.8756541999037,347.0337336876566,355.7995417613883,38196452,40.45883442079909,358.09607272677954,364.9783644903274,321.88155050838697,6.836308723393984,12.135710454256365,-5.299401730862382
2021-03-17,339.6981506347656,350.3093927835248,337.7604399149155,348.9714704515201,33143064,28.619466878199958,354.3129408094618,363.2735363188244,323.48725921032474,4.911589474353832,10.690886258275858,-5.779296783922026
2021-03-18,338.72930908203125,346.0187654421977,333.1930088349561,342.7892569647372,39405038,27.481725977400046,351.38588460286456,361.72469220842635,325.0441188438266,3.270359517487634,9.206780910118214,-5.93642139263058
2021-03-19,342.46624755859375,344.0810015477712,329.6404929335134,335.82270518428,60309145,37.516346743494005,350.1043294270833,359.9407726469494,326.6615863874847,2.245329891093263,7.814490706313224,-5.569160815219961
2021-03-22,338.6369934082031,343.98873844366693,335.40748529668076,343.2505764246637,28461974,31.477724629854322,347.7872823079427,357.8229166666667,328.1442649691713,1.11118862888884,6.473830290828348,-5.362641661939508
2021-03-23,343.8965148925781,348.74077742021956,338.6831431689015,340.2056482048513,41032380,36.62932570717733,346.2596740722656,356.6431594122024,329.68212651271443,0.6295162640475951,5.304967485472198,-4.675451221424603
2021-03-24,332.0395812988281,340.5285573063599,330.93231009133086,340.0210744290516,42318999,22.572765166642924,343.40438164605035,355.3403727213542,331.0182566923254,-0.7008885963869602,4.103796269100367,-4.804684865487327
2021-03-25,327.74896240234375,332.9623057962426,318.5217959851503,332.17799101896577,57495003,23.953588614975985,340.7490064832899,353.5652422223772,332.3335798674939,-2.0775128452060585,2.867534446239082,-4.945047291445141
2021-03-26,329.5943603515625,334.0233884933698,327.1491389858848,332.17795540777104,40718848,30.450760964687134,338.01161024305554,351.41003853934154,333.5041635550705,-2.985178014625774,1.6969919540661111,-4.682169968691885
2021-03-30,332.9161071777344,336.1456149785791,328.7638828623626,332.2702225130094,39405124,27.947780943336497,336.1918029785156,349.3690752301897,334.48115689146755,-3.397309918896667,0.6781315794735556,-4.075441498370223
2021-03-31,336.1456298828125,339.42129055006586,330.28640228303425,332.45476366105635,38651025,32.55976420599002,335.7970784505208,348.2332531156994,335.5133325913373,-3.423863760083975,-0.14226748843795056,-3.2815962716460247
2021-04-01,342.0049133300781,343.1583091177548,335.03841403614166,339.28291616660727,31883453,38.32989843817913,336.1610344780816,347.16553896949404,336.7219100652957,-2.9382424346216567,-0.7014624776746918,-2.2367799569469646
2021-04-05,326.2264709472656,340.667009516391,322.0742458873051,339.09837989677453,51743981,33.5128270799496,334.3566148546007,345.3794235956101,337.7911759918811,-3.7829648063541867,-1.3177629434105909,-2.465201862943596
2021-04-06,323.4582824707031,329.4098156130564,322.3048867577723,328.21029533523836,44147709,30.08951010730472,332.6700914171007,342.98475428989957,338.7310796999464,-4.6224977702994465,-1.9787099087883622,-2.6437878615110844
2021-04-07,330.8400573730469,335.1307125015106,320.73632653018245,324.10423681113724,48023602,38.42593248309091,331.21937391493054,341.3546229771205,339.7442591050092,-4.638713943342566,-2.510710715699203,-2.128003227643363
2021-04-08,328.1180419921875,335.2229432069068,326.9184934677523,333.10070620386483,33370259,42.05192160023527,330.78364732530383,340.12213716052827,340.8433784036075,-4.815696913364093,-2.9717079552321812,-1.8439889581319115
2021-04-09,325.7189636230469,336.33020464759375,324.05808498718307,327.0107612463938,46473100,41.24221178201001,330.55809190538196,338.5139726911272,342.0971871170343,-5.090858518601635,-3.395538067906072,-1.6953204506955633
2021-04-12,303.43536376953125,317.41451482248533,297.6222322130923,317.41451482248533,75501713,28.97617846850217,327.6515367296007,335.93256196521577,342.9638163248698,-7.026034596277896,-4.121637373580437,-2.904397222697459
2021-04-13,314.6463623046875,315.79975806093637,304.9578379521971,306.34191285969575,49773360,38.02947812864408,325.6215650770399,333.88061668759303,344.14616005093444,-7.567804750099754,-4.8108708488843,-2.7569339012154535
2021-04-15,316.2149658203125,320.6901184596713,310.12503109578074,315.661330270978,52992349,35.65963657611688,323.4070468478733,332.19336082821803,345.2380406996783,-7.780894991875016,-5.404875677482444,-2.376019314392572
2021-04-16,313.6313781738281,318.79859695454496,312.4779823816626,316.49180537021397,37766793,39.45002298187964,320.25443183051215,330.26004900251115,346.2837859509038,-8.065273027835872,-5.93695514755313,-2.128317880282742
2021-04-19,305.55755615234375,306.38799535098605,296.4687932094197,301.8666902392028,53304377,37.81041068922489,317.9578857421875,328.1773434593564,346.6537756826363,-8.840229963389845,-6.517610110720473,-2.322619852669372
2021-04-20,304.0351257324219,313.6313729310078,301.4515304647906,309.2023444267609,41296147,35.910494694260976,315.7997572157118,326.4791041782924,346.5886427935432,-9.468094035132367,-7.107706895602852,-2.3603871395295153
2021-04-22,310.63250732421875,311.55522383381634,298.3142362892761,300.8055821288189,49105833,38.14433860097191,313.5544738769531,325.1411612374442,346.6013069900812,-9.325824972506553,-7.551330510983592,-1.77449446152296
2021-04-23,310.4479675292969,313.63132245467864,306.0189115787929,306.0189115787929,44223940,35.8701178668981,311.59113226996527,323.6164812360491,346.2638813093597,-9.12280452277912,-7.865625313342698,-1.2571792094364218
2021-04-26,317.6912841796875,320.59786372305547,313.03157705241136,313.03157705241136,49234985,36.83155656945346,310.6991678873698,322.6190665108817,345.3809676824832,-8.281964898912747,-7.948893230456709,-0.3330716684560384
2021-04-27,325.7651062011719,327.5182903859419,315.93817938432534,317.41453167509485,46003023,49.727368206927494,313.1802503797743,321.7556660970052,344.584898705576,-6.8847404750938495,-7.736062679384138,0.8513222042902884
2021-04-28,335.3152160644531,336.14565539556196,328.53324323542375,329.4098352932522,56696255,56.486636654986555,315.4767896864149,321.9116487048921,344.01679543887866,-4.949758268192284,-7.178801797145767,2.2290435289534836
2021-04-29,331.62432861328125,341.35900529249295,328.0257396330877,336.79154702131365,63692926,50.44711159887414,317.1889411078559,322.09618995303197,343.42245722751994,-3.6717688341811368,-6.477395204552842,2.805626370371705
2021-04-30,326.1802978515625,334.4847467360436,323.3660236598958,326.13417328805616,53832840,48.928549491982345,318.58326551649304,321.9336155482701,342.7593671013327,-3.0629331978230994,-5.794502803206894,2.731569605383795
2021-05-03,323.5044860839844,325.25764221160694,315.01548103780857,322.5817693684905,43691860,48.779269176496236,320.5773688422309,321.4854431152344,341.98953306908703,-2.7644750687702526,-5.188497256319566,2.4240221875493138
2021-05-04,324.33489990234375,334.8538639970908,323.13537953048944,327.564408151727,57749307,65.08997098506242,322.83289930555554,320.9230274018787,340.9863047880285,-2.4328925255261424,-4.637376310160882,2.204483784634739
2021-05-05,327.9335021972656,329.82508828531144,321.10540440213924,328.94849617632946,40872501,60.77847913560852,324.7552320692274,320.2529602050781,340.1368629605162,-1.858312372386365,-4.081563522605978,2.223251150219613
2021-05-06,328.0718994140625,331.5782396411792,323.4583160829179,330.3325665099546,36294427,59.84678143697399,326.71344672309027,320.34083775111606,339.1200657264859,-1.3759251539440243,-3.5404358488735874,2.164510694929563
2021-05-07,330.563232421875,334.0234197814899,325.7189701184142,329.87119494995204,38357618,64.08291007668116,328.14366319444446,320.6791687011719,338.089698342716,-0.7835675758637421,-2.9890621942716185,2.2054946184078763
2021-05-10,333.7466125488281,338.63699936872405,331.07071182492035,332.6393413417576,41739324,75.52225774275459,329.03049723307294,320.8175760904948,337.40489825080425,-0.05659535982323405,-2.4025688273819417,2.3459734675587076
2021-05-11,336.4685974121094,338.0833514374127,327.33370884363694,329.27141930581604,41892770,78.74084186181852,329.1586507161458,321.21522158668154,336.9553001254213,0.7307531217218184,-1.7759044375611897,2.506657559283008
2021-05-12,339.28289794921875,344.63464285305236,333.9311248863098,334.76156417703226,53436590,77.21303606274545,330.0096028645833,321.86112322126115,336.45051963656556,1.563796526214844,-1.107964244805983,2.671760771020827
2021-05-14,332.59320068359375,343.71192414741705,331.7627332389305,341.4051327101861,51722170,68.72079290067225,330.72214762369794,323.24959164574034,335.6218836167279,1.6649937532611148,-0.5533726451925635,2.218366398453678
2021-05-17,353.49273681640625,355.430447317675,335.5458875952183,336.23792504859455,106555796,74.58813054737914,334.0541754828559,325.0994190034412,335.1849502862668,3.392504505806471,0.23580278500724344,3.156701720799228
2021-05-18,352.70843505859375,362.2124051712965,350.67844719030916,359.8594890068059,70917710,70.56341223343674,337.20679050021704,326.83720325288317,335.0420197131587,4.644740943721047,1.1175904167500041,3.5271505269710426
2021-05-19,354.6922607421875,359.3981211047713,351.73958447322957,352.47774650069994,48189573,66.71977063299752,340.17998589409723,328.792483375186,334.8511442296645,5.7311602479724115,2.040304382994486,3.6908558649779257
2021-05-20,354.8306579589844,357.82948691483796,352.47774188802197,357.0913248970275,42898608,71.33169470310253,343.1531812879774,331.1388215564546,334.67655137005977,6.528071329874251,2.937857772370439,3.5902135575038123
2021-05-21,370.19390869140625,373.1465848960827,348.78687245189263,359.8594715773495,192810772,84.21816100855266,347.5565897623698,334.28923979259673,334.60689589556523,8.30359635184385,4.011005488265122,4.292590863578729
2021-05-24,380.2053527832031,386.8027988098804,373.9770159131239,384.7728110848912,142964052,89.56857299843682,352.71867201063367,337.6022324335007,334.9036123238358,10.398683047583404,5.288541000128778,5.110142047454626
2021-05-25,380.482177734375,383.3887292557626,376.929713359757,383.0196482649486,56048127,89.4873478848754,357.60906982421875,340.93719482421875,335.42286592371323,11.94371212955167,6.619575226013357,5.324136903538314
2021-05-26,381.5894470214844,386.38758471017263,379.05197631592506,381.8201261765352,52357719,89.10558386202221,362.3097974989149,343.9799644833519,335.85618022843903,13.106423494401042,7.916944879690893,5.189478614710149
2021-05-27,392.339111328125,395.9377004523106,380.15924089033814,381.7278703809433,73392997,90.56494450103324,368.94823201497394,347.150155203683,336.53645713656556,14.725541819021828,9.27866426755708,5.446877551464748
2021-05-28,389.4325256347656,400.13604371302404,387.5870924543444,397.2294920856757,65137568,86.96405323816718,372.94154188368054,349.7271699451265,337.15793385225186,15.594404988767053,10.541812411799075,5.052592576967978
2021-05-31,391.5547790527344,393.0772557495267,385.6955232471882,388.46367293556517,38291043,86.78799484183705,377.25780232747394,352.5810009184338,337.9404326794194,16.266720793405227,11.686794088120307,4.579926705284921
2021-06-01,399.12103271484375,401.70465595207486,392.70816958335416,393.1233751356966,59299647,87.55528579587217,382.19433254665796,356.0543692452567,338.8206308402267,17.211664000359463,12.79176807056814,4.419895929791323
2021-06-02,403.45782470703125,404.1037375768247,395.98381477532604,397.506291500896,38657806,87.77835904607166,387.59735107421875,359.8616710844494,339.88265931372547,18.101814717431296,13.853777399940771,4.248037317490525
2021-06-03,409.417724609375,411.5595835342854,403.69063137062693,406.94995596070123,38909199,95.61685111145259,391.95555284288196,363.9132341657366,341.2497097838159,19.068371371535704,14.896696194259759,4.1716751772759455
2021-06-04,403.7837829589844,411.51302747554973,402.0609913250829,407.4155963050927,36898769,86.47413137120974,394.57537841796875,367.525152297247,342.5252877029718,19.158910483164334,15.749139052040675,3.4097714311236587
2021-06-07,402.5265808105469,407.3224383798865,401.1762778473778,405.1806079062955,20201197,85.88500117605939,397.0247565375434,371.0706133161272,343.70294129614734,18.911220892306687,16.38155542009388,2.529665472212809
2021-06-08,397.8238525390625,402.759389762753,394.8438873049879,402.5265808669364,31113823,79.89747160944273,398.82857937282984,374.2734999883743,344.8634679457721,18.12650319243022,16.73054497456115,1.3959582178690724
2021-06-09,392.46923828125,402.57312137591043,389.4427227100807,398.1032020538051,27784834,74.3304467081702,398.84303792317706,377.069815499442,345.8158742867264,16.877977325038444,16.760031444656608,0.11794588038183562
2021-06-10,402.5265808105469,403.50436680521784,393.3539046328461,395.68199359068615,27397712,72.43990021599535,400.2979329427083,380.21543375651044,347.19797231636795,16.50974105149828,16.709973366024943,-0.20023231452666224
2021-06-11,400.058837890625,405.5531225001568,396.0079571600268,404.94782501605744,26831924,65.39050970732532,401.2428283691406,383.1095261346726,348.6158130122166,15.836234666349242,16.535225626089805,-0.6989909597405628
2021-06-14,400.7572937011719,402.71289437705155,388.04593193654165,397.63764838715645,30106015,65.61528268156741,401.4246351453993,386.35543532598587,350.0111646465227,15.183806085477215,16.264941717967286,-1.0811356324900707
2021-06-15,399.9656982421875,403.0387644163562,398.56884481410066,399.6863389241924,16413658,64.22198803105746,401.03662109375,388.5684334891183,351.3258625105316,14.43646204863029,15.899245784099888,-1.462783735469598
2021-06-16,396.65985107421875,402.99224235950055,395.7751658065575,398.56887285930964,19701175,53.77943045070633,399.61907958984375,390.6613580612909,352.5124158672258,13.422703703813852,15.403937368042682,-1.9812336642288297
2021-06-17,391.3517761230469,396.65983061714496,387.9527717346413,392.0502028502147,23048331,51.61111657628632,398.2377454969618,392.40704926990327,353.48000141218597,12.052047127538685,14.733559319941882,-2.681512192403197
2021-06-18,384.5071716308594,394.750763179567,374.96200677865454,394.750763179567,45748727,44.51847477372355,396.235588921441,393.8202165876116,354.62276024911915,10.294817290595404,13.845810914072587,-3.550993623477183
2021-06-21,390.8861389160156,392.0501834035559,372.9598538078958,378.40758769339516,33128978,43.47450097674151,395.46473185221356,394.8055608840216,355.9448750813802,9.309613899320766,12.938571511122223,-3.6289576118014573
2021-06-22,389.8617858886719,396.19420514407733,388.60461212024865,393.91266651178864,28442965,38.629292712221805,395.17501491970484,395.26539103190106,357.10216387580425,8.349923662957679,12.020841941489314,-3.6709182785316354
2021-06-23,390.04803466796875,395.542318994917,386.4627719432385,392.14331475681763,27564829,32.06899318362625,393.7885097927517,395.72090802873885,358.3164774576823,7.5177312303897565,11.120219799269403,-3.6024885688796466
2021-06-24,388.5115051269531,393.6798513584784,387.6733703486039,391.4448915940095,19214547,34.70150257521436,392.50547281901044,396.05052984328495,359.54770376168045,6.6574843043893,10.227672700293382,-3.5701883959040828
2021-06-25,399.3138122558594,401.36254193498246,390.23426519352506,392.05018597361396,29886797,47.29835154175345,392.3450859917535,396.38265845889134,361.42767333984375,6.769355409066463,9.536009242048,-2.766653832981536
2021-06-28,397.4048156738281,403.3647181805557,395.35608586570766,401.08320787779917,29370660,49.630255151142734,392.06054348415796,396.7622913178943,363.0503881117877,6.62757543143988,8.954322479926375,-2.326747048486496
2021-06-29,392.51580810546875,399.45352474091,391.63112291174883,398.1032217439807,22275961,50.04143217395649,391.60009426540796,396.8080546061198,364.54648305855545,6.05096002549368,8.373649989039837,-2.322689963546157
2021-06-30,390.3739929199219,395.68201903367907,389.5358581059623,393.91267699575997,18337773,37.41565477680276,391.49145168728296,396.3915289015997,366.05124021043963,5.3593819573099495,7.7707963826938595,-2.41141442538391
2021-07-01,391.4914245605469,394.5645189664188,388.4649089842049,391.39829532054097,16161469,40.87295936580142,392.2674797905816,395.82170032319567,367.7362180223652,4.845611556619701,7.185759417479028,-2.340147860859327
2021-07-02,395.21636962890625,396.1476051975036,390.1877032422914,391.39829811384624,16423811,44.45471998573098,392.7486165364583,395.1454453241257,369.52408554974727,4.6850108600321505,6.685609705989653,-2.0005988459575024
2021-07-05,402.8990783691406,404.6218699202762,395.07670497969434,397.1719850886025,16483761,52.5798463810328,394.19720458984375,395.10331653413317,371.33323400160845,5.118659320786776,6.372219628949078,-1.2535603081623021
2021-07-06,400.1985168457031,406.48435742443144,398.75511296932143,402.0144377138472,20195278,53.145673535758206,395.32503594292535,394.9924563453311,373.09304869408703,5.184650679100514,6.134705838979365,-0.9500551598788514
2021-07-07,403.0853271484375,404.1562423833844,398.1497615149035,399.8260026130876,14473774,60.89966418086041,396.94434950086804,395.24300275530135,374.76744169347427,5.40755583379115,5.989275837941723,-0.581720004150573
2021-07-08,395.262939453125,405.4599516455055,393.074530232971,403.0387335385064,21433043,59.8131070110208,396.49425252278644,395.3760361444382,376.13014430625765,4.896563921358165,5.770733454625011,-0.874169533266846
2021-07-09,394.611083984375,398.10321747096236,392.09673650641,395.7751284799041,16844494,53.79508134027229,396.183837890625,394.9991077241443,377.2928083831189,4.3884129677128385,5.494269357242577,-1.1058563895297384
2021-07-12,398.0566711425781,400.6641194716922,395.402643981732,397.17198594927765,12886781,57.95663304611665,396.7994893391927,394.90376645042784,378.59540333467373,4.215140250636978,5.238443535921458,-1.02330328528448
2021-07-13,399.59320068359375,402.1075197461188,398.8481951539509,400.43130703776876,12831125,59.030863206572015,397.8238457573785,394.84833344959077,380.0348720176547,4.153921643656986,5.021539157468563,-0.8676175138115774
2021-07-14,401.40911865234375,402.57316322379705,397.07887853034873,399.50009692278303,12767351,62.13850502711015,398.9258117675781,394.9170677548363,381.5624138327206,4.203479762263498,4.8579272784275505,-0.6544475161640522
2021-07-15,402.014404296875,403.17844875173154,400.1053543394778,402.9456398607602,11030732,53.14535534663847,399.68114895290796,395.1720464797247,383.0855413698683,4.242689339513049,4.73487969064465,-0.49219035113160103
2021-07-16,400.4313049316406,402.7593939138013,398.0566655374587,402.2937761173692,8713863,53.551888691346846,399.4069519042969,395.60440499441967,384.5070669136795,4.098772228855012,4.607658198286723,-0.5088859694317112
2021-07-19,398.4757385253906,399.91917086900605,390.0480670580211,394.28517799970376,14426686,57.5117910830103,399.21553209092883,396.2695748465402,385.887534347235,3.7833074034379592,4.44278803931697,-0.6594806358790111
2021-07-20,391.95703125,397.6375737009673,390.0945601788011,397.6375737009673,14623321,51.79697161801232,397.9790547688802,396.32056971958707,387.09133432425705,2.9730229011177585,4.148835011677128,-1.1758121105593693
2021-07-22,393.0279846191406,397.3582530156541,391.95706933296066,396.28730931041815,11799761,51.74605464474811,397.73072645399304,396.4713410877046,388.253714168773,2.3897361905576986,3.797015247453242,-1.4072790568955433
2021-07-23,399.406982421875,400.38479694943703,390.653372605119,393.81956827257653,17704661,54.491068099608185,398.26360405815973,396.91700526646207,389.48780014935664,2.414377638735232,3.52048772570964,-1.1061100869744083
2021-07-26,394.1920166015625,398.3825767855014,393.26078100513166,398.3825767855014,14037519,40.147535062195814,397.8341979980469,397.187505812872,390.5644495346967,1.9901606721401777,3.2144223149957476,-1.22426164285557
2021-07-27,400.384765625,403.45783179906704,394.8439023261499,394.9835819851428,24119619,50.19531362510153,397.9221496582031,397.2385035923549,391.8936959060968,2.129125527279939,2.9973629574525864,-0.8682374301726474
2021-07-28,396.2407531738281,400.8969312369754,392.09674333000487,400.4313134306606,17636515,43.00669450065636,397.34788682725696,397.18307204473587,392.73189230526197,1.8831610954322855,2.7745225850485267,-0.8913614896162412
2021-07-29,411.1870422363281,413.0960921490173,396.24072315361906,396.7063409246574,35263606,64.2026008837278,398.36706882052954,398.07217843191967,393.8785316616881,2.861289957569568,2.791876059552735,0.06941389801683284
2021-07-30,402.1075134277344,413.8410874589781,401.08317702153556,411.1405099517132,35196813,55.81224986974416,398.5533142089844,398.63091750372024,394.80824249865964,2.870730044797085,2.8076468566016053,0.06308318819547987
2021-08-02,404.994384765625,406.67062601298704,402.1075485221602,404.8547050997758,16926025,55.426068135958765,399.27760823567706,399.27391560872394,395.79184498506436,3.0757029828862414,2.8612580818585327,0.21444490102770875
2021-08-03,415.79669189453125,417.1004160397289,403.7837584396201,405.04093217283224,40922962,61.06867651019695,401.92645941840277,400.2539309547061,396.68601720473345,4.062966075912868,3.1015996806693997,0.9613663952434686
2021-08-04,425.52813720703125,435.30611143028057,411.14053519662747,417.7988643410289,129761158,64.8679490623582,405.53758748372394,401.3315051850818,397.5746992522595,5.566458825282325,3.5945715095919852,1.9718873156903398
2021-08-05,411.46649169921875,430.69650284514165,408.2537172292914,429.2996493224006,58595639,54.99755387288401,406.8775329589844,401.86807541620163,398.1822348201976,5.55924684966044,3.9875065776056764,1.5717402720547633
2021-08-06,405.69281005859375,416.26234049547827,404.1562769016501,413.18927418159086,38236066,52.66384495130393,408.15539889865454,401.9922412690662,398.6548497817096,5.029664608543214,4.195938183793184,0.8337264247500302
2021-08-09,403.5975036621094,411.4198770242276,401.36254390422636,407.7880638652858,22196404,52.589432068410495,408.5123697916667,402.38912527901783,398.875602572572,4.390284683064635,4.234807483647474,0.15547719941716132
2021-08-10,397.12542724609375,406.3912042806986,392.7020582100456,404.5287331076257,27794251,52.61424005848459,408.6106669108073,402.50885591052827,399.02644378063724,3.3230232645822753,4.052450639834435,-0.7294273752521594
2021-08-11,398.6153869628906,403.13188530387487,394.0523382095576,400.24504926187063,23827946,52.814249798793306,407.2138163248698,402.53546142578125,399.1648870729933,2.567837762956458,3.7555280644588396,-1.1876903015023816
2021-08-12,397.77728271484375,400.8503772606362,395.77513184929956,400.431309871056,16847144,49.1306315546135,406.73267957899304,402.44898914155505,399.1385390337776,1.8800477830583304,3.3804320081787376,-1.5003842251204071
2021-08-13,401.5487976074219,402.52658360889035,395.77512558421836,398.19634380101513,20908992,53.98588166511299,406.3498365614149,402.4556405203683,399.1011071298637,1.6206175306024306,3.028469112663476,-1.4078515820610455
2021-08-16,395.63543701171875,404.15623678077446,394.8438810945815,400.43129450629726,17608693,47.419014374152525,404.10969712999133,402.1518801734561,398.83086619657627,0.9271705612933374,2.608209402389449,-1.6810388410961115
2021-08-17,392.51580810546875,396.566688677201,386.6955855653521,395.6354530707824,22957877,47.95291566835687,400.44166056315106,401.7749517531622,398.609925513174,0.12444632146389267,2.111456786204338,-1.9870104647404454
2021-08-18,390.839599609375,395.1698395422523,389.25648769371605,393.12110981834735,17668574,36.90836869294764,398.14978366427954,401.4113260904948,398.3807690190334,-0.6396015108141455,1.5612451268006415,-2.200846637614787
2021-08-20,378.7335205078125,388.65117371837835,377.2900883121278,386.46276442876604,25541790,35.52482226343905,395.15430704752606,400.7816351027716,398.00644878312653,-2.196652686531934,0.8096655641341266,-3.0063182506660606
2021-08-23,381.3409729003906,384.60029745509485,373.6582793071593,382.83095552349494,26559937,35.30091148287883,392.68135918511285,400.22511073521207,397.7882475011489,-3.1835295970279276,0.011026531901715764,-3.1945561289296434
2021-08-24,388.88397216796875,389.95488736887256,380.1303636636782,381.3409585135601,19012313,32.56936077088254,391.7656419542101,399.7240150088356,397.52074537090226,-3.3187234788117053,-0.6549234702409684,-2.6638000085707367
2021-08-25,387.6268310546875,392.3295596193802,385.81091020825033,390.1877290376314,16410980,22.425450247026404,390.54469129774304,399.41138712565106,397.2769805309819,-3.487109161852061,-1.221360608563187,-2.2657485532888737
2021-08-26,382.5050354003906,387.20776396891415,381.80660867720064,385.99716901634065,15897679,25.77878507129749,388.84777492947046,398.55997140066967,396.91909311331955,-3.987872422561395,-1.7746629713628286,-2.2132094511985665
2021-08-27,384.088134765625,385.857476722634,379.47850717586664,382.13253432090767,15090541,30.569492262291618,386.90770128038196,397.9812752859933,396.6077683392693,-4.208475342157612,-2.2614254455217857,-1.9470498966358267
2021-08-30,393.6333312988281,394.19204996873646,385.0659517188392,385.90405814275914,20308691,42.09752324229395,386.6852450900608,397.14538428896947,396.54842481426164,-3.5719123751794086,-2.5235228314533105,-1.0483895437260982
2021-08-31,396.7529296875,397.637614905615,389.9083705268286,394.70422834831925,26262421,49.687984408934184,387.1560363769531,396.8904041108631,396.6543297861137,-2.783618300243404,-2.575541925211329,-0.20807637503207488
2021-09-01,400.33819580078125,402.80596456203665,395.91482651245417,398.10323594943776,18776721,51.394141508832874,388.21143595377606,396.66868082682294,396.96474202473956,-1.848282702009044,-2.4300900805708725,0.5818073785618285
2021-09-02,400.1985168457031,403.6906505005522,398.33604556311695,401.73504997002544,14372717,51.98172612669318,390.596435546875,395.92591058640255,397.14733767041974,-1.1055493413813906,-2.165181932732976,1.0596325913515856
2021-09-03,401.7350158691406,404.4355933158434,398.7550791213856,401.59533621861453,14233624,50.15820356250984,392.86244032118054,394.79290480840774,397.3801461014093,-0.3884671641894215,-1.8098389790242653,1.4213718148348438
2021-09-06,401.40911865234375,404.0165955438334,400.47788299518106,402.29380389427104,10694099,55.419613873423174,394.2541232638889,394.31398228236606,397.60291245404414,0.15177883385678115,-1.417515416448056,1.569294250304837
2021-09-07,399.59320068359375,402.01441892158664,395.86825829254474,401.4090930477971,14928735,56.81005310333243,395.58371988932294,394.02352469308033,397.82020060221356,0.428459264062667,-1.0483204803459114,1.4767797444085784
2021-09-08,401.6885070800781,405.46000013034075,397.9635644451295,399.50009759823445,22817464,60.35558253629145,397.7152167426215,393.932620093936,397.86676324582567,0.8074959032420566,-0.6771572036283179,1.4846531068703746
2021-09-09,402.5731506347656,403.97000407682805,400.4313200578923,400.6641289649027,9662128,78.95936005789076,399.7691073947483,394.1920354933966,397.96810314702054,1.1658295547879334,-0.30855985194506763,1.474389406733001
2021-09-13,403.0853271484375,403.96998389945685,399.31380599181415,400.52442929923404,9567921,77.83083832452274,400.819329155816,394.40488978794644,398.17534861845127,1.4741468719923887,0.04798149284242362,1.426165379149965
2021-09-14,403.2250061035156,406.71713952819965,402.5265794185788,405.0874772633471,9981562,72.64714982308382,401.53844875759546,394.66430518740697,398.42732926911,1.7100491098427142,0.38039501624248173,1.3296540936002326
2021-09-15,413.3289489746094,414.3998642883972,401.7816325973508,403.2250364873618,22181568,81.72419690083314,402.98186577690973,395.22526477632067,398.8555160223269,2.681397598048079,0.8405955326036012,1.8408020654444779
2021-09-16,431.8139343261719,434.04889395420184,412.30453825727454,414.26013858894584,42637448,95.7649633994496,406.49468994140625,396.9480503627232,399.5731153301164,4.886454104338725,1.649767246950626,3.236686857388099
2021-09-17,422.8741149902344,439.4500982177545,419.38198129743745,435.818284861057,41529478,81.6730871502772,408.8434787326389,398.39368402390255,399.96478271484375,5.8452284103397005,2.488859479628441,3.3563689307112594
2021-09-20,407.3690490722656,422.3153699829822,405.69280784008316,418.4972981096885,18376916,60.22178093341666,409.50569322374133,399.18080066499255,400.1053813859528,5.29292121605414,3.049671826913581,2.2432493891405585
2021-09-21,408.62615966796875,411.00082743986803,402.89906655536015,409.88333338026194,17279588,59.08767720482369,410.50935533311633,400.60425967261904,400.2140251608456,4.900166040518457,3.4197706696345564,1.4803953708839002
2021-09-22,408.6727294921875,412.35109288747526,406.11183171282545,408.71927990237253,14321143,56.74453706969021,411.28538004557294,401.90577189127606,400.47696222043504,4.540324495343896,3.643881434776424,0.8964430605674716
2021-09-23,418.8697509765625,420.1269246887519,411.6526752580933,411.97861339370604,20516770,62.99417425415374,413.09611341688367,403.3336661202567,400.95262235753677,5.020093380409776,3.9191238239030946,1.1009695565066813
2021-09-24,410.4421081542969,420.8253798520407,409.7436814245959,420.08040270798216,10731274,55.529311081257696,413.9135335286458,404.42010788690476,401.1954740636489,4.666481046643469,4.068595268451169,0.5978857781922997
2021-09-27,415.88983154296875,419.5681951725557,411.83895093195804,414.3067196290846,11746892,58.63410831611378,415.3207363552517,406.0098600841704,401.51501584520526,4.770831299949805,4.2090424747508965,0.5617888251989083
2021-09-28,414.3067321777344,424.4571950097488,409.37119463399216,418.31106249687934,19241170,58.79735072076408,415.4293789333767,407.44884091331846,401.76791022805605,4.671931619701525,4.301620303741022,0.37031131596050226
2021-09-29,428.3683776855469,430.5102082063525,408.90555925277545,411.4664571628521,38635938,63.955202676601765,415.0465393066406,409.10289074125745,402.2846548043045,5.662931436429915,4.5738825302788015,1.0890489061511133
2021-09-30,421.8497314453125,432.93142952353054,420.3597487850941,428.3218303042038,26530369,59.52163813388525,414.93271891276044,410.2979765392485,402.70462395163145,5.854814995199263,4.830069023262894,1.024745971936369
2021-10-01,420.5925598144531,424.22437302899965,413.28235455317855,417.6591733111292,14777309,58.58449127106143,416.40199788411456,411.2624700637091,403.1382871141621,5.838142382711226,5.0316836951525605,0.8064586875586652
2021-10-04,431.3017578125,432.46580229996715,420.54599811592595,422.5946993624351,16246765,62.474160716479304,418.9215087890625,412.7435767764137,403.90975234087773,6.612843254449842,5.347915607012018,1.2649276474378244
2021-10-05,432.7452087402344,436.74951058264475,427.1577949587933,430.23086117096346,16487568,59.345600003760374,421.59622870551215,414.2202526274182,404.68852144129136,7.259589672361187,5.730250420081852,1.5293392522793354
2021-10-06,425.76092529296875,438.6119651330672,422.45502188012944,433.0245515644931,19056690,46.72379806524951,422.3619147406684,415.37986246744794,405.2052654191559,7.126418645901765,6.009484065245834,1.116934580655931
2021-10-07,426.4127502441406,432.0932927507522,425.66777317598485,430.3239508995921,9984651,52.104064778644414,424.13643052842883,416.65698387509303,405.8370445101869,6.992867055511056,6.2061606632988795,0.7867063922121762
2021-10-08,426.5058898925781,432.0933032972844,423.0137565146367,430.13770292182636,16521128,63.93218624831034,425.3159925672743,417.8387640090216,406.3492234173943,6.815971769404996,6.328122884520103,0.487848884884893
2021-10-11,436.9822998046875,442.29035402555763,427.11119688501145,428.36837061301276,20686981,68.2008543593167,427.8355000813802,419.477294921875,407.14807727290133,7.4354287118046045,6.549584049977003,0.8858446618276012
2021-10-12,449.78680419921875,451.0905283826517,435.91139915307474,437.6807411462377,33763609,72.67593031460225,430.215325249566,421.701174781436,407.90493535060506,8.85746594074925,7.011160428131453,1.8463055126177972
2021-10-13,448.5762023925781,452.720183784286,445.1306192857151,452.720183784286,17638983,68.187027514619,433.18493313259546,423.8607555571057,408.8160861146216,9.774085666136216,7.563745475732405,2.2103401904038105
2021-10-14,456.86419677734375,459.9372629282879,448.8555648330264,448.8555648330264,23431826,78.46943645391372,437.2151150173611,425.9338625953311,409.8331412521063,11.041999981208335,8.259396376827592,2.7826036043807427
2021-10-18,463.7087707519531,466.54902791756194,457.8885483477919,460.0303788249014,20084248,78.83210658081791,440.8158942328559,427.4526643298921,410.7725937787224,12.455551286077423,9.09862735867756,3.3569239273998637
2021-10-19,454.62921142578125,469.5289803748401,450.01958403954455,465.943717787662,20645100,72.29658239455468,443.24745008680554,428.96481177920384,411.3432030771293,12.696795566880553,9.81826100031816,2.8785345665623936
2021-10-20,465.524658203125,472.60205425609115,449.8799119126141,455.1879376380479,34080545,71.2913367265534,447.6656426323785,431.73412649972096,412.40316712622547,13.610264241293578,10.576661648513245,3.0336025927803334
2021-10-21,468.3649597167969,471.6708347526732,457.9351095550386,470.18085209827126,20808243,77.82728222415096,452.3269992404514,434.5788312639509,413.6320328057981,14.397418859188747,11.340813090648346,3.0566057685404004
2021-10-22,468.3649597167969,473.71956445485785,465.6178033096478,469.90149278390766,24080485,79.01582351685113,456.97800699869794,437.4213184175037,414.9019829245175,14.850062290768278,12.042662930672334,2.8073993600959444
2021-10-25,471.67083740234375,480.0054074960291,463.6156550436469,471.67083740234375,35619415,76.94218774440795,460.83228895399304,439.93565586635043,416.36365763346356,15.29918271731134,12.693966888000135,2.605215829311204
2021-10-26,477.3047790527344,482.56628274764023,472.6951800421617,472.6951800421617,21107457,78.1635937607292,463.8898417154948,443.11959257579986,417.90658689012713,15.926139277542177,13.340401365908544,2.5857379116336325
2021-10-27,483.45098876953125,490.62145748273514,477.4910581413476,478.37574333682795,29463032,86.8530593848011,467.7648179796007,446.33679053896947,419.58646347943477,16.726146026897254,14.017550298106286,2.708595728790968
2021-10-28,466.87493896484375,484.7546441014958,463.38280572498365,483.86995897977664,28140401,71.47797441106938,468.8771226671007,448.8400384812128,420.8673682119332,15.840014623574746,14.38204316319998,1.4579714603747664
2021-10-29,467.61993408203125,477.3979359503363,454.8154450413455,467.0146366475551,31355893,71.67399898775037,469.3116963704427,450.7091602143787,422.27882893880206,15.02466895084899,14.510568320729782,0.5141006301192093
2021-11-01,480.23822021484375,481.40226473890624,466.54904524424654,473.5333123886215,20679604,72.29954620885216,472.15714179144965,453.4895644414993,423.99887623506436,15.22123099049503,14.652700854682832,0.5685301358121979
2021-11-02,485.82562255859375,488.898688662565,476.83917630793303,479.4000742009274,26797820,70.07258575535147,474.41280449761285,456.5959007626488,425.8613472732843,15.647489972163726,14.851658678179012,0.7958312939847136
2021-11-03,491.3664855957031,505.0090529917581,479.7725910429911,487.9674529306937,80775924,72.73623828367468,476.9685295952691,459.4561258951823,428.06983678481157,16.245140755950843,15.13035509373338,1.1147856622174626
2021-11-04,493.9739685058594,499.0492142337488,491.7389801807716,494.95175458379254,9796046,70.98470721296731,479.81397501627606,462.37178112211683,430.27832689472274,16.7362601975521,15.451536114497124,1.284724083054975
2021-11-08,487.2690124511719,497.6988622123973,480.9366219369628,497.6988622123973,36802110,63.343835254652575,481.54710557725696,465.3007376534598,432.2074453316483,16.39544548564004,15.640317988725707,0.7551274969143318
2021-11-09,492.76336669921875,495.4173655652156,486.2912675671633,490.06276058025327,25451967,72.51232648872708,483.26472642686633,468.46029081798736,434.26894603056064,16.37987879397889,15.788230149776343,0.5916486442025466
2021-11-10,488.3399658203125,492.1580090016376,485.6393598757881,489.4108526452648,15805538,64.58329432033108,483.80794609917535,471.40477062406995,436.3441407446768,15.828153494856167,15.796214818792308,0.03193867606385936
2021-11-11,474.5576477050781,486.8964904728016,472.22955880191256,486.8964904728016,23086898,53.47255592108416,484.6615804036458,473.1940729050409,438.1180527630974,14.116068086124699,15.460185472258788,-1.344117386134089
2021-11-12,476.1873474121094,477.72388052530937,468.1321648570436,476.7926448907571,19836221,54.30767969056177,485.61351521809894,474.4512416294643,439.7367589613971,12.74382829139887,14.916914036086805,-2.173085744687935
2021-11-15,471.7173767089844,480.4244635776508,470.73959070718485,477.1651390129126,13328183,50.0253041223651,484.666754828559,475.55320231119794,441.20665007946536,11.166903971163151,14.166912023102075,-3.0000080519389236
2021-11-16,461.05474853515625,472.50893498024186,459.56476590009873,472.50893498024186,19553216,41.622712525600804,481.9144354926215,475.75275239490327,442.3971707213159,8.953583763708366,13.124246371223334,-4.170662607514968
2021-11-17,463.89501953125,470.6464777924348,457.23669051609966,459.8907177232731,20488483,39.56265469279046,478.86205037434894,475.7616213843936,443.6461217543658,7.344040161958219,11.968205129370313,-4.624164967412094
2021-11-18,469.156494140625,471.39148236459494,458.44728450714973,464.77970377663814,22471070,51.38497494292411,476.10455322265625,476.4533967517671,444.96811152439494,6.419027734418023,10.858369650379855,-4.4393419159618315
2021-11-22,452.9529724121094,471.2051951409038,444.66498158059596,471.2051951409038,28800269,42.503594509953416,472.29165988498266,475.854745047433,445.978775323606,4.328562956897599,9.552408311683404,-5.223845354785805
2021-11-23,459.1457214355469,461.3341308757469,446.99310768790457,451.882094803241,20000371,38.4615718501745,468.5563659667969,475.4157337007068,447.14647180893843,3.1354145438222076,8.269009558111165,-5.133595014288957
2021-11-24,459.2388610839844,465.61783105322496,455.42078918553653,461.70662990475506,13963769,34.52581620926502,465.32290988498266,474.9811575753348,448.2749101227405,2.172310379677583,7.049669722424449,-4.877359342746866
2021-11-25,456.817626953125,461.38070427561206,452.85987552541496,456.3054587242203,12894211,29.133937217701003,463.35179646809894,474.27386183965774,449.33852730545345,1.19983903402931,5.879703584745422,-4.679864550716112
2021-11-26,438.1463623046875,454.3498565233238,434.98016685813536,452.8133234232822,26305817,21.76173433207302,459.12502034505206,472.40917532784596,450.02599858302693,-1.065187707696225,4.490725326257093,-5.555913033953318
2021-11-29,433.1177062988281,444.8978315820776,423.0603442320379,437.6807552979099,22407465,22.137132484564503,454.83616807725696,470.0123523530506,450.61212995940565,-3.2287887655531335,2.9468225078950474,-6.175611273448181
2021-11-30,428.8805236816406,444.43216882479726,426.50588438293795,435.81823993715057,23026652,16.699071754122215,451.2612542046441,468.2030944824219,450.9170627967984,-5.225131355666235,1.312431735182791,-6.5375630908490265
2021-12-01,442.61627197265625,444.43219277119266,432.0933209970317,432.5123883871725,17156956,28.274372624103435,448.8969489203559,467.01244390578495,451.1288733388863,-5.633942565666189,-0.07684312498700496,-5.557099440679184
2021-12-02,444.1993713378906,445.27028657030314,438.56540745059795,441.8712823895789,12962679,33.683721577153875,446.12393527560766,465.2963082449777,451.5470156202129,-5.763744646181237,-1.2142234292258516,-4.549521216955386
2021-12-03,440.6141357421875,448.3899589910565,437.7272995851212,443.0353540809868,16653993,31.27453207334152,444.7529534233941,463.1433803013393,452.1988800647212,-6.085759433180101,-2.1885306300167016,-3.8972288031633995
2021-12-06,433.30389404296875,444.1993614460597,431.90704070508804,440.6140988616885,14353300,30.36651435919336,441.8816392686632,460.37849498930433,452.68275720932905,-6.851850020844154,-3.1211945081821924,-3.7306555126619614
2021-12-07,443.9200134277344,446.71372017449403,436.9357465608352,436.9357465608352,13644942,41.238113102373774,440.17954508463544,457.9949733189174,453.37388042375153,-6.527109760874964,-3.802377558720747,-2.7247322021542173
2021-12-08,457.7488708496094,458.54042683325724,447.2259194076405,447.8312168942924,20397660,47.17466577369437,440.2830166286892,456.5892522902716,454.13621610753677,-5.095143896636955,-4.060930826303989,-1.0342130703329664
2021-12-09,455.04827880859375,459.5647772372901,452.6736393515856,458.4472831286653,12560970,43.35819197221319,442.16100735134546,454.79329572405135,455.01084690467985,-4.13060084505986,-4.074864830055163,-0.055736015004696604
2021-12-10,460.6822814941406,461.84632604166063,451.090537371142,454.90860917081886,13261408,54.04091426893904,445.2237379286024,453.47626313709077,455.8891302370558,-2.8783962360591318,-3.835571111255957,0.9571748751968254
2021-12-13,454.2566833496094,466.0368356219019,452.90640887307904,463.5224883056613,14047645,47.4501989495464,448.0433112250434,452.5095505487351,456.67246261297487,-2.3771053404108216,-3.5438779570869303,1.1667726166761088
2021-12-14,454.95513916015625,456.63138028476504,448.6692988857473,452.580499757446,11642447,47.77990943699419,449.41429646809894,451.49849301292784,457.1937716614966,-1.9015492710084345,-3.215412219871231,1.3138629488627966
2021-12-15,451.4630126953125,457.2366848492181,450.2524177690366,456.3054492385272,8639835,47.25537209370715,450.22136773003473,450.53399948846726,457.77442423502606,-1.7858667207119652,-2.9295031200393784,1.1436363993274132
2021-12-16,448.06402587890625,456.81763527706426,445.36344818636536,454.7689339050586,11107781,56.02715001275972,451.04913330078125,449.91539364769346,458.3130804323683,-1.9460247339455918,-2.7328074428206213,0.7867827088750294
2021-12-17,435.63201904296875,448.296829373176,434.42142408409757,447.0396555810828,12648603,51.40185198482122,451.3078138563368,448.5695364815848,458.3979875153186,-3.0410547798421703,-2.7944569102249313,-0.24659786961723906
2021-12-20,418.3110656738281,432.0933419369531,412.537393271703,427.4371636833221,22336114,44.85731323497182,448.4623752170139,446.14832560221356,458.11496510225186,-5.246056881945094,-3.2847769045689637,-1.9612799773761305
2021-12-21,415.3310852050781,426.738721513962,413.93423177950046,425.6212274058776,16617447,35.17210246177187,443.74928792317706,444.35680716378346,457.91045843386183,-7.151557747117579,-4.058133073078687,-3.093424674038892
2021-12-22,424.5037536621094,425.8540282297802,418.1247841225314,419.05601972191346,13102553,40.112227276014266,440.3554517957899,442.70718965076264,457.8730271283318,-7.831249456909802,-4.81275634984491,-3.0184931070648924
2021-12-23,430.04461669921875,433.0245821807738,426.2731236413961,429.2996395383585,14471377,44.795978408709125,436.9512668185764,441.3169875372024,457.94241392846203,-7.832520275502873,-5.416709134976503,-2.41581114052637
2021-12-24,425.52813720703125,431.7208485312779,421.1047679155613,430.78961289096844,13221159,46.06321451924111,433.7592061360677,439.82701183500745,457.7178225049785,-8.104545403116333,-5.954276388604469,-2.1502690145118644
2021-12-27,426.5524597167969,428.8339983285121,419.5681926430426,422.5016075492638,8856482,40.26110039468983,430.6033528645833,439.2749212355841,457.2622471229703,-8.143598674363659,-6.392140845756307,-1.7514578286073519
2021-12-28,429.4858703613281,431.0689538309039,427.483691084808,429.4858703613281,8832210,31.945292475025013,428.1614481608073,439.1019766671317,456.88792688706343,-7.847387155414026,-6.683190107687851,-1.1641970477261747
2021-12-29,423.1534729003906,430.37054917465906,420.35976595551256,429.2996338629338,11757303,30.528736968439574,425.39360894097223,438.82925996326264,456.2269323012408,-8.031032205480813,-6.952758527246444,-1.0782736782343685
2021-12-30,420.6391296386719,423.6190664913065,417.6591643669822,421.6169156458221,28879190,24.58629473478703,423.7277323404948,437.78272937593005,455.3824295343137,-8.283966311676181,-7.219000084132392,-1.0649662275437892
2021-12-31,428.7874450683594,429.67210184039385,421.94285769771926,423.01377295810596,10005842,34.18164077455707,424.8917744954427,437.048828125,454.87572823318783,-7.737721815738212,-7.322744430453556,-0.4149773852846561
2022-01-03,438.42572021484375,439.54321433076467,428.4615160939485,430.23085809494336,13124509,40.760022900518535,427.4578450520833,436.9446178617932,454.3443765079274,-6.452708061471924,-7.14873715665723,0.6960290951853061
2022-01-04,450.2524108886719,451.3699049720466,438.65851634511614,440.0088193276059,23296671,49.38095438734475,430.3188069661458,437.7516900925409,453.98922849168963,-4.428956057095036,-6.604780936744791,2.1758248796497552
2022-01-05,458.5404052734375,460.96162352526,446.2015335326098,448.7624314410835,24694169,55.102031717043445,433.48500569661456,438.4478992280506,453.7965901692708,-2.131772386993987,-5.710179226794631,3.5784068398006443
2022-01-06,457.8885803222656,460.402899525006,452.0217786777581,454.1636377234888,18190843,62.2438793446454,437.08061048719617,438.4545520600818,453.52634983436735,-0.3596883408602025,-4.640081049607746,4.280392708747543
2022-01-07,457.469482421875,467.4337145771082,455.7932697317679,459.5182120822768,22746330,76.46315884993987,440.51583523220484,438.5698474702381,453.13742244944854,0.9993632968585189,-3.512192180314493,4.511555477173012
2022-01-10,469.0168151855469,470.22743854519075,458.63354368739965,459.42509964965603,15832274,82.51551681434904,444.9081624348958,438.96673002697173,452.85439943799787,2.9739133383629337,-2.2149710765790074,5.188884414941941
2022-01-11,471.1586608886719,472.88142400502176,464.91937103149354,468.4115045144542,16107950,80.88780092001436,450.2420722113715,439.77158610026044,452.9383939855239,4.657894215137162,-0.8403980182357736,5.498292233372935
2022-01-12,475.1629943847656,478.1895102725667,473.533331983642,474.8370562207295,14489616,80.49088535490299,456.30027940538196,440.7338649204799,453.08629712871476,6.243605047453343,0.5764025949020497,5.667202452551294
2022-01-13,476.1873474121094,477.5841724448816,472.1364667179958,474.9301736216526,10450974,85.93130198942409,461.5669352213542,441.9112141927083,453.0068682502298,7.49653366130741,1.960428808183122,5.536104853124288
2022-01-14,473.39361572265625,475.2560868942461,470.4136504804906,473.99891316961197,8724574,82.40976880797484,465.45225694444446,443.1173851376488,452.76310341030944,8.169880518458285,3.202319150238155,4.96756136822013
2022-01-17,478.65509033203125,483.2181674303625,472.6486094456514,473.0676768262099,17422211,82.95877108178401,468.60811021592883,445.16610281808033,452.51386036592373,9.024046195680967,4.3666645593267175,4.657381636354249
2022-01-18,471.9501953125,481.8678772844123,470.27398258378395,478.65510306547515,12592506,82.54655014559705,470.0980868869358,447.72034708658856,452.08202167585785,9.05556276521554,5.3044442005044825,3.7511185647110583
2022-01-19,480.3313293457031,482.0541493739674,465.89717699778424,470.2739958515499,16079457,86.92393947173687,472.5917256673177,450.81559680757067,451.9459886737898,9.645638430431632,6.1726830464899125,3.472955383941719
2022-01-20,476.23388671875,483.45099113725774,473.0676913189305,480.5175762215908,17724642,80.89748527489317,474.6766594780816,453.2789364769345,451.6218812231924,9.671165098972892,6.872379456986509,2.7987856419863837
2022-01-21,468.1321716308594,472.60209137376694,463.75535271750925,470.5533615804846,16947941,69.74011504746733,474.57836574978296,455.0926295689174,451.22564996457567,8.93466125564538,7.284835816718283,1.6498254389270972
2022-01-24,460.17010498046875,471.9502306330999,454.4430112398437,467.8527993303227,20233933,56.94718367818107,473.357415093316,456.7422470819382,450.943541283701,7.620658212487001,7.352000295872028,0.2686579166149734
2022-01-25,479.26043701171875,481.9144358070053,455.374220501692,456.3054561264398,21791739,62.60625059879106,473.8126864963108,459.2521507626488,451.0037979425168,8.027199030596648,7.487040042816952,0.5401589877796962
2022-01-27,492.5770568847656,494.3463703317312,468.59774140680656,468.9236511149533,35409230,68.2866644830025,475.6337653266059,462.2564929780506,451.4128112792969,9.316530327756425,7.852938099804847,1.4635922279515778
2022-01-28,487.4552917480469,499.51480427323236,485.5462701138926,497.2798160724936,24715250,65.06082268579956,477.1961737738715,465.3184843517485,451.9304689893535,9.811945033111954,8.244739486466269,1.5672055466456847
2022-01-31,501.2840881347656,503.7053346818178,490.8076881358768,492.62360883663905,28674232,65.84361819261792,479.7105068630642,469.1587204706101,452.6635879815793,11.191425268634589,8.834076642899934,2.357348625734655
2022-02-01,495.69671630859375,506.54563417332946,484.2425293849942,506.54563417332946,32245356,61.65415103118111,482.34900919596356,472.3448762439546,453.1839844946768,11.698960746017406,9.407053463523429,2.291907282493977
2022-02-02,502.680908203125,506.8249175183001,494.8119569126202,499.7475505004152,21661864,62.709661269084435,484.83229573567706,475.4046471005394,454.1590420592065,12.520424524772636,10.029727675773271,2.490696848999365
2022-02-03,502.96038818359375,507.2441065860878,500.21328828802484,500.21328828802484,22717677,62.451301065224,487.8019070095486,477.91455078125,455.0181531719133,13.043633301159275,10.632508800850474,2.4111245003088015
2022-02-04,493.834228515625,508.8271558150221,491.040521708818,504.86940450537884,25332894,58.977509783075476,490.6576911078559,479.595209030878,455.6964937097886,12.576896576368881,11.021386355954155,1.5555102204147264
2022-02-07,496.5813903808594,511.2483512781843,489.13150548063084,495.32424503919026,52289545,58.05103736726066,494.70338948567706,481.43772379557294,456.47617534562653,12.28704001398637,11.274517087560598,1.0125229264257722
2022-02-08,494.81201171875,500.67884145019633,483.31127483132195,498.6766621814507,26567546,60.743979444145175,496.43134223090277,483.2159394763765,457.5872665106082,11.778774152874632,11.375368500623406,0.4034056522512266
2022-02-09,498.44384765625,499.6078921393333,491.4595807577505,498.1644883479319,14856155,58.909754491649004,497.08320787217883,484.61722673688615,458.86817124310664,11.536048220774319,11.40750444465359,0.1285437761207291
2022-02-10,503.37933349609375,506.5455569020163,497.65226932698886,500.16655968322317,18659370,63.24396049958578,498.852545844184,486.15154448009673,460.3289322198606,11.608127364093264,11.447629028541526,0.16049833555173798
2022-02-11,493.182373046875,500.7254158465614,490.8542839429186,499.3751127986441,14607095,61.976847781267594,497.95235527886285,487.00961013067337,461.32042439778644,10.718880533261938,11.301879329485608,-0.58299879622367
2022-02-14,466.9215393066406,480.1450682042784,465.33845578670656,479.5863495613935,26153332,52.747246742944654,494.75511338975696,486.5683811732701,461.76595710305605,7.805143367056189,10.602532136999725,-2.7973887699435362
2022-02-15,488.7124328613281,490.62145447897535,462.91722372156096,467.4802724903449,23842951,53.76342831730016,493.2030605740017,487.297848656064,462.70906096813724,7.171658254111549,9.91635736042209,-2.7446991063105415
2022-02-16,481.16943359375,491.6923842372667,478.6550861703695,490.2955308729563,19773807,45.23902015301671,490.7818433973524,487.4175792875744,463.64760095932905,5.991888970440868,9.131463682425846,-3.1395747119849773
2022-02-17,477.67730712890625,484.2425066690083,476.00106601592677,484.2425066690083,16408356,45.86287530843952,488.9866299099392,487.6902988978795,464.30950867895984,4.7207104806778375,8.249313042076245,-3.528602561398408
2022-02-18,479.86566162109375,485.08061473955405,475.0232538723291,475.0232538723291,15111223,39.94753759867495,487.12932671440973,487.66812424432663,464.74317124310664,3.8455452361584435,7.368559480892686,-3.5230142447342425
2022-02-21,476.6529541015625,481.9144296301384,469.94804632169485,476.37356636628556,16866932,40.858283515007614,485.1116536458333,487.6880798339844,465.16679232728245,2.8597662226703164,6.466800829248212,-3.607034606577896
2022-02-22,464.1278076171875,470.5533274385469,461.42723011766594,466.45589656833613,27108772,32.42786330958867,481.29876030815973,487.4973958333333,465.2343516630285,1.055685324771673,5.384577728352904,-4.328892403581231
2022-02-23,464.4072265625,470.5999379050491,463.0569235124379,468.41152846004275,13899433,32.42782571345272,476.96852620442706,487.69916352771577,465.4333819221048,-0.34750914175953085,4.238160354330418,-4.585669496089949
2022-02-24,440.14849853515625,454.39642019792996,435.81825869983425,446.99308584598384,32356037,28.49681310041619,471.07587348090277,485.83669026692706,465.1430556353401,-3.3780869950206807,2.714910884460198,-6.092997879480879
2022-02-25,449.7402648925781,458.0748068411408,446.3412320623623,446.99310837970523,21792287,32.21357751727781,469.1668429904514,483.79684302920384,465.109276266659,-4.948819484077433,1.1821648107526719,-6.130984294830105
2022-02-28,449.9730529785156,451.92862500192814,440.56756774116565,444.1062516511127,18069367,32.772804987490716,464.8624674479167,482.01197451636904,465.14670817057294,-6.1044835585733495,-0.2751648631125325,-5.829318695460817
2022-03-02,441.63848876953125,446.80683504591724,434.8870305859169,445.13062231278,22003848,28.936446708043945,460.4701402452257,479.17170787992933,465.26448208678005,-7.605217131518259,-1.7411753167936779,-5.864041814724581
2022-03-03,435.259521484375,450.15929134892565,432.6520731257009,446.9930959365198,20358590,25.008553844886094,455.7570529513889,476.29374622163317,465.5968047497319,-9.203199889404686,-3.23358023131588,-5.969619658088806
2022-03-04,430.184326171875,438.51886830974274,426.17999576692137,428.6477645916742,20684268,25.985098178268117,450.23690456814234,472.8415280296689,465.8880447686887,-10.75515979712867,-4.737896144478438,-6.017263652650231
2022-03-07,410.0230407714844,422.73442998798953,403.6440993751081,416.72794874460675,33720472,27.252418665302798,442.83358086480035,468.4159400576637,465.6041092218137,-13.456824545409404,-6.481681824664632,-6.975142720744772
2022-03-08,410.0230407714844,411.6992819742931,395.7751468524198,407.8812101679056,42510207,11.902630076558381,436.8219401041667,464.42493111746654,465.2115293016621,-15.420159324883912,-8.269377324708488,-7.150782000175424
2022-03-09,420.6391296386719,423.06031945048284,408.39335882889986,411.60613299934477,32331325,21.541169134491298,431.95881822374133,460.80863298688615,465.1156664081648,-15.935788780082532,-9.802659615783298,-6.133129164299234
2022-03-10,436.4701232910156,443.8734290255677,429.90489546710614,437.58758892426,34553299,32.64025149243926,431.55010986328125,458.0304478236607,465.31013039981616,-14.895296252429148,-10.821186943112469,-4.074109309316679
2022-03-11,438.0066833496094,442.1506648431163,430.2308601713591,434.32829125108464,22091309,32.26828552554524,430.2463785807292,455.1524876185826,465.4772051642923,-13.787773996716794,-11.414504353833333,-2.3732696428834608
2022-03-14,451.7889709472656,452.58052693538787,438.19292474235004,438.61199215343146,27750689,40.3331063961867,430.4481472439236,452.695803687686,466.0386855181526,-11.66348975443151,-11.46430143395297,-0.19918832047853918
2022-03-15,452.4408264160156,456.7710663150074,447.5983898805279,455.3742129012,27204899,44.9940327187404,431.6484069824219,450.75573003859745,466.6622482000613,-9.81424736477004,-11.134290620116385,1.320043255346345
2022-03-16,458.8663635253906,460.3097674057931,455.7467184345574,459.09917243636244,16211288,47.74535499392636,434.2713894314236,450.37215023949034,467.25203091490505,-7.740989001013645,-10.455630296295837,2.714641295282192
2022-03-17,467.38714599609375,468.8771286527836,464.0346921233055,464.6865684165621,22947673,62.71186537234528,438.405036078559,449.3566603887649,467.81990200865505,-5.3487043422765055,-9.434245105491971,4.085540763215466
2022-03-21,456.86419677734375,467.4802770667619,455.3742141148338,467.4802770667619,19064060,53.29598476011039,443.60960896809894,448.1992681594122,467.9495448692172,-4.252890893852509,-8.397974263164079,4.145083369311569
2022-03-22,459.75103759765625,461.706609667117,444.43220025984135,456.86420148785135,26157969,54.4154802889917,449.13494194878473,447.34563627697173,467.9732827579274,-3.115592304505583,-7.341497871432379,4.225905566926796
2022-03-23,456.9107360839844,467.8527542553318,455.5604615312936,464.2209411418445,15800195,57.25662780058379,453.1651204427083,446.2525445847284,467.9541093414905,-2.4156178346890442,-6.3563218640837125,3.9407040293946682
2022-03-24,453.6048583984375,460.77535533982467,450.2524046140873,451.649257989312,18174877,58.979030705614335,455.06897989908856,445.15501621791293,467.87833239985446,-2.103393118612132,-5.505736114989396,3.4023429963772642
2022-03-25,456.95733642578125,459.3785263360452,453.1392646471291,457.9351224726912,11541196,63.3286802616578,457.1746080186632,444.81356520879837,467.64187203201595,-1.5673681779819049,-4.7180625275878985,3.1506943496059936
2022-03-28,463.2897033691406,464.3140681960793,448.8090013952748,457.1901216572291,16738684,80.75267718394429,458.4524671766493,444.7603498186384,467.4875787473192,-0.6243977910892795,-3.8993295802881747,3.274931789198895
2022-03-29,460.9616394042969,466.9215417855109,457.8885731758907,465.61781758009784,14301429,78.6387550975308,459.39922417534723,445.75145176478793,467.20912080652573,-0.06420218839923564,-3.132304101910387,3.0681019135111516
2022-03-30,460.30975341796875,465.99029635687214,458.44728218679097,464.96593149591325,16461225,75.11791591518015,459.5596008300781,446.2547607421875,466.8977954340916,0.32342684828495294,-2.4411579118713194,2.7645847601562723
2022-03-31,459.6113586425781,463.336301363763,458.3542132094243,460.3097854028003,10240982,68.12548523174478,458.69562445746527,446.71372767857144,466.6275550991881,0.5677266317154022,-1.8393810031539752,2.4071076348693774
2022-04-01,473.2539367675781,474.6973405600702,457.2366733006267,457.2366733006267,18527226,73.20663185550663,460.5167066786024,448.21922520228793,466.5216501273361,1.8409566072610346,-1.1033134810709733,2.944270088332008
2022-04-04,477.1651611328125,479.4932502155485,471.2052303457634,474.27829656735247,16257176,69.20368828171947,462.4516092936198,450.21473185221356,466.6239043591069,3.129528399490539,-0.25674510495867076,3.3862735044492096
2022-04-05,474.37139892578125,480.8900764070014,472.7883154906881,479.0276052463827,13602384,66.07505799244365,464.3916829427083,452.3188781738281,466.50704297832414,3.88056483102406,0.5707168822378754,3.3098479487861843
2022-04-06,478.6085510253906,479.7725955327789,471.20521659077895,472.1364521966896,13738275,64.95061696439467,467.1698710123698,455.5848548525856,466.5536050235524,4.762767161897841,1.4091269381698686,3.3536402237279725
2022-04-07,479.539794921875,484.1494226184488,474.9767176387794,474.9767176387794,19620958,60.398411950687326,469.67903306749133,458.89517647879467,466.7772839116115,5.473962037807439,2.222093958097383,3.2518680797100563
2022-04-08,480.6106872558594,483.77691114198547,477.11855363356403,483.77691114198547,13572638,74.23949131412387,471.6035868326823,461.75096493675596,467.17807964250153,6.054211975344401,2.9885175615467867,3.0656944137976145
2022-04-11,479.4931945800781,486.1049440726438,477.9100828198832,478.1894421097751,12370288,70.9072270100362,473.6626485188802,463.7996826171875,467.18264351639095,6.350685166225901,3.66095108248261,2.689734083743291
2022-04-12,477.5841369628906,481.169427992416,469.66866307633074,477.49103614159725,14460680,72.3339425973108,475.582024468316,465.684323265439,466.88866469439336,6.3583027546767426,4.2004214169214364,2.157881337755306
2022-04-13,482.1006774902344,485.08064275314774,478.4222855331121,478.9344537412433,15440525,79.99993574317834,478.0808376736111,467.1277378627232,466.7836722579657,6.652105491345992,4.690758231806347,1.9613472595396448
2022-04-18,474.4645690917969,479.58636522527064,469.3427729583231,476.79265824337585,14492183,66.90645701072899,478.21535237630206,468.1764875139509,466.2577993355545,6.197337102350048,4.992074005915088,1.20526309643496
2022-04-19,476.60638427734375,485.12721303086033,470.36712260501565,477.9566873090639,20362934,63.99216317526077,478.15326605902777,469.02125040690106,465.8834790996477,5.941269210076598,5.18191304674739,0.7593561633292083
2022-04-20,474.2782897949219,478.37574925727273,472.13645923701137,476.7926373359957,11881305,63.992122136386314,478.1429206000434,469.34940011160717,465.3265650132123,5.487222507161164,5.2429749388301445,0.24424756833101924
2022-04-21,480.7969055175781,482.3800173281685,476.978862478602,478.0963565118487,10035638,69.16371641754404,478.38607109917535,470.48905290876115,464.8919869217218,5.588958994067127,5.312171749877542,0.27678724418958556
2022-04-22,466.1765441894531,478.18947767208795,464.68656155476515,477.6307590507531,16760456,54.87212726849424,476.90126546223956,470.79502941313245,464.3496793859145,4.438678597301703,5.137473119362374,-0.6987945220606715
2022-04-25,460.72882080078125,464.8728306576677,456.35200204000347,460.9616297046725,14057444,39.41779474456905,474.6921691894531,470.97684297107514,463.6466878255208,3.0523023056136935,4.720438956612639,-1.668136650998945
2022-04-26,470.7396240234375,472.97458391362466,464.1744240174396,464.6865922605249,12137213,45.078454142053324,473.71955023871527,471.7927841913132,463.17468022365193,2.7299085756926615,4.322332880428643,-1.5924243047359816
2022-04-27,463.0569152832031,468.2252616427236,458.0282485838483,465.61781325611173,12367342,41.93764583337864,472.10541449652777,472.08324032738096,462.4808188045726,1.8333451718248739,3.8245353387078893,-1.9911901668830154
2022-04-28,472.60211181640625,474.93020103717674,462.35851924501617,464.8262881352213,12154792,46.020995310160565,471.0500183105469,472.52668834867933,461.8773438696768,1.8714568133596572,3.433919633638243,-1.562462820278586
2022-04-29,462.1722412109375,477.25827009170274,460.03041058595346,473.16083892009266,12894773,39.78082004833954,469.6842041015625,472.58433605375745,461.26930206897214,1.047976748446672,2.956731056599929,-1.9087543081532572
2022-05-02,457.2366943359375,460.96163685598583,448.20369735719777,458.7732274416462,18590895,36.844884093920285,467.53201633029516,472.43799990699404,461.0794031479779,-0.002861534587168535,2.36481253836251,-2.3676740729496784
2022-05-04,446.6671447753906,462.3119197288658,444.6649939419759,458.1679099883815,14645323,33.301767990382615,464.464111328125,471.8216087704613,460.2549857345282,-1.669290222311588,1.5579919862276903,-3.227282208539278
2022-05-05,446.9930725097656,460.03037045796714,445.7358988095211,451.64925034840905,14130385,34.18393944251672,460.7081298828125,470.5710914248512,459.5848610073912,-2.929873560409817,0.6604188769001889,-3.590292437310006
2022-05-06,450.6714782714844,452.67362912004927,438.61196592978445,438.61196592978445,16710020,33.60855287869586,458.985344780816,469.30948747907365,459.05533495136336,-3.5906871285216084,-0.18980232418417065,-3.400884804337438
2022-05-09,443.1750183105469,450.438673074012,441.21941785811185,444.29251240309696,13544947,33.657579610037374,457.03492228190106,467.8239455450149,458.3359105727252,-4.665507247105381,-1.0849433087684128,-3.5805639383369687
2022-05-10,442.523193359375,449.36775266882523,440.9400813827751,444.19940616596347,10884328,31.91702190219722,453.8997633192274,466.10559517996654,457.6666995777803,-5.506432039854531,-1.9692410549856365,-3.537190984868894
2022-05-11,443.7803039550781,446.06184249202244,431.76737066572184,442.5697090695901,14771351,33.63316975641649,451.7579176161024,464.4027622767857,457.26772891773896,-6.002242561697585,-2.7758413563280264,-3.2264012053695588
2022-05-12,430.836181640625,440.4744766118199,424.9694082246234,440.4744766118199,18947096,24.918210206128364,447.1172587076823,462.03254772367933,456.6094731349571,-7.354876031967365,-3.6916482914558943,-3.6632277405114704
2022-05-13,414.0738830566406,444.19935888720414,409.5108345296604,437.1685418279946,61403008,24.393593253934924,441.7729966905382,458.9173424130394,456.09820616479016,-9.667978768571118,-4.8869143868789395,-4.781064381692178
2022-05-16,423.71221923828125,429.7652509416853,408.6727692282503,414.39986277150587,27940958,32.52749741144909,438.0480550130208,456.3520129975818,455.5878523284314,-10.601192228416721,-6.029769955186497,-4.571422273230224
2022-05-17,435.1663818359375,437.354791166289,424.78311064360963,426.7852614874846,16880698,33.43450765273495,436.7701924641927,454.1170465378534,455.2975254432828,-10.297808695110461,-6.8833777031712895,-3.414430991939172
2022-05-18,426.5058898925781,436.37699259137,425.667783565683,435.72511632653266,15644497,33.13278259571483,434.4938388400608,451.8332999093192,455.0008078182445,-10.633626552587316,-7.633427473054494,-3.0001990795328215
2022-05-19,416.7279357910156,419.0560248177811,413.887678545984,418.17133961998803,14201420,24.270991397736438,430.72233412000867,448.98194521949404,454.6374433928845,-11.555558516802535,-8.417853681804104,-3.1377048349984307
2022-05-20,430.60333251953125,432.09331515214274,422.92063887727875,423.57251516000093,13596860,35.91020779532106,429.3254801432292,446.90218534923736,454.64565920362287,-11.039313353536272,-8.942145616150537,-2.0971677373857354
2022-05-23,429.20648193359375,438.9844557239664,427.9027577786884,431.25521161919863,13499415,37.08152881435649,427.84584554036456,444.44549851190476,455.02180510876224,-10.620473305370751,-9.27781115399458,-1.342662151376171
2022-05-24,430.27740478515625,434.70077395889433,428.5546416316817,430.6033429344007,17175179,41.721539482685436,426.3455234103733,442.7360156831287,455.41894950118717,-10.085861492519541,-9.439421221699572,-0.6464402708199692
2022-05-25,429.4735107421875,439.26222115340613,427.53466786818933,435.99930806214456,12728644,41.193388302972195,426.1941155327691,441.24766758510043,455.59217266007965,-9.61619579080724,-9.474776135521106,-0.14141965528613376
2022-05-26,443.4708557128906,444.6057894882055,427.9602576714547,432.0743565287651,17055257,46.72064480226023,429.46044582790796,439.94915480840774,455.72944192325366,-8.022040490767836,-9.184229006570451,1.1621885158026153
2022-05-27,443.5181884765625,449.24007685783033,442.1468124863909,445.83530418702605,10977001,50.1676650027897,431.6611090766059,439.0187392461868,455.8375106512332,-6.677863320235929,-8.682955869303546,2.0050925490676175
2022-05-30,448.86181640625,451.03707280150377,445.5516260623434,447.348580762236,9365470,52.96114741468438,433.18282402886285,437.8882489885603,455.7801154641544,-5.122359738445425,-7.970836643131923,2.848476904686498
2022-05-31,442.7142639160156,450.56413133401236,439.7823756392409,448.2942925870972,15441579,49.52375031493667,434.98375447591144,436.961678641183,455.5893985523897,-4.33568892870295,-7.243807100246129,2.9081181715431788
2022-06-01,442.9034118652344,446.402767135689,439.4986680873034,442.61969283792894,9424008,56.084400770715284,437.8921407063802,436.27914138067337,455.2763995002298,-3.6548531139675333,-6.52601630299041,2.8711631890228766
2022-06-02,444.3693542480469,446.73377559781557,440.86999910536304,441.57932551029364,9370989,68.06119456316785,439.42169867621527,436.16972278413317,454.8250702502681,-2.9628427201587897,-5.813381586424087,2.850538866265297
2022-06-03,439.30950927734375,449.7129637489278,438.36374068901796,447.5849844251947,11306291,59.835539356244155,440.54425726996527,435.8038388206845,454.48086069144455,-2.7905391019298804,-5.208813089525245,2.4182739875953647
2022-06-06,438.5528869628906,440.34984143039037,431.7433418767632,439.02577123657824,10661432,52.46855275258237,441.46375528971356,435.2267630440848,454.06521067899814,-2.6840997098615844,-4.7038704135925125,2.019770703730928
2022-06-07,438.2691650390625,440.68089229525094,435.52644186174086,436.8032352488327,7672515,59.767540745493406,442.44105021158856,434.99315098353793,453.69968967811735,-2.5927520808272675,-4.2816467470394635,1.688894666212196
2022-06-08,445.74072265625,449.7602391433186,438.0800202062432,441.29562762338475,17168871,75.04999770761499,442.69325764973956,435.14636666434154,453.54549093807447,-1.8956147030808665,-3.804440338247744,1.9088256351668775
2022-06-09,441.6266784667969,445.3624472812635,437.3707195822311,443.51821574882604,12635601,61.447259253343574,442.4830898708767,435.04381306966144,453.2448898016238,-1.6560078643689167,-3.3747538434719786,1.718745979103062
2022-06-10,436.8032531738281,438.97850950586695,433.7295050866694,436.94511269764484,8621104,57.364783264467825,441.14324951171875,435.3279593331473,452.7255476409314,-1.83418449143403,-3.066639973064389,1.232455481630359
2022-06-13,421.67095947265625,429.4262451053027,418.1243270259241,429.3789682177071,13426836,43.44384249004544,438.8051045735677,435.6897248767671,451.95514215207567,-3.1600137168185825,-3.0853147218152275,-0.07469899500335497
2022-06-14,423.79888916015625,424.886517210218,419.30648858865146,420.8670009093979,11351101,45.762702594799464,436.682379828559,435.69385201590404,451.23924285290286,-3.993007878822823,-3.2668533532167467,-0.7261545256060762
2022-06-15,426.8726501464844,430.7503070587634,424.27178657712926,424.6028113493786,9920926,35.189907058763296,434.73830159505206,435.2989124116443,450.59730739219515,-4.354933962636778,-3.484469475100753,-0.870464487536025
2022-06-16,417.6513977050781,432.92555402430173,416.2800217617226,430.46655002030155,10780703,30.16676611327553,432.3318447536892,434.8772699265253,449.5070615282246,-5.324463893000427,-3.852468358680688,-1.4719955343197393
2022-06-17,417.0839538574219,423.27872666107095,413.5373215967295,416.13818525457054,14326050,23.70885700738114,429.94640774197046,434.89422316778274,448.3289986404718,-6.068655639474457,-4.295705814839442,-1.772949824635015
2022-06-20,411.1256408691406,419.4011164996582,407.3425662951897,417.55685609982976,12368534,23.783330074494017,426.9304606119792,433.96671404157365,447.0888857374004,-7.057860401281744,-4.8481367321279025,-2.209723669153841
2022-06-21,426.30517578125,430.27741525368896,413.868325066745,415.665279547109,13801891,38.96917361335614,424.7709554036458,433.8285566057478,446.06332936006436,-6.541543849580307,-5.186818155618384,-1.3547256939619237
2022-06-22,423.3733215332031,426.73081748792765,420.53601564262533,424.4136727989286,11066447,36.31317146224294,422.7428046332465,433.49979073660717,444.96202596028644,-6.2963549374124455,-5.408725511977196,-0.8876294254352493
2022-06-23,426.919921875,431.6960704167751,421.8127774275385,424.6500831053022,12229833,41.76096651800572,421.64465671115454,433.37819126674106,443.9092658547794,-5.749582344346663,-5.47689687845109,-0.27268546589557374
2022-06-24,429.6153869628906,435.3845812009487,428.62234147696313,431.0813167492726,10833364,44.20599975309658,422.5273708767361,432.7184070405506,442.9312696269914,-5.040654096678736,-5.389648322096619,0.34899422541788283
2022-06-27,436.1884765625,439.64052607470876,433.2092824733034,435.0062658485541,9509175,48.75283255908222,423.90399169921875,432.36937313988096,442.1195900112975,-3.9034336029907877,-5.092405378275453,1.1889717752846654
2022-06-28,439.07305908203125,440.491711938516,433.1620055133448,434.0131914547224,13261290,45.770837075624215,425.2595926920573,431.9032418387277,441.2759112189798,-2.737856165033463,-4.621495535627055,1.8836393705935919
2022-06-29,434.2023620605469,437.6071347305486,433.1620108471343,435.05354801240566,11800876,45.3356785314673,427.09858873155383,431.49791317894346,440.48645617915133,-2.181999459914323,-4.133596320484509,1.951596860570186
2022-06-30,440.6335754394531,443.84918283740706,433.7294763537707,434.10777801307705,16926328,52.35874622166863,429.71521335177954,431.38982573009673,439.78110698625153,-1.2086018349662027,-3.548597423380848,2.3399955884146455
2022-07-01,441.5320739746094,443.37630541575845,435.57371451361155,438.22188389491066,9405495,64.83052913812301,433.09370591905383,431.2547171456473,439.1390243231082,-0.36052003102037133,-2.9109819449087526,2.5504619138883813
2022-07-04,447.7741394042969,448.4361600833809,441.5320610921888,441.5320610921888,9186358,66.86631185955994,435.47914632161456,431.65779477074034,438.49151910520067,0.8059825565592291,-2.1675890446151564,2.9735716011743856
2022-07-05,446.5446472167969,453.9689366406206,445.45701907860894,449.38195307080076,12003244,64.20769025960401,438.0537380642361,432.0383547828311,438.10657994887407,1.6126449500297326,-1.4115422456861788,3.0241871957159114
2022-07-06,453.9216613769531,454.9147068843763,448.199743900056,449.3819546767825,12059857,76.91236809927086,441.0539313422309,432.78371175130206,437.9731062346814,2.814747442589919,-0.5662843080309593,3.3810317506208785
2022-07-07,460.35284423828125,461.77149707106486,455.48214195157067,457.7519807115113,11497832,79.53523872374589,444.46920437282984,433.47952706473217,437.7694438859528,4.23751757307673,0.39447606819057857,3.843041504886151
2022-07-08,462.05523681640625,463.33203019569055,458.8396293570521,462.4808442303567,9057231,86.9088834188125,447.3432888454861,434.45231555757067,437.7498031317019,5.439736113757931,1.403528077304049,4.036208036453882
2022-07-11,461.7242126464844,464.6560720296286,458.6977417742877,458.6977417742877,7704792,82.707474627007,449.8600836859809,435.63902791341144,437.5365109911152,6.293247445594034,2.3814719509620463,3.9117754946319874
2022-07-12,458.6504821777344,464.7033952876818,456.9008045407598,458.69775906147703,7364457,82.4913231823655,452.57654147677954,437.39995756603423,437.46745689242493,6.6450371132509645,3.23418498341983,3.4108521298311345
2022-07-13,460.1164245605469,465.74375928365237,458.2721642428724,461.2986353122441,8208853,81.79352416760634,454.7413024902344,439.1293640136719,437.5239221909467,6.9618701527706435,3.9797220172899928,2.9821481354806507
2022-07-14,453.35418701171875,462.38626565305754,450.9424597491278,460.21100940450947,9385630,71.09247006034299,456.05487060546875,440.390389578683,437.6550406661688,6.591325861857911,4.502042786203576,2.0892830756543344
2022-07-15,453.1177062988281,458.13026793850156,448.9563305595152,456.3805903939709,6945602,66.9507388831409,456.6486002604167,442.0792614164807,437.77513152477786,6.207034000292708,4.843041029021403,1.3639929712713048
2022-07-18,463.7103271484375,464.8452609990571,455.9550420444267,458.272157767472,9934786,71.36997339189305,458.55589803059894,444.29956490652904,438.03079522824754,6.6802105981772115,5.210474942852565,1.4697356553246461
2022-07-19,470.9454650878906,471.5129031327425,461.53505638903056,461.53505638903056,11724183,80.61464338458158,460.44743177625867,447.1481279645647,438.5753137925092,7.551967248690687,5.678773404020189,1.8731938446704977
2022-07-20,481.0179138183594,482.9094510108322,473.26259978419387,473.8300667144491,19280117,81.72361978662238,462.74355061848956,449.7534964425223,439.33011223288145,8.952405352250707,6.333499793666293,2.618905558584414
2022-07-21,484.2807922363281,485.55761446071546,479.2682302825926,482.15281292081585,13814893,82.37820640837882,465.21305677625867,452.6538521902902,440.12423945408244,10.207879576675566,7.108375750268149,3.0995038264074175
2022-07-22,485.84130859375,491.98880407908524,483.47688725323644,485.60486645969866,14699129,81.0331367429891,467.89273410373266,455.4596325102307,441.20277135512407,11.199669751655449,7.926634550545609,3.27303520110984
2022-07-25,489.7189636230469,490.85389747437273,481.5380711043207,485.55761646836356,10229778,83.73981296785462,471.34478759765625,458.3217075892857,442.6860082289752,12.158410378245662,8.77298971608562,3.3854206621600422
2022-07-26,486.314208984375,492.556258440218,485.2738289249796,489.624398970835,8862656,76.98974000381412,474.25565253363715,460.7086472284226,443.9134982239966,12.499398699945118,9.51827151285752,2.9811271870875977
2022-07-27,499.5549621582031,501.2100571289965,484.46994216508864,487.3545247120165,15101546,79.33474643424947,479.38907199435766,463.58873785109745,445.17601940678617,13.680353920841867,10.35068799445439,3.3296659263874773
2022-07-28,503.5744934082031,508.35061320585476,500.831741428295,504.2838198452346,12160734,80.02735893572945,484.99538167317706,466.89217267717635,446.6871684953278,14.770348636121753,11.234620122787863,3.53572851333389
2022-07-29,499.6968078613281,507.8777291963506,498.1836012182079,506.0334689140187,11921058,76.12228634194022,488.9938795301649,469.70470755440846,448.31400912415745,15.1466789975035,12.017031897730991,3.1296470997725088
2022-08-01,504.803955078125,505.9861657457553,497.8525794425111,500.35883142280915,8295631,80.8860235748505,492.7559339735243,472.7176542736235,449.76892329197307,15.676320750951561,12.748889668375107,2.9274310825764545
2022-08-02,512.701171875,515.349370325729,502.2977165261426,503.0543776407157,16845027,82.4008932590756,496.2762959798177,475.8094177246094,451.4060740751379,16.542612117068074,13.507634158113701,3.0349779589543733
2022-08-03,511.5189514160156,516.7680136052014,505.65523196436504,512.5120546789236,24262125,88.48553478118119,499.3027581108941,478.90343221028644,452.9990455777037,16.938502442886374,14.193807815068237,2.744694627818138
2022-08-04,504.33111572265625,514.4981283696671,495.77192127182764,514.167132443307,18072293,81.03150819741246,501.35718112521704,481.3038824172247,454.46684175379136,16.482252956887578,14.651496843432106,1.8307561134554717
2022-08-05,502.2503967285156,513.4577891228303,500.31158266962416,506.50635537126294,21110734,76.03830032020025,502.7495625813802,483.2990039643787,455.6193817737056,15.770977309271757,14.875392936600038,0.8955843726717188
2022-08-08,492.177978515625,495.58272221944645,485.98314830777673,495.58272221944645,32566317,63.81537535290667,503.4010925292969,484.7334202357701,456.57349530388325,14.230486077669525,14.746411564813936,-0.5159254871444112
2022-08-10,486.7870788574219,495.10983046053855,485.5575913010178,493.2655702633671,16904151,53.99735770604225,501.9824388292101,485.92689005533856,457.3171279009651,12.431334443963067,14.283396140643763,-1.8520616966806962
2022-08-11,496.2920837402344,497.47429451617586,489.15154219857493,491.7996827916567,13862195,57.65983666218529,501.1732821994358,487.71934727260043,458.36767338771443,11.638309086907839,13.75437872989658,-2.116069642988741
2022-08-12,501.91937255859375,502.9596948559826,496.67036873971307,497.1905298884075,12154012,59.74769224848599,501.42023383246527,489.709963843936,459.52484908758424,11.333263153506778,13.27015561461862,-1.9368924611118423
2022-08-16,497.427001953125,504.8985391865189,496.52851024669945,504.3783780065253,10721167,54.63859893475141,500.60057237413196,491.8086693173363,460.56519512101715,10.606747309482785,12.737473953591454,-2.1307266441086696
2022-08-17,499.5076599121094,501.77746969315064,495.91369340648566,500.1696516867077,12054183,58.06822936515017,499.1346266004774,494.01771472749255,461.7455510158165,10.082643538847492,12.206507870642664,-2.123864331795172
2022-08-18,503.47991943359375,505.79706417892737,497.66347685158144,498.27819184106994,9013662,52.707118918912094,498.24140082465277,495.9115048363095,463.0186300838695,9.873994409279078,11.740005178369948,-1.8660107690908703
2022-08-19,492.1306457519531,504.7094137454508,490.38099701081967,503.14887253569157,11087222,42.83173525408696,496.8857930501302,496.92032296316967,464.0747375488281,8.692643550719652,11.130532852839888,-2.4378893021202366
2022-08-22,483.5715026855469,491.7051477692564,482.3420149767122,490.85393288806597,9676954,40.45890239295756,494.8103603786892,497.0419224330357,464.8165175494026,6.985241652810544,10.30147461283402,-3.316232960023477
2022-08-23,493.5966491699219,495.5827401146792,480.68688485359866,480.68688485359866,8597965,43.73350579057025,494.9679904513889,497.48553466796875,465.8355365827972,6.36765650473717,9.51471099121465,-3.147054486477481
2022-08-24,491.1376037597656,494.63695899173166,484.51722381150154,490.8538847355807,11930650,37.16214080175233,495.45138210720484,497.7377391996838,466.90091600605086,5.615064444271297,8.73478168182598,-3.119717237554683
2022-08-25,492.177978515625,499.64951545599195,490.38099517324997,493.6439082290722,15473450,38.46588110938945,494.99425930447046,497.8548351469494,468.2834065755208,5.044430309681218,7.996711407397028,-2.95228109771581
2022-08-26,495.3935546875,500.7844469647244,493.88034809833897,495.3935546875,12855886,44.40494485298332,494.26916842990454,498.2871849423363,469.6872235466452,4.796379097605666,7.356644945438756,-2.56026584783309
2022-08-29,486.928955078125,488.9623807185564,481.1597895368773,483.57148799346,9421339,41.1184227984063,493.1027187771267,497.68594650995163,470.864798153148,3.872138673748964,6.659743691100798,-2.787605017351834
2022-08-30,502.4395751953125,503.62178596047795,489.86086419897924,490.0973063520123,14835308,55.59567219557395,493.42848714192706,497.63190278552827,472.5273114372702,4.341206172397619,6.196036187360162,-1.854830014962543
2022-09-01,504.3783874511719,511.5662635120377,493.927655870551,493.927655870551,16670228,59.967857002048106,493.52831692165796,497.8548351469494,474.238966997932,4.813899849328834,5.919608919753897,-1.1057090704250632
2022-09-02,507.593994140625,508.68159334192575,502.4395439797127,507.8777131616108,10017930,56.89554819962887,495.2464667426215,497.9876941499256,476.13050333658856,5.385900274011021,5.812867190605322,-0.4269669165943011
2022-09-05,509.6747131347656,511.4716388097338,507.21568018067234,507.8777297346641,7819994,54.94574273426726,498.1468234592014,497.8435770670573,477.7652001474418,5.938654255570839,5.838024603598426,0.10062965197241258
2022-09-06,508.6343078613281,513.2685967845732,505.1349527279727,508.8234731138315,8657868,57.47629817978979,499.8176744249132,497.70621308826264,479.4369841930913,6.221051350301423,5.914629952939025,0.3064213973623975
2022-09-07,503.9527587890625,508.30332884057043,502.72327119466354,505.41874625079106,8445359,52.865841013575555,501.24158053927954,497.68819609142486,480.94743197571995,5.997950557213812,5.931294073793983,0.06665648341982955
2022-09-08,515.1128540039062,516.6733374465072,506.4590488467253,506.9319331126886,12240707,56.86381983238212,503.7899000379774,498.30069405691967,482.6238528980928,6.645067781395255,6.074048815314238,0.5710189660810174
2022-09-09,523.3410034179688,526.7930817113361,518.2811647716557,519.8417059673161,18587927,69.1193444503479,506.8951721191406,499.78464762369794,484.33272597369023,7.732717778882602,6.405782608027911,1.326935170854691
2022-09-12,524.8070068359375,528.3063043931888,521.3549284374099,524.8070068359375,9677415,77.66491912054056,511.10384453667535,501.5951203845796,486.01378377278644,8.613689214485532,6.847363929319435,1.766325285166097
2022-09-13,527.7388916015625,529.6304288474462,523.7193749540595,529.6304288474462,16707275,75.31551248405297,513.9148796929253,503.09258742559524,487.8478333716299,9.439629845170316,7.365817112489612,2.073812732680704
2022-09-14,540.7431640625,543.6750234535912,519.4633718606526,520.1726982673808,21632641,81.80713484828027,517.9554104275173,504.94133940197173,489.8107664818857,11.01653805874264,8.095961301740218,2.920576757002422
2022-09-15,541.1214599609375,547.1270667304167,537.1019439132205,541.4997327185876,12749947,81.65134536670469,521.6806844075521,507.02202787853423,491.76349954044116,12.156640314166225,8.90809710422542,3.248543209940806
2022-09-16,531.332763671875,542.871151610006,529.9141108366572,538.2368625915752,14739280,71.42051105570305,524.087134467231,508.53750900995163,493.4019039378447,12.130480949183493,9.552573873217035,2.5779070759664577
2022-09-19,541.216064453125,543.2494899696948,529.2047920630926,530.2924490091893,11194003,81.81814604494693,527.7073296440972,510.33446829659596,495.2582062365962,12.760158079405755,10.19409071445478,2.5660673649509746
2022-09-20,542.9183959960938,546.6069162369339,541.7834622508254,546.6069162369339,8484017,78.3068193652696,532.0368448893229,512.7529325939361,497.00324024873623,13.24387848309982,10.80404826818379,2.4398302149160305
2022-09-21,538.8043212890625,545.9921387362322,534.7375283196078,543.8168827502567,9392526,73.36325358970589,534.6692301432291,515.383066813151,498.5415045046339,13.143746019528862,11.271987818452805,1.871758201076057
2022-09-22,536.5344848632812,542.8711456696077,531.521923112055,536.014323707753,11869435,69.8959468010292,536.1351725260416,517.4277256556919,500.0018819173177,12.734438807329411,11.564478016228128,1.1699607911012837
2022-09-23,520.7401123046875,537.1965072724512,519.6997900461478,534.1700365315244,12563239,56.400382267288435,535.6832953559028,518.8373689197358,501.15905642041974,11.008684761104973,11.453319365203498,-0.44463460409852473
2022-09-26,513.8361206054688,519.2270137136438,504.0947145890204,516.2005423436912,16158750,52.81767415134868,534.1385430230034,519.8687090192523,502.24112776214,8.980397384084199,10.958734968979638,-1.9783375848954385
2022-09-27,507.40484619140625,521.0239369145561,504.2838214038483,515.0182717607147,11066799,51.83511213005905,530.4342854817709,520.440675281343,503.1683517156863,6.775906495734375,10.122169274330584,-3.346262778596209
2022-09-28,496.3866271972656,510.52587932873706,492.13066849231575,504.00011061622786,12233485,40.030194349315344,525.4637485080295,520.8910406203497,504.0121250526578,4.092576717628845,8.916250762990238,-4.823674045361393
2022-09-29,493.4547424316406,506.64822528844724,491.3740400704196,500.3115644395551,17310168,33.1376734809558,521.2550794813368,520.4631914411273,504.80304732977174,1.7097312210844393,7.474946854609079,-5.765215633524639
2022-09-30,501.82476806640625,507.7831560940152,488.15845873914054,495.5827187447877,17466950,37.97024357204928,516.8782687717014,520.3415905180432,505.55038930855545,0.4910397149288883,6.078165426673041,-5.587125711744153
2022-10-03,491.563232421875,502.8179019108135,490.3810216656896,498.98749288066523,9351162,32.41374992656348,511.17213948567706,519.5782209123884,505.95465925628065,-1.2879555018784004,4.604941240962753,-5.892896742841153
2022-10-04,503.8109436035156,506.74280316670263,499.17665438414605,504.0946626378347,8745887,31.912913802467642,507.2839864095052,519.2989937918527,506.4015814089308,-1.6900522241820113,3.3459425479338005,-5.035994772115812
2022-10-06,508.1614685058594,512.4174273002554,505.60788168419464,505.60788168419464,9507322,34.462769185088504,504.1314290364583,519.2764776320685,506.8698299632353,-1.6387749947550674,2.348999039396027,-3.9877740341510943
2022-10-07,501.44647216796875,506.55358745247656,497.9943940396795,506.45903369216524,11065307,35.491257544645634,501.98769124348956,519.1571306501116,507.1758135627298,-2.1155942522750024,1.456080381061821,-3.5716746333368237
2022-10-10,501.9666748046875,504.94586892749584,493.88036497509313,497.1905550114877,9649292,29.040383299110204,500.6688639322917,518.5311221168155,507.4159647623698,-2.4235636111945382,0.6801515826105493,-3.1037151938050878
2022-10-11,498.7983703613281,504.75670084855227,497.0013869758343,501.9666720027099,10825440,26.802608486083884,499.7125888400608,517.3624253045945,507.66075224034927,-2.889973422226319,-0.033873418356824336,-2.8561000038694946
2022-10-12,504.85125732421875,505.9861911671905,497.4742739326023,501.2573482590859,8522604,32.50487157778737,500.6531032986111,516.4121515183222,507.7646011651731,-2.7396086626362717,-0.5750204672127138,-2.164588195423558
2022-10-13,493.1710510253906,504.8512702166341,491.9888402681743,504.0946668770426,12972765,29.631278656959935,500.62158203125,514.7660638718378,507.5606120988434,-3.5223352518938214,-1.1644834241489355,-2.357851827744886
2022-10-14,498.6092224121094,505.8443176388137,497.474288535822,501.4465282402605,8545479,38.48428307145069,500.2642991807726,512.7596856980097,507.5392868939568,-3.6616277653129714,-1.6639122923817427,-1.9977154729312288
2022-10-17,514.1671142578125,515.1601597269055,495.77190373695043,497.852606168704,13485349,50.15800149523082,502.77584160698785,511.4761454264323,507.7228782504213,-2.48794673525407,-1.8287191809562082,-0.6592275542978618
2022-10-18,531.947509765625,532.940555155672,517.0989326199887,517.4299285082948,20440781,60.570263823514104,505.9021267361111,511.5054190499442,508.10025742474727,-0.12166427250195966,-1.4873081992653587,1.365643926763399
2022-10-19,523.3883056640625,532.8932674473145,521.6385993217906,532.4676600816199,9540583,61.88099175062984,507.59399753146704,510.6564781552269,508.33298986098345,1.0508617089882364,-0.9796742176146398,2.030535926602876
2022-10-20,525.2799072265625,526.6039486407994,515.7276096642603,522.0642708738797,11225588,64.13275189464933,510.2421569824219,509.8165501185826,508.7437504787071,2.10842877971146,-0.36205361814941994,2.47048239786088
2022-10-21,530.434326171875,535.1158925512549,527.0295821096737,527.0295821096737,11767639,63.07829022627717,513.4052293565538,509.41797892252606,509.29637654622394,3.324158009907478,0.37518870746195976,2.9489693024455184
2022-10-24,539.5609741210938,541.4525112783982,535.2104617493467,536.250784095811,3692065,72.17125770247472,517.9344075520834,509.56209745861236,510.22545489142925,4.966821966723501,1.2935153593142679,3.673306607409233
2022-10-25,547.1743774414062,554.4095298646989,537.1965308863428,541.4524893176606,19899324,70.92650929071841,522.636976453993,510.8208719889323,511.40951956954655,6.8045444545475675,2.395721178360928,4.40882327618664
2022-10-27,548.2147827148438,553.2746215483523,546.2759109378583,552.2815760803435,13613533,69.96700834816887,528.7529466417101,512.4579511369977,512.4276117063037,8.24980614682579,3.5665381720539004,4.68326797477189
2022-10-28,539.7974243164062,551.0520936602753,536.2507920935652,548.498506914803,10043644,68.79928386188013,533.3294135199653,514.0004548572358,513.1703186035156,8.61664861301665,4.576560260246451,4.0400883527702
2022-10-31,542.6820068359375,546.1340852886444,537.5748910714758,543.769663807375,9894639,69.50613009701016,536.4977349175347,516.2049967447916,514.0576716404336,9.035974522695483,5.468443112736257,3.5675314099592255
2022-11-01,545.6138916015625,553.9839200565388,543.438577788287,545.0936727265695,12069579,72.47956610897509,538.0162217881945,518.6887657528832,514.9617153990503,9.49541469508415,6.2738374292058365,3.221577265878314
2022-11-02,542.729248046875,547.5527021866988,538.993508532127,544.6681197141808,10241440,68.7587583170006,540.1652153862847,520.6365981329055,515.731310077742,9.517051074273013,6.9224801582192725,2.5945709160537405
2022-11-03,553.1800537109375,556.0646362732692,537.1965419604421,538.1423105202316,17557998,80.08530602365545,543.2652316623264,523.5707324800037,516.9283572926241,10.259228734026806,7.589829873380779,2.6693988606460266
2022-11-04,561.7392578125,564.5765635432895,548.9241051401274,554.2203860808812,25759031,80.68961260955729,546.7435574001736,526.3292236328125,518.4610583735447,11.40657818228874,8.353179535162372,3.053398647126368
2022-11-07,580.8438110351562,588.9301210515242,574.7435919964456,579.7561540508798,44265903,81.33329662014992,551.3305392795139,529.790287562779,520.171787037569,13.699519138919186,9.422447455913735,4.277071683005451
2022-11-09,582.1678466796875,587.3222970636789,577.4390037081603,587.3222970636789,18939854,77.91794639330845,555.2187025282118,533.6341625395276,521.956693761489,15.445484052208485,10.627054775172686,4.818429277035799
2022-11-10,572.8993530273438,581.742266711215,569.541885904196,579.8507294333699,11618405,77.3082923131097,557.9614325629341,537.0119091215588,523.5394658107383,15.898021353291483,11.681248090796446,4.216773262495037
2022-11-11,568.690673828125,585.950951573111,566.042533171182,583.7756952379483,15525267,73.34687494665856,561.1717936197916,540.3401140485491,524.9766642252604,15.73566424447813,12.492131321532783,3.243532922945347
2022-11-14,560.4151611328125,571.1969460463868,559.5640040449829,571.1969460463868,12957268,65.60035875305365,563.1421440972222,542.9860142299107,526.4175702263327,14.768982713508535,12.947501599927936,1.8214811135805995
2022-11-15,568.2650146484375,569.447225345239,560.5097586575258,562.0702421422246,10286417,65.13711976712074,565.658935546875,546.5619172595796,527.7082651175705,14.469502789197463,13.251901837781842,1.217600951415621
2022-11-16,567.2247314453125,570.7713637803187,563.6780991103063,567.4138967148733,11555749,61.361223299802376,568.3806559244791,549.8293224516369,528.9405463723575,13.986987347517015,13.398918939728878,0.5880684077881373
2022-11-17,566.5626831054688,570.062038562034,563.8199887288042,566.6099599916786,8167131,60.441324599001064,569.8676147460938,552.3243495396206,530.0967951755898,13.396739343620084,13.39848302050712,-0.0017436768870364716
2022-11-18,570.0147705078125,572.8993533129369,564.765766104203,568.4069522758153,12933675,68.2259113121319,570.7871161566841,554.1370762416294,531.2799335554535,13.057005123732552,13.330187441152209,-0.27318231741965704
2022-11-21,565.6641235351562,569.4471975804678,563.0632601290046,569.4471975804678,7412419,63.621012603829115,569.1004842122396,556.1502104259673,532.3981652353324,12.294973653082025,13.123144683538174,-0.8281710304561489
2022-11-22,566.6099243164062,568.1231886557925,563.8199532291959,565.7114903595797,8048595,62.74392272418441,567.371826171875,558.1183064778646,533.6267371084176,11.633275285087052,12.82517080384795,-1.191895518760898
2022-11-23,574.6962890625,576.5404915759619,568.4069050431018,568.9270662065175,12435924,68.25053453798355,567.5714857313368,560.2260189964658,534.7950397566253,11.627343833667169,12.585605409811794,-0.9582615761446256
2022-11-24,576.3040771484375,578.1483374757161,572.9466101411601,576.6824076810045,8960032,64.68465116279069,568.4174194335938,561.9756905691964,535.8335313983993,11.618447941733166,12.39217391619607,-0.7737259744629039
2022-11-25,574.4598999023438,580.4182308398936,573.3722428670565,577.4390365085501,9994513,58.831286266473775,569.9779459635416,563.2750011625744,536.8071175369562,11.331960406293092,12.180131214215475,-0.8481708079223829
2022-11-28,575.5947875976562,577.7701017116837,569.6837334294041,572.7574815968952,7934274,45.14434836025773,570.7923651801216,564.5788109188989,537.7454684388404,11.068897561841823,11.957884483740745,-0.8889869218989226
2022-11-29,575.5474853515625,578.6212333836287,574.1761092999211,574.1761092999211,6942919,43.72762095095345,571.7171156141493,566.2811947777158,538.4279061111749,10.732879512377167,11.71288348946803,-0.9800039770908633
2022-11-30,569.7783203125,578.2429610607289,565.9479689220002,575.500208955112,15606230,46.833020568179705,572.0744086371528,567.5714954194568,538.9898053337546,9.88708719686133,11.34772423094669,-1.4606370340853605
2022-12-01,575.121826171875,576.7296442351469,568.927053778954,574.8853840368389,14209313,56.37891871733898,572.641859266493,568.9766351609003,539.848414402382,9.538018617112698,10.985783108179893,-1.4477644910671952
2022-12-02,574.6016845703125,576.5404985985498,571.4806598266704,574.5544076867228,7533838,66.62974855618708,573.6349216037327,570.4943702334449,540.5030344046799,9.114343691918748,10.611495224927666,-1.4971515330089176
2022-12-05,583.8229370117188,584.4849865674205,574.6016932916017,575.5001849939731,11585602,67.66923651729554,575.5474785698784,571.9535551525298,541.3050842285156,9.414135968737355,10.372023373689604,-0.957887404952249
2022-12-06,575.92578125,586.1873471266914,574.838124306329,581.411227401482,12996244,58.550169374418225,575.6840888129341,572.6291038876489,542.0329559924555,8.911759817518146,10.079970662455313,-1.1682108449371675
2022-12-07,574.1287841796875,579.6615648076655,571.717085932937,577.7226931086815,7613892,57.27268140489129,575.4423895941841,572.3093407040551,542.7700991163067,8.273251558759966,9.718626841716244,-1.4453752829562774
2022-12-08,578.4793701171875,580.512737911779,574.2234115434572,576.6823867404484,10020015,57.998182178893906,575.8889973958334,572.1336989629837,543.9022414263557,8.025769019889594,9.380055277350914,-1.35428625746132
2022-12-09,583.0663452148438,584.484998122909,576.067634445001,581.0802542336061,11202267,66.37021096775084,576.7191704644097,572.6178414481027,545.2596968108533,8.106323232041746,9.125308868289082,-1.0189856362473364
2022-12-12,579.803466796875,585.1470828281776,577.8646525844588,581.4585619556684,9285187,61.892679083677834,577.1920572916666,573.1470220656622,546.6792776070389,7.816769157143199,8.863600926059906,-1.0468317689167073
2022-12-13,583.3027954101562,583.9175681021829,579.2832787818738,580.2290474002932,7455415,58.45729578133828,578.6947767469618,574.2369094122024,548.3835161994485,7.779979282345948,8.646876597317116,-0.8668973149711672
2022-12-14,591.5782470703125,592.7604577958726,584.0120984267273,584.9578670071755,14010673,63.27039249291545,580.5232679578993,575.3470633370536,550.3075064864813,8.322644563786866,8.582030190611066,-0.25938562682419963
2022-12-15,582.546142578125,595.4085716060209,580.9856014002335,591.6254974536832,10622271,56.24538614055548,581.4059855143229,576.076654343378,551.8902785357307,7.932454957974528,8.45211514408376,-0.5196601861092311
2022-12-16,570.6294555664062,582.2151207914691,569.447244829155,578.8103769582387,9435071,46.71255107846687,579.9400431315104,576.2703101748511,553.4405966366039,6.5857335968393045,8.078838834634869,-1.4931052377955645
2022-12-19,571.6697998046875,576.4459193386776,570.298423890439,571.2441924209372,8322012,47.46598148346099,579.4671563042534,576.34912109375,554.77116244447,5.538549351746383,7.5707809380571724,-2.0322315863107896
2022-12-20,571.6697998046875,573.6086137471829,567.0355109151941,570.298423890439,6753785,51.33685917898988,579.1939358181423,576.6351056780134,556.0164238424862,4.654988483348802,6.987622447115499,-2.332633963766697
2022-12-21,561.2191162109375,576.1149718170277,557.6251493131697,573.0412238348187,9217253,40.83546304283452,577.2761298285591,576.378400530134,557.1884364707797,3.0760188726145543,6.205301732215311,-3.1292828596007567
2022-12-22,561.2191162109375,566.5153973363823,555.6863352078802,564.6238601165613,8740149,41.117423720683774,574.8486599392361,575.7366303943452,558.3502490473728,1.8038800736334224,5.3250174004989335,-3.521137326865511
2022-12-23,542.8711547851562,558.6655013213187,540.5067333792975,558.003451782652,13047046,25.75588294383506,570.7450697157118,574.1445864722842,559.2144212909774,-0.6770219489769715,4.1246095306037525,-4.801631479580724
2022-12-26,564.7184448242188,569.0690153032233,539.7501867898378,542.8712118284932,13201587,44.30563696074874,568.6801418728298,573.6807076590402,560.388287712546,-0.8702294912226307,3.125641726238476,-3.9958712174611066
2022-12-27,569.2581787109375,570.3930549211663,561.1245336117585,567.8395257230137,9638618,47.59238542107912,566.2001342773438,573.3789643787202,561.8801921769684,-0.649541762802528,2.3706050284302753,-3.0201467912328033
2022-12-28,568.4542236328125,574.0815585274914,566.0898020573286,568.3123929733651,7988631,44.86434532690819,564.6343655056423,573.0411900111607,563.2497020048254,-0.5333692551693048,1.7898101717103594,-2.323179426879664
2022-12-29,578.6212158203125,584.4849926639092,564.7657405160301,567.4611579261255,20130392,47.84600578389253,565.5223388671875,573.4622802734375,564.5135079178156,0.3747694852005452,1.5068020344083968,-1.1320325492078516
2022-12-30,580.418212890625,586.8967048392173,578.1956220014096,581.8841427047076,13052895,50.30218296590541,566.494384765625,573.7144891648065,565.463913861443,1.2253535126355928,1.450512330053836,-0.22515881741824328
2023-01-02,578.9995727539062,585.6199532316294,578.0538041142315,581.6004365130118,6726084,47.84054641796073,567.3088039822048,573.9239124116443,566.5543308632047,1.7646334831938475,1.5133365606818385,0.25129692251200897
2023-01-03,579.1886596679688,583.1608412370937,576.9187921497869,581.1747504525312,6818062,43.23346642550516,569.305419921875,573.7032325381324,567.6113652248008,2.182120353747905,1.6470933192950519,0.5350270344528532
2023-01-04,572.3790893554688,581.6003319342061,571.2441556469066,578.6684150433266,7011191,44.30914168230787,570.5454169379341,573.5343424479166,568.433811561734,1.9411301521449786,1.7059006858650374,0.23522946627994124
2023-01-05,572.2846069335938,578.432103372453,569.3054702175378,574.0815905211622,8241475,51.06776054570052,573.8135782877604,573.4465244838169,569.0754514208027,1.7226619645042547,1.709252941592881,0.013409022911373691
2023-01-06,568.0759887695312,574.5072043394961,564.6239099486335,574.459927449855,7972036,47.77263397447197,574.1866387261284,572.9511253720239,569.4852869370404,1.1961357307351363,1.6066294994213322,-0.4104937686861958
2023-01-09,574.7435913085938,575.9730789468689,567.555715294209,572.1900045367088,8878905,51.759637457591,574.796129014757,572.5548037574405,570.0054596545649,1.301872522428198,1.5456781040227054,-0.2438055815945075
2023-01-10,562.8742065429688,575.9730785899777,558.5709132239706,575.4529174039299,10622660,50.9323368969138,574.1761271158854,571.7486485072544,570.4579455805759,0.423033075671583,1.321149098352481,-0.898116022680898
2023-01-11,564.3401489257812,566.9882895253261,560.1314670081308,564.103706770016,7419630,51.729559003887665,572.589341905382,570.8456653413318,570.882615033318,-0.15339596547380552,1.0262400855872236,-1.179636051061029
2023-01-12,562.6377563476562,565.4750621129492,558.0980209430805,565.4750621129492,8183715,63.431922133207685,570.6137356228298,569.467546735491,571.2164163028492,-0.73906945447834,0.6731781775741109,-1.412247632052451
2023-01-13,567.5556640625,570.203862090674,561.4555033068693,565.4750195048337,7877610,52.50410752282705,569.3421902126736,568.7537144252232,571.7032087737439,-0.7971962796713115,0.3791032861250264,-1.176299565796338
2023-01-16,570.2984619140625,573.2303214640315,568.0285941994754,570.2984619140625,5483191,50.94822272218476,568.3543904622396,568.7379528227307,572.0388638365503,-0.6148536926788211,0.18031189036425693,-0.7951655830430779
2023-01-17,560.79345703125,573.1357247063863,554.2676311351354,570.298419138533,13461999,43.97316026628457,567.0670979817709,568.2200317382812,572.0203187231924,-1.2232198195308683,-0.10039445161476812,-1.1228253679161002
2023-01-18,559.3748779296875,564.7657707637378,555.7336340028968,563.5835599547415,11538075,32.44171776408251,565.6326836480034,567.6345592680432,571.5993592505362,-1.7990831256560114,-0.44013218642301677,-1.3589509392329946
2023-01-19,557.8616333007812,559.6586168844244,555.6863768798873,558.9492903737978,7475688,29.31471640832008,564.4977552625868,567.4746791294643,571.1227668313419,-2.3504703800467723,-0.8221998251477679,-1.5282705548990045
2023-01-20,560.0841674804688,564.2455146186342,558.7600683716555,561.597374126141,6750607,32.905855617332975,562.8689303927952,567.4206339518229,570.871488683364,-2.5783867800639655,-1.1734372161310076,-1.404949563932958
2023-01-23,567.8867797851562,569.116267446911,560.7935151306456,566.0425194299563,6604469,41.02179942204379,563.4258829752604,568.6118541899182,570.8557260550705,-2.1051398238053025,-1.3597777376658666,-0.7453620861394359
2023-01-24,562.1175537109375,571.811682022892,560.888066055424,570.7713596355657,7609623,41.71124312865136,563.1789279513889,568.4880022321429,570.8891063017004,-2.1705952591664754,-1.5219412419659886,-0.6486540172004869
2023-01-25,537.8585815429688,563.5361628309502,536.6290939830234,563.5361628309502,25686294,29.99994326587172,560.4256863064236,566.9927833193824,570.2929017310049,-4.132330542331147,-2.0440191020390204,-2.0883114402921263
2023-01-27,510.6677551269531,537.7167133619173,503.3853255328834,537.1965521891551,40163464,23.677304685674372,554.1048075358073,564.2410467238653,569.183941411037,-7.79127931825542,-3.1934711452823006,-4.597808172973119
2023-01-30,509.0126647949219,524.2867928316846,496.71767317052826,506.9319623596132,40797825,18.4090773754086,547.2952745225695,560.9263538178943,568.0555096794577,-10.701217567266895,-4.69502042967922,-6.006197137587675
2023-01-31,523.48291015625,526.7931001933717,508.6816087573524,515.4438772089544,21911943,31.529911614239253,543.149658203125,558.2151489257812,567.1431202607996,-11.704810952144044,-6.096978534172185,-5.607832417971859
2023-02-01,498.7510681152344,534.3592804228468,472.26957511613944,530.9545364164019,38218810,24.754258381973415,536.4136793348524,554.393791562035,565.8310995662914,-14.330624382859355,-7.743707703909619,-6.586916678949736
2023-02-02,499.46038818359375,503.7636816109948,475.2487344537174,491.9888506750248,39287056,25.495210299843947,529.9246520996094,550.5972072056362,564.5144419950598,-16.167989721894173,-9.42856410750653,-6.739425614387644
2023-02-03,514.6873168945312,516.3424120513884,490.99582347997585,506.9320023288018,32317232,31.012282243904366,524.8805575900608,547.8499799455915,563.3377954819623,-16.208586603491653,-10.784568606703555,-5.424017996788098
2023-02-06,515.8222045898438,528.4954688768345,507.45211805473997,528.4954688768345,25338586,30.20618817337602,519.0956047905815,545.1612941196987,562.151876412186,-15.965147687698504,-11.820684422902545,-4.144463264795959
2023-02-07,517.429931640625,521.4967824365973,511.7080436679747,518.2811463944632,16195947,33.28469481959833,514.1303134494358,542.7495771135602,561.0336417403876,-15.46422845688437,-12.54939322969891,-2.91483522718546
2023-02-08,519.9362182617188,524.4286185104557,515.916702249691,520.1726603800734,15502847,34.924030213394815,512.138939751519,540.1397022065662,559.9422972436045,-14.695608150069347,-12.978636213772997,-1.7169719362963498
2023-02-09,520.9293212890625,522.0642551278453,513.3631726640212,522.0642551278453,15061047,35.82575037444349,513.2791137695312,538.142326718285,558.8713528502221,-13.846719541123434,-13.152252879243086,-0.6944666618803481
2023-02-10,523.0573120117188,527.0295516716327,516.8625392347192,516.8625392347192,13824475,35.7791455222621,514.8396301269531,536.1764773414249,557.9552546482461,-12.854084253775909,-13.092619154149652,0.23853490037374314
2023-02-13,508.3505859375,526.6985185479009,504.37834655817164,523.9557667151163,18488732,28.285595856583214,513.1582607693142,533.5913739885602,556.6460146436505,-13.103079379253018,-13.094711199170327,-0.008368180082690913
2023-02-14,511.5189514160156,515.0655838545804,501.96671113820275,510.6677942658425,18559909,31.188475924076556,514.576914469401,530.9229591006324,555.4090983072916,-12.896091084639693,-13.054987176264202,0.15889609162450924
2023-02-15,512.843017578125,515.1128852826321,507.68856722110974,510.7150382520747,12796579,38.78762876219229,516.0638732910156,528.1869855608259,554.0173351811428,-12.48133325587537,-12.940256392186438,0.45892313631106774
2023-02-16,510.80963134765625,517.1935698172999,509.2964245782404,517.1935698172999,12767016,50.08210812840447,515.6330193413628,525.8068033854166,552.7405479281556,-12.176350573594505,-12.78747522846805,0.6111246548735458
2023-02-17,502.2030944824219,510.3840154392782,499.12934672899837,509.2963585287838,14192008,46.35256609764327,514.1197848849827,523.0843375069754,551.3302402870328,-12.485203543124271,-12.727020891399295,0.2418173482750241
2023-02-20,496.67041015625,504.9931624047725,493.8331043175399,503.1489020645839,12570032,34.117671303302814,511.81317138671875,520.1704697381882,549.7261430328967,-13.02625457896761,-12.78686762891296,-0.23938695005464972
2023-02-21,495.06256103515625,500.26428808109324,494.0695155986855,498.5145816214719,10223218,46.99073555371312,509.0494316948785,517.074202764602,548.0005786372166,-13.429969085895436,-12.915487920309456,-0.5144811655859804
2023-02-22,488.3475646972656,493.596626297569,484.70637889222513,492.50896938170973,14763050,41.74277746712145,505.42923651801215,513.28662109375,546.2073256548713,-14.128890768295719,-13.158168489906709,-0.9707222783890099
2023-02-23,492.7454528808594,495.58275875157454,483.618791435906,488.91510150042114,15535085,30.569522793397113,502.0612521701389,509.98318772088913,544.4316914876302,-14.164637293783699,-13.359462250682107,-0.8051750431015918
2023-02-24,492.792724609375,498.89294371259393,489.5298113471756,495.7719188324995,12253035,29.205841311550586,500.3326009114583,507.83719453357514,542.4947204589844,-14.027452498728508,-13.493060300291388,-0.5343921984371196
2023-02-27,499.0821228027344,501.06821385639995,490.8539240908659,492.84001514453155,11048799,34.72455617137372,498.9507310655382,507.2854977562314,540.8581710516238,-13.258396151010174,-13.446127470435146,0.18773131942497123
2023-02-28,494.44781494140625,499.7914306474669,492.792719883351,498.65649677691636,15768010,29.505845909826164,496.9068196614583,506.59193347749255,539.3644133923101,-12.87445466921696,-13.33179291019151,0.45733824097455056
2023-03-01,507.593994140625,508.2560436730128,494.7315071796655,494.8733955527241,13510198,41.030569449598836,496.54952663845484,505.8353184291295,538.1080250459559,-11.378230328054201,-12.94108039376405,1.5628500657098492
2023-03-02,504.803955078125,510.62045465291806,503.6217444104947,506.8846573981803,10376913,37.831045862003016,496.83851114908856,506.1235511416481,536.7969300513174,-10.298875566282163,-12.412639428267674,2.113763861985511
2023-03-03,530.765380859375,533.6972406005289,512.3701689701492,512.6066111339563,27656538,62.9934219837078,500.62684122721356,507.61426507859005,536.1997979856005,-7.264864216916351,-11.38308438599741,4.118220169081059
2023-03-06,531.2382202148438,537.1019969258892,528.6846335168734,534.2646912003962,16162268,61.799626523479965,504.64635891384546,508.4024033319382,535.6119372797947,-4.767279943707138,-10.059923497539357,5.292643553832219
2023-03-08,534.1701049804688,534.8321545594332,526.2729600942696,529.630427149925,12637578,62.52079196142101,509.7377522786458,509.27611287434894,535.441328460095,-2.5222726264853463,-8.552393323328555,6.030120696843209
2023-03-09,528.5900268554688,535.0685178570142,527.7388121329454,534.1227493764892,8993423,60.021259322453695,513.720482720269,509.8075459798177,534.7329281077665,-1.17975434944276,-7.0778655285513965,5.8981111791086365
2023-03-10,517.6663818359375,524.8542572994388,515.4438488803586,523.1045508837578,11522371,58.493466229193395,516.4842224121094,509.69945853097096,533.7213242474725,-0.9858811783955161,-5.859468658520221,4.873587480124705
2023-03-13,501.2573547363281,523.151920773827,499.7914249608996,517.3354208316443,14373729,52.25055797906317,516.7259148491753,508.762698218936,532.4037385828354,-2.1317333494423565,-5.113921596704649,2.9821882472622923
2023-03-14,496.90679931640625,503.9054516704325,491.7996262613332,499.0347784684986,14750800,50.88114976396524,516.9991353352865,507.51743570963544,530.8014951219745,-3.352240373368204,-4.76158535203736,1.4093449786691563
2023-03-15,489.4825134277344,503.1488808530747,487.5909762816702,501.06817844737753,11282329,50.538611133478824,514.9867485894097,506.6189560663132,529.0184421913297,-4.862526626840918,-4.7817736069980725,-0.08075301984284522
2023-03-16,496.0556335449219,500.64258819117475,486.4087822245695,490.2864681418889,20040008,51.53913129356956,514.0147128634983,505.88260759626115,527.3920904421338,-5.466034461360664,-4.918625777870591,-0.5474086834900733
2023-03-17,501.0681457519531,502.7705175273021,491.8941796471299,499.9805465990132,18787379,53.677987899772596,510.71502007378473,505.3218994140625,525.8603156594669,-5.476718720194242,-5.030244366335321,-0.4464743538589211
2023-03-20,491.0430603027344,498.0417131884692,487.0708207053534,498.0417131884692,14275315,46.54189206645264,506.24889119466144,504.3806341262091,524.2654915603937,-6.222398745483588,-5.268675242164974,-0.9537235033186136
2023-03-21,493.54931640625,495.0625807877978,488.4422006470023,493.69120478503487,29485180,49.60629099965339,501.73547024197046,503.9685494559152,522.7216623343674,-6.535781198686493,-5.522096433469278,-1.0136847652172154
2023-03-22,493.2655944824219,498.42004482113964,491.8942184876975,493.88036715337415,11619538,42.923861044454405,497.81053331163196,503.8064153762091,521.2547918581495,-6.7294600126558635,-5.763569149306595,-0.9658908633492684
2023-03-23,484.94281005859375,492.7454003715794,483.76059940511107,491.2321938251734,22097792,40.699727569653795,494.17458089192706,503.3245224725632,519.4939922257965,-7.4684394931633165,-6.104543218077939,-1.3638962750853771
2023-03-24,477.94415283203125,487.02353688053415,476.14719832075485,486.5979294788206,14416984,19.924524865994982,491.58422512478296,502.82912190755206,517.8286970549939,-8.520599041626724,-6.587754382787697,-1.9328446588390271
2023-03-27,482.48382568359375,486.26692879064547,474.3502102854361,479.50466048857436,15674218,23.46881159146875,489.9816724989149,502.3404729933966,516.2236711090686,-8.885700579567413,-7.04734362214364,-1.8383569574237724
2023-03-28,480.5450439453125,483.99709365268615,476.5255272906492,483.71337461032533,15833599,20.499431876178562,488.9886203342014,501.7572501046317,514.6140100815717,-9.225147899474166,-7.482904477609745,-1.742243421864421
2023-03-29,488.4894714355469,489.90812430515643,478.8426203771755,481.39620708749925,24203789,28.49894574040178,488.14793565538196,501.2528381347656,513.0636925790824,-8.752223260300184,-7.736768234147833,-1.0154550261523507
2023-03-31,495.3463439941406,496.4340010614626,491.18493873019634,492.4144841889564,17356345,37.48677046809189,487.5121799045139,501.2956252325149,511.5940432081035,-7.734970837352421,-7.7364087547887515,0.0014379174363305935
2023-04-03,498.18359375,499.8386887458472,493.78574681383884,496.29205661188894,14210949,47.967465237179844,488.3055725097656,500.8475109281994,510.3663988300398,-6.623497068622669,-7.513826417555535,0.8903293489328661
2023-04-05,494.6369323730469,498.9874444434466,490.90113520111186,498.4200064256132,13574801,48.482913888806166,488.4264187282986,500.36336698986236,509.0970273485371,-5.960127393065761,-7.2030866126575805,1.2429592195918193
2023-04-06,499.0348205566406,504.7567089920419,493.3602090058029,495.58274210649415,25125879,56.65353574173713,489.06744384765625,498.8523879278274,507.9435604319853,-5.021642950071339,-6.766797880140333,1.7451549300689937
2023-04-10,497.75799560546875,501.6356814457874,495.9610699259261,500.54802448109393,17335453,51.28021411336056,490.49135335286456,497.25809151785717,506.7214786305147,-4.330991397390676,-6.279636583590402,1.9486451861997258
2023-04-11,503.24346923828125,506.6482709704916,498.561960659839,502.0612584406672,26414406,51.62433681819488,493.30238850911456,495.785394577753,505.4539627374387,-3.30293896350031,-5.684297059572383,2.3813580960720735
2023-04-12,499.5549621582031,505.0404082306634,497.47425979275084,504.2838049318985,21292441,57.020266596862854,495.19918145073785,494.4027724493118,504.22724525601257,-2.7540843283673553,-5.098254513331378,2.344170184964023
2023-04-13,504.04736328125,505.27685085857496,498.5619172034785,500.5952849630574,28597560,58.38369235358515,497.81055026584204,493.7542477562314,503.5642801920573,-1.9343162559447364,-4.46546686185405,2.531150605909313
2023-04-17,514.4981079101562,515.4438764908734,499.36581061868105,499.36581061868105,32476990,64.58738948026107,500.7003987630208,494.384759812128,503.6393851485907,-0.43632669882407527,-3.659638829248055,3.2233121304239796
2023-04-18,516.2477416992188,518.754051455373,511.1879030294058,515.7748574225958,22283456,73.64285233565936,503.0227762858073,495.3057570684524,503.7812494016161,0.8818561533047955,-2.751339832737485,3.6331959860422804
2023-04-19,510.998779296875,517.8083249786072,509.0599651502015,514.4981347732645,21156372,75.64198837896396,504.4466857910156,496.3303411574591,503.53646252202054,1.4858502058877434,-1.9039018250124393,3.3897520309001825
2023-04-20,515.2547607421875,515.8695334687824,507.5467807037376,511.85001661448604,25588577,75.5343038783756,506.737555609809,497.2445853097098,503.8600643382353,2.2816406449347824,-1.0667933310229951,3.3484339759577777
2023-04-21,513.6942749023438,516.7680230720757,510.43136145406214,515.4439238473666,22599418,75.98223255546944,508.3663838704427,497.84582955496654,504.13916015625,2.754638378959214,-0.30250698902655326,3.0571453679857674
2023-04-24,524.5232543945312,525.4217461299845,514.0252457859217,514.308964827345,23335611,77.02128419153438,511.3403015136719,499.44012451171875,504.33202167585785,3.9576789747487737,0.5495302037285121,3.4081487710202616
2023-04-25,531.332763671875,537.1019865035063,524.9015490305807,524.9015490305807,38142390,77.00494982615837,514.4613342285156,501.2393362862723,504.63615028530944,5.398339110671145,1.5192919851170388,3.8790471255541066
2023-04-26,535.6360473632812,536.250820070701,526.2729724415733,531.521976860201,23143882,77.50001344478764,518.4703436957466,503.2569768996466,504.99313294653797,6.808823795273213,2.577198347148274,4.231625448124939
2023-04-27,534.1228637695312,536.6291738697495,530.6707849862329,534.3593059403013,17845169,79.88557385152319,521.8120659722222,505.59888421921505,505.271302466299,7.71560115270762,3.6048789082601433,4.1107222444474765
2023-04-28,546.93798828125,548.971413929884,534.8321613379902,537.0074176463271,16183423,82.15880068722748,525.4164971245659,508.8843049548921,505.78127632889095,9.36040130943627,4.755983388495369,4.604417920940901
2023-05-02,544.1006469726562,549.3496509930271,542.0672791815007,548.5457707982896,13667511,80.4727038054057,528.5112643771702,511.81843930199034,506.1938907398897,10.31605054368697,5.867996819533689,4.448053724153281
2023-05-03,539.5609741210938,543.8169327250288,538.1423212531155,539.7028624979448,9699527,74.18142346365264,531.6848415798611,514.6287216913132,506.8058591356465,10.585077601807939,6.811412975988539,3.7736646258194
2023-05-04,548.5457763671875,549.3023796861156,537.6694376978381,539.2772558287686,12533761,80.47067389511062,535.3838433159722,517.4885457356771,507.53187531115964,11.39196248347946,7.727522877486724,3.6644396059927367
2023-05-05,545.235595703125,556.3483767083491,543.8642196936237,548.7349510540522,18163461,76.00008322147238,538.8884345160591,519.8642243884858,508.1670239018459,11.630254318043399,8.508069165598059,3.12218515244534
2023-05-08,551.9505004882812,555.733574673191,546.0394470743597,546.3232238183328,12990869,74.81209574504219,541.9359063042534,522.424553280785,508.9737076104856,12.220073609260794,9.250470054330606,2.9696035549301882
2023-05-09,542.3983154296875,554.6460308715142,541.0742162426815,553.2746547975016,18959065,65.7014111264458,543.1654120551216,524.6989048549107,509.7618491976869,11.78092497395346,9.756561038255178,2.0243639356982825
2023-05-10,541.1687622070312,543.8169025352203,532.7041223529789,543.8169025352203,18561315,69.0334435359722,543.7801581488716,526.7052830287388,510.63436590456496,11.204523079823161,10.046153446568775,1.1583696332543862
2023-05-11,542.3510131835938,548.5457859453637,540.9796371737035,541.1688024380219,16016715,67.78402076020885,544.6943969726562,528.8287600562686,511.5615904564951,10.719549900730954,10.18083273740121,0.5387171633297427
2023-05-12,546.796142578125,549.2551178633527,540.5540351442528,543.5332293428207,11319335,70.93303402219668,544.6786363389757,530.9026968819754,512.7076410031787,10.57202226310585,10.259070642542138,0.3129516205637124
2023-05-15,550.3427734375,552.3288644146909,543.4859510624889,547.3635792465793,11410243,67.98423610136851,545.3722059461805,533.3211640857514,513.8370002297794,10.618881165280072,10.331032747089726,0.2878484181903467
2023-05-16,554.504150390625,558.381836507775,550.4373567227524,552.328894031078,22178229,66.75792209534941,547.0325588650173,535.7238682338169,515.0470281862745,10.866542783867885,10.438134754445358,0.42840802942252765
2023-05-17,554.504150390625,558.4763902831363,548.0729350873454,554.2204313394036,23739774,64.55146001790601,547.6946004231771,537.628917875744,516.1337346095664,10.936744419127649,10.537856687381817,0.39888773174583214
2023-05-18,543.060302734375,561.6919543637448,540.4121623892405,558.287153012746,45656620,55.977180494678414,547.4529012044271,538.9057064964658,517.0869206447227,9.954210908144546,10.421127531534363,-0.46691662338981743
2023-05-19,543.9588623046875,554.4568712328581,538.9935768906619,547.6000485182514,42293962,47.62983695842187,546.56494140625,540.4752342587426,517.7999572753906,9.1426613606111,10.165434297349712,-1.0227729367386118
2023-05-22,545.8504028320312,548.8295394629752,542.3510472602424,546.1813987715346,21484049,51.413358575400814,546.9485066731771,541.9321695963541,518.6047895842908,8.553534191811991,9.843054276242169,-1.289520084430178
2023-05-23,550.0589599609375,552.0451085306911,545.5192825124204,547.5054310821739,16120548,58.52531090304385,547.9363064236111,543.6638212658111,518.9830950568704,8.330216503556585,9.540486721705053,-1.2102702181484677
2023-05-24,551.0994262695312,553.5111248798963,546.8907440611705,548.3566739831462,17616658,52.38101741985784,548.9083523220486,544.9293532598587,519.3725304697074,8.143321421950304,9.261053661754103,-1.1177322398037983
2023-05-25,549.7279663085938,551.2885074965544,545.7084499957997,550.4372927167339,16479436,54.34579036431117,549.2341105143229,545.8053152901786,519.6775865741805,7.794688054327025,8.967780540268688,-1.1730924859416625
2023-05-26,554.2203979492188,555.875492994289,549.0659475495447,549.7279971125996,9788076,52.29449493964843,549.6649576822916,546.6902843656994,520.1801428701364,7.791084514793624,8.732441335173675,-0.9413568203800509
2023-05-29,562.7322998046875,564.056398894281,556.1591966905138,558.0034569491859,18432231,70.99589852957118,550.5791965060764,548.0526384626116,521.0637883205039,8.378486054743007,8.661650279087542,-0.28316422434453514
2023-05-30,560.6515502929688,563.2051367653941,559.4220627988759,562.7322525195793,15031640,69.76948421939255,551.2622409396702,548.7056652250744,522.228380390242,8.577233897874066,8.644767002844848,-0.06753310497078147
2023-05-31,559.060791015625,563.8333319426182,556.7950683886402,562.8691846380491,28797643,66.81625477725785,553.0400729709202,549.4180530366443,523.4470861098346,8.508303588768399,8.617474320029558,-0.10917073126115895
2023-06-01,561.8568115234375,565.3759725346222,560.169553831175,560.9408598639765,17820226,65.6769937254922,555.0287339952257,550.4797595796131,524.866189994064,8.58038200717192,8.61005585745803,-0.029673850286110692
2023-06-02,566.1472778320312,567.7863399289043,562.0978476064854,563.7369097033585,11323908,66.20039765710146,557.2839423285591,551.3179263160342,526.2405359604779,8.8813309919949,8.664310884365404,0.2170201076294962
2023-06-05,566.1472778320312,568.6540371470996,564.9902893608927,567.4006574895654,12920507,63.0479301669902,559.071533203125,552.313720703125,527.5165973738128,9.01590548446893,8.73462980438611,0.2812756800828211
2023-06-06,564.3635864257812,567.7863563449595,562.0978638580726,566.9186002547972,11199940,60.62428886185011,560.5453287760416,552.9048200334821,528.9542547487745,8.876307205601279,8.762965284629145,0.11334192097213425
2023-06-07,568.0755615234375,569.4253323416787,564.9902786080794,566.9185730743186,11113781,82.34571759588096,562.5839504665798,554.1275460379464,530.415553672641,8.961892810226345,8.802750789748586,0.15914202047775916
2023-06-08,567.400634765625,572.6552488450642,565.3276947192347,568.7986599936411,15971917,80.48745638071892,564.0484212239584,555.3766828264509,531.8691819134881,8.87297691510446,8.816796014819761,0.0561809002846978
2023-06-09,557.9520263671875,567.9791224774418,556.0719274568654,566.9185840392489,18870272,63.15336269084261,563.5172797309028,556.1195882161459,533.3007351744409,7.948461775573946,8.6431291669706,-0.6946673913966528
2023-06-12,557.9038696289062,560.651665949061,556.9879179065606,559.2054449706885,8786066,59.374530474827615,563.2119818793403,556.6485275995163,534.8685727586933,7.12970422815215,8.34044417920691,-1.2107399510547605
2023-06-13,555.7344970703125,560.5552333084419,553.6615569491656,558.6751344061959,12612098,55.3933147640225,562.8423936631945,556.9052763439361,536.3048604329427,6.233921965775494,7.919139736520627,-1.6852177707451332
2023-06-14,555.8790893554688,557.8073838698208,554.6257096905156,556.3129673905737,8948696,57.36773461533963,562.1782023111979,556.9707496279761,537.7819985782398,5.472590837478265,7.429829956712155,-1.9572391192338898
2023-06-15,546.1893920898438,556.0237053584534,544.9842080825846,555.3487905450132,17934877,41.44562334217506,559.9606594509548,556.5748087565104,538.9133695714614,4.040773324460815,6.752018630261887,-2.7112453058010715
2023-06-16,550.7691040039062,554.0954237099354,546.7196738768654,548.3587359338673,12660226,36.092130191370245,558.2519734700521,556.94189453125,540.0000903559666,3.2382634219426336,6.0492675885980365,-2.811004166655403
2023-06-19,548.4551391601562,552.215336970729,545.6109518525627,550.7691160969515,17903691,35.89747570842202,556.4843682183159,557.1560029529389,540.9858069326364,2.3880232723548716,5.317018725349405,-2.928995452994533
2023-06-20,547.0571899414062,549.0336800950572,542.3810403275806,548.4551564192141,14549152,36.0582546571258,554.1489935980903,557.2134690057663,542.0136551202512,1.5831494479929233,4.570244869878109,-2.9870954218851855
2023-06-21,546.0447998046875,549.0818873383756,545.3699437722066,547.057201547171,14946871,30.84112564229234,551.776123046875,557.0223185221354,542.9354194192325,0.853748241954122,3.8269455442933116,-2.9731973023391896
2023-06-22,542.7667236328125,548.5998029137497,540.9348202600779,546.0447890802325,14979063,20.958079292562473,550.0888671875,556.6255231584821,543.8179434982001,0.011051782008280497,3.0637667918363056,-3.052715009828025
2023-06-23,534.716064453125,541.9471691410787,533.9447583891194,541.8507779506582,12215712,17.465052836144153,547.5124443901909,555.9106706891741,544.435053208295,-1.291524259713583,2.192708581526328,-3.484232841239911
2023-06-26,537.0782470703125,538.4762724386792,534.6196832000852,536.065904164558,8360264,22.090756873316707,545.4395277235243,555.0943777901786,545.1708038928462,-2.1089065991820917,1.332385545384644,-3.4412921445667357
2023-06-27,545.8037109375,547.587418580515,535.7284196908937,538.2351788930695,10694768,29.338027786208357,544.3200412326389,554.2882545107886,545.9895558076746,-2.0292243446973544,0.6600635673682445,-2.689287912065599
2023-06-28,549.37109375,553.4205239875774,548.1659096820828,551.7332662924933,18028934,34.12562955574805,544.6735636393229,553.7510899135044,546.67333984375,-1.6590926178822656,0.19623233031814247,-1.855324948200408
2023-06-30,552.3117065429688,553.4204993748917,549.7567517407397,553.4204993748917,8718232,44.39111376550606,544.8449639214409,553.429704938616,547.3804764093137,-1.1156175365466652,-0.06613764305481906,-1.0494798934918461
2023-07-03,564.4600219726562,565.3277191936658,553.3241329514472,553.9025977654534,15421985,55.25498023560721,546.6232842339409,553.5536673409598,548.4287360696231,0.2919920063159225,0.005488286819329245,0.28650371949659326
2023-07-04,568.123779296875,574.5835777803604,561.3747484015366,567.1114364319501,24799250,59.69810534684346,548.9640163845486,553.6477864583334,549.4653834922641,1.6837579930396487,0.3411422280633931,1.3426157649762556
2023-07-05,569.4253540039062,572.4142458484074,567.1114358645187,568.6540479574438,13598114,60.415118068851605,551.5618557400173,553.8038853236607,550.5581497491575,2.858814135984744,0.8446766096476633,2.014137526337081
2023-07-06,571.2572631835938,572.2214104632285,567.9791388940837,569.2325774351127,11323509,71.92245857432921,554.7274712456597,554.1321556454614,551.4745028626685,3.8929982949512123,1.4543409467083732,2.438657348242839
2023-07-07,572.3177490234375,574.1496522250379,564.5081803152976,568.8468426746808,11707209,70.0808459763002,558.9054361979166,554.3341645740327,552.2781300264246,4.743489047235016,2.1121705668137016,2.6313184804213146
2023-07-10,571.3536376953125,578.2955096754295,569.0879151930579,573.3301866383733,11417363,71.8894514699001,562.7138129340278,554.5224028087798,552.9784749348959,5.278861934704082,2.7455088403917776,2.5333530943123046
2023-07-11,567.4488525390625,574.5835657318489,566.2918640690325,573.6676140744553,13221177,68.60155784574098,565.1188286675347,554.9746326264881,553.6319256950827,5.326662823422339,3.26173963699789,2.064923186424449
2023-07-12,568.123779296875,573.1855524683788,567.1114364319501,567.8827424791843,16029716,70.26552202450179,567.2024603949653,555.4612949916294,554.0473333620557,5.357251263087846,3.6808419622158812,1.6764093008719652
2023-07-13,564.65283203125,576.5600264296337,562.4352463905591,573.571193644083,20024503,70.01761817463206,568.5736965603298,555.8859776088169,554.4503173828125,5.043280586216497,3.953329687016005,1.0899508992004918
2023-07-14,563.4476318359375,570.100212026189,559.8802755239558,565.7133541553305,12190152,80.04033132952993,568.4612087673611,556.2463843936011,554.9186832203585,4.643677555010754,4.0913992606149545,0.5522782943957996
2023-07-17,579.5489501953125,581.2362080626135,563.2548952420794,565.9544960603841,19378986,84.49492966571883,569.7306722005209,557.8349347795759,555.5265885895374,5.562114507320871,4.385542309956138,1.1765721973647327
2023-07-18,571.1126098632812,582.3931446524997,567.6417032420812,581.4289973858464,25757209,70.65301954924666,569.9181450737847,558.8036731538318,556.0339810240503,5.545317283842678,4.617497304733447,0.9278199791092314
2023-07-19,579.8864135742188,580.8023652915784,570.7752096906919,573.3302236106615,17556585,72.95141193763732,570.876939561632,560.3004005068824,556.5817440257352,6.1688671365901655,4.92777127110479,1.2410958654853754
2023-07-20,588.1780395507812,588.9011500146614,577.2831869976956,579.8382008421577,34038351,74.96643576740581,572.6391940646702,562.2585362025669,557.4793856751685,7.248543114661288,5.39192563981609,1.8566174748451978
2023-07-21,593.0469360351562,597.2892073744681,587.1656614867653,588.1298087141655,21040281,72.14334207654821,575.049560546875,564.4967331659226,558.4966047698376,8.400240616294923,5.993588635111857,2.4066519811830656
2023-07-24,595.5055541992188,599.6031798857839,592.2756257028592,592.9987361181354,11756364,71.61336510453954,578.1669718424479,567.0081060500372,559.5388506721048,9.402967565234576,6.675464421136401,2.7275031440981747
2023-07-25,587.744140625,599.5067488556581,582.537780778133,599.5067488556581,18503305,63.121516164994425,580.3470119900173,569.5332525344122,560.3417525945925,9.46227941885104,7.232827420679329,2.2294519981717107
2023-07-26,593.09521484375,594.2521444866661,587.310331241653,590.0581274138974,9999125,64.891499692425,583.5072767469618,572.2007271902902,561.180035759421,9.82778289518751,7.7518185155809665,2.0759643796065443
2023-07-27,594.4450073242188,598.9765114133418,591.118687362688,594.3004205370364,17444742,65.02947997343443,586.951429578993,574.5169793991815,561.9631898169424,10.109824245229902,8.223419661510754,1.8864045837191483
2023-07-28,593.962890625,597.6748927770809,591.6007181367443,594.3003774643948,11930586,65.45807961434714,588.552978515625,576.640398297991,562.7368906058517,10.177125688827232,8.61416086697405,1.562964821853182
2023-07-31,597.9641723632812,598.7354784405272,592.4685209367213,594.5414611882713,8605483,70.83601095888585,591.5364854600695,578.8143252418155,563.8134370691636,10.433066665766887,8.977942026732617,1.4551246390342705
2023-08-01,589.9135131835938,598.5908390485952,588.7083290356769,597.9641785998077,13493453,63.51668672066734,592.6506076388889,580.0263962518601,564.7145086550245,9.87247705027994,9.156849031442082,0.7156280188378581
2023-08-02,576.993896484375,588.6118583315358,572.7998209080405,587.9851391205248,14977497,56.852206304967844,591.4079250759548,580.4487827845982,565.3251653933057,8.290137107151395,8.983506646583946,-0.6933695394325508
2023-08-03,569.3289184570312,579.3078183831929,564.0261088863052,577.2349372227612,27774877,53.04693453576138,588.7725897894966,580.4441906156994,565.7030077167586,6.344486344887514,8.45570258624466,-2.1112162413571465
2023-08-04,552.74560546875,577.2349691049168,550.9137610058102,573.4747712992396,52725616,36.18292135001151,584.021484375,579.5626831054688,565.7352857402726,3.424928884277847,7.449547845851298,-4.024618961573451
2023-08-07,547.5392456054688,556.3129620223561,546.3340615456283,556.3129620223561,32736325,37.42935591340314,579.5542738172743,578.3827543712798,565.6923696480545,0.6831736324925259,6.096273003179544,-5.413099370687018
2023-08-08,552.5527954101562,553.6615883465553,548.0695457625836,550.5281096140759,25038671,34.81521265904162,575.049560546875,577.4874761672247,565.6596715590533,-1.0727693710392714,4.662464528335781,-5.735233899375053
2023-08-09,553.1795043945312,554.3846884999659,547.9730855203012,554.3846884999659,15769111,28.747131276352235,570.4645046657986,576.8079833984375,565.4723618451287,-2.3862890203971574,3.2527138185891937,-5.639002838986351
2023-08-10,553.0830688476562,556.8914032378979,549.6602991852233,553.1794600296084,27325801,24.23877120644613,565.9223022460938,576.0917590913318,565.3239602481617,-3.3958985440561946,1.9229913460601162,-5.318889890116311
2023-08-11,553.565185546875,558.241276326227,551.492245351644,554.8185652442073,18221179,22.257777217941367,560.9890814887153,575.5637759254092,565.2162032781863,-4.109744006312326,0.716444275585628,-4.826188281897954
2023-08-14,540.6937866210938,552.456395288408,538.5726508209419,552.4081996934482,28084093,20.84838739686532,555.5202229817709,574.4802594866071,564.8012420055913,-5.648968211489205,-0.5566382218293385,-5.092329989659866
2023-08-16,545.0806274414062,546.0930291373386,534.1375796285616,538.7654746862926,15725767,19.891210910140302,551.9743041992188,572.8389107840402,564.3881704293045,-6.440589979605761,-1.7334285733846233,-4.707161406221138
2023-08-17,551.6368408203125,552.6009880147222,543.7790176471228,545.4662752373399,27910162,24.801409516391303,550.0085177951389,571.9114932105655,564.1036520565258,-6.464406651127888,-2.6796241889332766,-3.7847824621946113
2023-08-18,552.408203125,554.6257301288466,547.0571974198606,549.5639568421426,18253227,25.622268912979038,549.9710286458334,570.6030069986979,563.8692327761182,-6.34786480934099,-3.4132723130148195,-2.9345924963261707
2023-08-21,551.2030029296875,554.9149463595685,550.2870512589609,552.4081870104123,9380810,21.637466302288374,550.3781127929688,568.842290969122,563.5383982938879,-6.280358084953491,-3.986689467402554,-2.293668617550937
2023-08-22,548.11767578125,553.8543633129792,547.1535285942997,551.9742645290513,14073413,23.02430000496352,549.8853217230903,566.7028023856027,563.1603010589001,-6.402020132275197,-4.469755600377083,-1.932264531898114
2023-08-23,556.216552734375,557.2288955423189,545.7073245358355,550.5280606183076,18579297,35.700123332739636,550.2227715386284,564.8318975539435,563.1262721641391,-5.778317647365952,-4.731468009774857,-1.0468496375910954
2023-08-24,556.2647705078125,561.1337023758908,554.9149408121432,557.4217589831178,24131644,39.95558821679933,550.5762939453125,563.3328799293155,563.0941329656863,-5.219965648517473,-4.8291675375233805,-0.39079811099409234
2023-08-25,549.5157470703125,554.6739114144629,546.8643420837741,553.2276905127146,12271885,47.07427810667899,550.1263563368055,561.2576671781994,562.9721966911765,-5.261407226787128,-4.91561547537613,-0.3457917514109976
2023-08-28,552.3117065429688,554.1918053746803,548.7926045292852,552.2635109517712,9711932,54.520469066884345,551.417236328125,559.2513195219494,562.9022480085785,-5.010877140982757,-4.934667808497456,-0.07620933248530104
2023-08-29,554.239990234375,555.6380154332899,551.3475486560166,553.0830606805313,13144855,51.69731198046952,552.4349433051216,557.3597528366815,563.0601028741575,-4.603665672266061,-4.868467381251177,0.26480170898511624
2023-08-30,547.0571899414062,556.9878951511408,545.8037514005196,556.0237478716156,15281416,44.55872205803856,551.9260932074653,554.9356108165923,562.987320245481,-4.805148839265939,-4.85580367285413,0.05065483358819023
2023-08-31,541.2239990234375,549.8531281027466,539.3439590892751,548.888980917279,27898476,40.43543367630742,550.6834038628472,552.6170625232514,562.8455331839767,-5.373572261690583,-4.95935739062142,-0.4142148710691629
2023-09-01,549.1300659179688,550.7209324523909,541.9471569863232,542.5256806565127,18121168,46.805532475731006,550.4530775282118,551.2902134486607,562.8861778109681,-5.126997558195171,-4.992885424136171,-0.13411213405900035
2023-09-04,554.9149780273438,555.6862841136486,548.069555596925,551.4922668121344,12108655,61.40756639889077,551.2083333333334,550.6038353329614,563.0601028741575,-4.413910456324857,-4.877090430573908,0.46317997424905144
2023-09-05,552.4563598632812,557.5181327939658,550.8654934034583,554.9631191092507,14444729,56.10532910292424,550.7905341254341,550.5900617327009,563.2500957414215,-4.00105209095193,-4.701882762649513,0.7008306716975827
2023-09-06,550.0460205078125,553.6615727898534,547.6356523197853,553.6615727898534,20609936,48.58614307381522,550.0995619032118,550.7094319661459,563.550683115043,-3.8242693077944523,-4.526360071678501,0.7020907638840486
2023-09-07,558.2894897460938,560.1695887755602,547.635673708293,547.635673708293,12390597,54.61420073801162,551.0744222005209,550.9826078869048,563.9665898341758,-2.9845841759672567,-4.2180048925362525,1.2334207165689959
2023-09-08,562.53173828125,567.4006702412167,558.9161860069856,560.169565692688,14032068,58.483740981940116,552.2099812825521,551.4279523577009,564.2945903703278,-1.954285865594784,-3.7652610871479593,1.8109752215531754
2023-09-11,570.4859619140625,571.0644267479431,564.3635913289041,565.9544578923964,10946134,65.61241147562214,554.0150892469618,552.2566615513393,564.7086073931525,-0.4902760635048935,-3.1102640824193464,2.619988018914453
2023-09-12,567.2560424804688,572.9445351099214,563.6887445349923,572.3660702665688,16093060,58.267141414095235,556.2594061957466,552.9086071196057,565.0016335880055,0.40466996409645617,-2.4072772731161862,2.8119472372126424
2023-09-13,575.0656127929688,576.5600291929064,562.5316991148621,567.3042395539778,19377172,62.61316853892097,560.0195855034722,554.5453607468378,565.2095863491882,1.7242125466719926,-1.5809793091585504,3.305191855830543
2023-09-14,575.8851318359375,582.0556976801864,573.8604461806968,576.9939246952075,13178911,69.21991444291805,562.9923706054688,556.0122419084821,565.361769732307,2.8037677980245235,-0.7040298877219358,3.5077976857464592
2023-09-15,577.3313598632812,579.163263171742,573.8604533120565,577.8616290798742,11756389,68.60214155928314,565.4830796983507,557.2357904343378,565.5167894550399,3.7329900421710818,0.18337409825666784,3.549615943914414
2023-09-18,582.2967529296875,586.587220031729,575.6441132571398,577.331370972233,19305055,69.95885631318527,568.7986789279514,558.6590547107514,565.7332500382965,4.814571702658213,1.109613619136977,3.7049580835212366
2023-09-20,579.5489501953125,585.0446018753269,577.9099467731562,579.3079133571266,21314600,74.67047791708491,572.0767822265625,560.0088617234003,565.8750382965686,5.387899888586503,1.9652708730268824,3.422629015559621
2023-09-21,567.063232421875,584.8517022259392,563.6887170242877,578.4883538720975,23453425,67.81917087715695,573.0516425238716,560.9110310872396,565.7909127029718,4.779676395480237,2.5281519775175534,2.251524417962684
2023-09-22,576.7047119140625,580.4166553572468,570.1967178548243,572.2214035789467,18784139,68.57142622245937,574.6264173719618,561.8866577148438,565.9724001416973,5.017799642189971,3.026081510452037,1.9917181317379336
2023-09-25,572.7516479492188,579.9345565537149,569.2807414736828,579.9345565537149,9712784,62.31685051157945,574.878160264757,562.6717471168155,566.0631426642923,4.831836403616535,3.387232489084937,1.4446039145315979
2023-09-26,573.089111328125,573.6675761014103,570.0520241511914,572.7034289146853,8327427,64.67761922170804,575.5262790256077,563.7942882719494,566.2285599054075,4.657995202440702,3.64138503175609,1.0166101706846122
2023-09-27,568.6058349609375,572.9926931348808,567.1114185078637,572.1731915193855,9865347,62.82474762470308,574.8085259331597,564.5701991489956,566.3297011431525,4.111071984735986,3.7353224223520693,0.37574956238391666
2023-09-28,568.7987060546875,573.8604793320803,567.738108726534,570.052085763523,21960816,58.17090358615649,574.0211452907986,565.2634713309152,566.118912042356,3.651106793332133,3.7184792965480824,-0.06737250321594956
2023-09-29,577.09033203125,578.488357330842,570.1002643801689,571.5946808672312,12189735,60.648761585028296,573.9943644205729,566.693620954241,566.2361222809436,3.9105673988431136,3.756896917007089,0.1536704818360244
2023-10-03,581.3325805664062,583.2126794228604,568.4611798159711,575.2102103849722,15322196,58.389218656618475,573.8872341579861,568.6035534086682,566.2644784964767,4.407696617944339,3.887056857194539,0.5206397607497997
2023-10-04,565.2313232421875,578.9222259114165,563.4958699679197,578.48834788113,24914612,48.69402470932178,572.29638671875,569.3702799479166,565.8145428825827,3.462524377781847,3.802150361312001,-0.33962598353015405
2023-10-05,570.9197998046875,573.0408766109746,566.0508092666732,568.8468597431443,13248028,47.250656725721385,572.7248942057291,570.1324143182663,565.3806774662991,3.1363274552580833,3.6689857801012176,-0.5326583248431342
2023-10-06,572.9445190429688,577.4760230117589,570.9680288955789,572.1250173967202,8216780,48.08058063441752,572.3070949978298,571.1080409458706,564.9383042279412,3.0065345069868954,3.536495525478353,-0.5299610184914578
2023-10-09,564.12255859375,567.8827565818558,560.6998474669198,566.9186092871498,9189597,42.135498242949076,571.3483072916666,571.7783522832962,564.4751359528186,2.1668362409451447,3.262563668571712,-1.0957274276265672
2023-10-10,570.437744140625,573.6676138901629,564.749251825484,565.9544358882783,10373508,43.05085836909871,571.0537109375,572.3568405877976,564.0308718213848,1.988035178800601,3.0076579706174895,-1.0196227918168885
2023-10-11,567.2560424804688,575.5959401945697,566.5329320028374,575.4995490029714,14220119,42.8330471159177,570.9037339952257,572.5818074544271,563.4977548636642,1.571482246352275,2.720422825764447,-1.148940579412172
2023-10-12,565.0384521484375,571.7392869264786,564.0261093625463,569.6181513270222,11983797,48.65896015445364,570.4859280056423,572.3224022274926,562.9306090111826,1.050312688786562,2.38640079836887,-1.3360881095823083
2023-10-13,555.4934692382812,560.4587923356951,554.1918351248179,557.0360813206687,19064577,35.933521952246224,568.0862765842014,571.7622796921503,562.0978501263787,-0.1314035521538699,1.8828399282643222,-2.014243480418192
2023-10-16,555.0113525390625,558.0001852843412,551.0101181684682,555.3487805162515,11290293,37.66758568837951,565.1616956922743,570.8073149181548,561.4134940353094,-1.0942115852823235,1.287429625554993,-2.3816412108373166
2023-10-17,555.7826538085938,559.1571689393722,554.6738610125884,556.9878377838718,10765224,38.04130624570342,564.1118435329861,569.8500540597098,560.9975873161765,-1.7745504092777082,0.6750336185884527,-2.4495840278661607
2023-10-18,552.1189575195312,558.4823059606506,548.9372244520923,557.0360850561344,11777454,38.47711855658229,562.0228610568577,568.6494634719122,560.6601371017157,-2.5796172783811926,0.024103439194523624,-2.603720717575716
2023-10-19,550.720947265625,553.420547925152,546.6715168528941,549.371117512421,11441499,37.574547846544704,559.5535753038195,567.1458536783854,560.6204379212622,-3.2924925119975796,-0.6392157510438972,-2.6532767609536823
2023-10-20,542.9113159179688,549.5639557633297,541.9471686271559,549.4675645730006,11110988,26.35091705343531,557.1967705620659,565.4012044270834,560.5296942018995,-4.436482246843411,-1.3986690502038002,-3.037813196639611
2023-10-23,533.125244140625,545.7073542311729,531.2451451967778,542.9113036124381,11875035,19.021089830834228,553.0509372287327,563.7851097470239,560.1487618240656,-6.062867596874298,-2.3315087595378996,-3.7313588373363986
2023-10-25,536.2587280273438,540.6937819693302,533.7519097953203,538.5726461874272,12134624,27.65802426950046,549.6067911783854,561.8591105143229,559.8169818952972,-7.018044098420887,-3.2688158273144974,-3.74922827110639
2023-10-26,527.3885498046875,533.0770421621733,523.7248019958954,531.6790168695493,19424825,18.001435685764278,545.4234686957466,559.698962983631,559.3131677964154,-8.394016610574681,-4.293855983966534,-4.100160626608147
2023-10-27,541.03125,542.3328252418293,530.2809846808998,530.2809846808998,10415296,29.963695557706586,543.8165554470486,558.1723981584821,559.0674043543198,-8.288092875336133,-5.092703362240454,-3.1953895130956793
2023-10-30,544.9360961914062,546.3823172222503,536.548002443134,542.8149602434581,8593704,37.16135029410155,542.6970825195312,557.0452677408854,559.1505868949142,-7.799155291144416,-5.633993748021246,-2.16516154312317
2023-10-31,545.2734985351562,549.0818921729843,542.95958030296,546.6715239018123,13039696,31.697056815387057,541.5293986002604,555.9250197637649,559.1543686810662,-7.30028998504099,-5.967252995425195,-1.3330369896157954
2023-11-01,546.0930786132812,549.2265574780274,543.6344558111273,545.948432973078,13575575,34.05961404786336,540.8598564995659,554.4489600771949,559.0456674613205,-6.760867303257214,-6.125975856991599,-0.6348914462656152
2023-11-02,551.588623046875,554.8185516709641,547.2499603836425,550.6244757883788,11148516,40.346025854681756,540.9562649197048,553.0325811476935,559.0295972637101,-5.822804765239539,-6.065341638641187,0.2425368734016482
2023-11-03,557.4217529296875,558.7233281709723,552.8902491112981,555.3488128153236,11371371,51.46197964436407,542.5685356987847,552.6606968470982,559.15153353822,-4.556177831522746,-5.763508877217499,1.2073310456947537
2023-11-06,553.7579956054688,561.6158198859742,552.697457080918,561.1337462208361,16499138,49.09346953730967,544.8610636393229,551.8434680757068,559.2621280445773,-3.8041495893004367,-5.371637019634087,1.5674874303336503
2023-11-07,558.96435546875,560.3623807188147,552.0706792493585,554.1918149204695,17923281,52.16252834405976,547.3839111328125,551.177746000744,559.3160065295649,-2.7562793866217135,-4.848565493031612,2.0922861064098983
2023-11-08,559.49462890625,561.7121557781876,558.2412492696659,561.0372997909418,15434808,55.23609959261349,550.9512532552084,550.9573683965774,559.3793370863971,-1.8615868523393146,-4.251169764893152,2.3895829125538377
2023-11-09,557.6145629882812,560.9890785114845,555.8309140361974,560.1695768517445,12434363,54.86061321749399,552.7938435872396,550.3467407226562,559.5381373985141,-1.2893790214734508,-3.658811616209212,2.3694325947357613
2023-11-10,558.7233276367188,560.1695485020424,554.7703474769183,557.0842655533097,6773038,62.31231916293111,554.3257581922743,549.9404209681919,559.6638554591758,-0.7379258028687445,-3.0746344535411185,2.336708650672374
2023-11-13,560.5069580078125,561.6157508400668,554.5774879637208,560.1695300224528,11282362,74.35674419614742,556.0183648003472,549.7246355329241,559.7867371802237,-0.15518224526658742,-2.4907440118862123,2.335561766619625
2023-11-15,563.7369384765625,566.9186127994279,561.7121938370072,566.1955023239185,11397676,74.40069114957817,557.9787936740452,550.117181687128,560.1137910730698,0.5608139383422213,-1.8804324218405255,2.4412463601827468
2023-11-16,563.688720703125,566.9185904945721,562.0014629933197,563.7369162968865,8622660,88.22337791876933,559.3232489691841,550.5303896949405,560.5542758118872,1.1115421351591976,-1.2820375104405808,2.3935796455997784
2023-11-17,542.8630981445312,553.902595942704,541.9471464863035,553.902595942704,37173221,51.67545527523063,557.7056206597222,549.9151727585565,560.4313940908395,-0.1309460302439902,-1.0518192144012628,0.9208731841572726
2023-11-20,543.5380249023438,546.4786623142577,540.5009374550467,543.7790617204822,12714585,48.640993511702185,556.570068359375,549.5065569196429,560.2083165785846,-1.0490728454753935,-1.051269940616089,0.0021970951406955486
2023-11-21,541.3687133789062,546.3340955532802,540.8866397249625,545.7073762644006,14280013,46.33485417559426,554.6149970160591,549.0612124488467,559.9909117455576,-1.9294982171647916,-1.2269155959258295,-0.7025826212389621
2023-11-22,538.9100952148438,544.2611004650989,535.246347583391,542.7666840578206,14909071,43.459098104079956,552.3278266059028,548.8706781296503,559.7725602692249,-2.7934306756822025,-1.5402186118771042,-1.2532120638050983
2023-11-23,539.874267578125,543.2969785663546,538.2834010675289,541.6097208689436,6376210,38.373270783911295,550.3566826714409,549.1920601981027,559.4114774816177,-3.3615528329976314,-1.90448545610121,-1.4570673768964215
2023-11-24,540.2598876953125,542.2846322273022,539.1993492596594,541.802558602573,6529851,30.901263649232064,548.305189344618,549.3825916108631,558.9747745289523,-3.737592772167204,-2.271106919314409,-1.466485852852795
2023-11-28,544.212890625,544.9360010141252,540.9829622454496,543.3933302092003,8153314,39.44559100829981,546.4947374131945,550.1837506975446,558.4596162683823,-3.6742780432547306,-2.5517411441024738,-1.1225368991522569
2023-11-29,548.214111328125,548.5997937728681,544.8395959006997,547.6356465078894,10299034,37.78754042345476,544.7699788411459,550.5257917131696,558.0862450693168,-3.2636146748459396,-2.6941158502511673,-0.5694988245947723
2023-11-30,544.502197265625,549.7568119125536,543.4416587556975,549.3229338505354,19758998,34.11652725401038,542.6381429036459,550.5051298595611,557.486962411918,-3.2007847852112263,-2.795449637243179,-0.40533514796804715
2023-12-01,551.2511596679688,553.6133320690648,546.2375824761655,546.6714604840198,10614230,43.888860232398926,543.5701497395834,550.7897803896949,557.0039433498008,-2.576704141176833,-2.75170053802991,0.17499639685307677
2023-12-04,573.37841796875,574.6317977044337,563.5922992174134,566.9186192117567,26077882,60.026407590553724,546.8857489691841,552.0890822637649,556.9264346852023,-0.29325050557577015,-2.2600105315390824,1.9667600259633122
2023-12-05,586.4425659179688,589.3832032666363,573.7158104246026,573.7158104246026,36430152,65.37143965104981,551.8939548068577,553.7487938290551,557.0077251359528,2.541276259070173,-1.2997531734172314,3.841029432487405
2023-12-06,586.6353759765625,591.9863811705368,582.875178355459,591.9863811705368,21439069,64.07821128424351,557.196763780382,555.1399187360491,557.1466746610754,4.748479782950426,-0.09010658214370004,4.838586365094126
2023-12-07,589.7689208984375,590.5884225726319,583.3091221564198,588.1298587031671,10725706,65.4483178499948,562.7406141493055,556.854724702381,557.5918842390472,6.673625958870048,1.2626399260590497,5.410986032810998
2023-12-08,592.131103515625,594.6860586201612,583.6465599734173,588.1298685759048,17722136,87.35385062476458,568.5040825737847,558.434093656994,557.8943625057445,8.294314870048538,2.6689749148569475,5.62533995519159
2023-12-11,592.2274780273438,597.6749338019196,591.1186850954592,592.9505885011256,11706255,87.24192536376945,573.8390367296007,559.9928007579986,558.2762415268842,9.477251272960302,4.030630186477619,5.446621086482684
2023-12-12,590.4437866210938,595.7947919730558,588.9011157464561,594.8788403360642,14494836,87.75962956353493,578.5312228732639,561.5560971214658,558.6165292777267,10.153761661375938,5.255256481457283,4.898505179918655
2023-12-13,597.626708984375,598.2534282981387,589.7207478232926,592.4203486231903,13977914,92.11622871342351,584.4339463975695,563.4086390904018,559.1855660232843,11.141075440124382,6.4324202731907025,4.70865516693368
2023-12-14,601.2904663085938,605.2434465626046,600.0852822254344,603.5561888461816,15813797,92.41016148215958,589.9938693576389,565.3507109142486,559.8226593615962,12.079913595319454,7.561918937616453,4.517994657703
2023-12-15,625.0084228515625,626.6956804527815,597.6266188130294,605.4844420374566,29813572,94.25984954736708,595.7305365668403,568.2684006463913,560.7622297698376,14.56983844289914,8.96350283867299,5.60633560422615
2023-12-18,625.24951171875,632.1431883165444,619.3682368434937,623.4658627876797,16221796,94.02832235917082,600.0424194335938,571.1998668852307,561.6233460669424,16.37382837906455,10.445567946751304,5.928260432313245
2023-12-19,631.902099609375,635.9514707795048,617.2952459631028,625.2494603780901,19964008,94.19555138393939,605.0720553927952,575.4398193359375,562.9306161917892,18.131305244781743,11.982715406357393,6.14858983842435
2023-12-20,613.6315307617188,636.7228692336894,611.2211626299238,635.0838071346933,22542056,81.64165669787954,607.7234564887153,578.777605329241,563.7681011125153,17.844139972299445,13.155000319545804,4.68913965275364
2023-12-21,620.6697998046875,625.6833773355924,605.002406799909,609.4857151061817,19915516,81.69014869380933,610.8944227430555,582.5538475399926,564.7038909313726,17.977258272531003,14.119451910142844,3.8578063623881587
2023-12-22,613.9207763671875,626.1172629150401,612.3781642684246,621.6339545547611,14998068,71.53097237276796,613.3047892252604,586.1257847377232,565.680326573989,17.33830056091722,14.76322164029772,2.5750789206194984
2023-12-26,615.1741333007812,618.3076118235898,612.8602152382182,615.9454393216356,10153089,67.44730279875584,616.0526055230034,589.7114926292783,566.5575106751685,16.7400880857125,15.158594929380676,1.581493156331824
2023-12-27,625.2977294921875,626.1654856146044,616.0901344015717,617.777392203141,14417646,70.95090803011641,619.1271633572048,593.7609136672247,567.695582969516,16.8882131863827,15.504518580781083,1.383694605601617
2023-12-28,628.0455322265625,629.8773766643785,623.3211872377498,626.9367393678991,16982092,70.8289546928619,622.0999484592014,597.7529442196801,568.9310159122242,17.031005284676894,15.809815921560245,1.2211893631166486
2023-12-29,619.03076171875,626.3100620587661,616.6203934706069,622.3570816705638,13221898,63.64969245730639,621.4357638888889,601.1251656668527,570.1768451765472,16.22966691337615,15.893786119923426,0.3358807934527235
2024-01-01,618.3558349609375,623.7068994465233,615.1259651092256,619.1753954576906,8295548,63.18091938549988,620.6697998046875,604.6420055571057,571.4188938514859,15.363043924829299,15.787637680904602,-0.4245937560753035
2024-01-02,616.52392578125,624.767372397678,611.1246662672199,618.3557701144152,15164482,63.15019766981662,618.9611138237847,607.750232514881,572.6098991842831,14.3628531710375,15.502680778931182,-1.1398276078936824
2024-01-03,620.3805541992188,624.7674123778669,613.0048042643401,616.4275152016644,14571772,61.87121102598999,619.7110053168403,609.9884294782366,573.948361864277,13.723199967978417,15.14678461674063,-1.4235846487622137
2024-01-04,619.7056274414062,623.2247883433014,615.7526473667616,619.4645906357115,13883388,59.916895212501615,619.6038750542534,611.5723847888764,575.3010026520374,13.011817119169336,14.719791117226373,-1.707973998057037
2024-01-05,618.934326171875,628.3829572580872,614.8848960358192,621.8749634544937,15984585,45.65519963257059,620.1609361436632,613.1104300362723,576.791649911918,12.244654761773177,14.224763846135735,-1.9801090843625584
2024-01-08,604.5203247070312,621.8749751770896,602.6402258033993,617.0542389354067,14739531,37.67201006488015,618.9771796332466,613.8128778366815,578.1915534524356,10.354226532865255,13.45065638348164,-3.096429850616385
2024-01-09,602.9777221679688,611.6067930993104,602.1099660920149,609.3410705687005,13400235,31.68501268801097,616.4971788194445,614.3293834867932,579.4997690238205,8.63206829874889,12.48693876653509,-3.854870467786199
2024-01-10,599.4585571289062,602.8812681223897,596.0358461354228,602.399194493818,12742464,38.96396953008116,613.3208482530382,614.6737205868676,580.9129064223346,6.903696764074425,11.370290366042958,-4.466593601968533
2024-01-11,597.9641723632812,604.6650079251884,596.3251101698327,603.5562149819164,15533860,30.64918338408465,610.9801161024305,615.0318341936384,582.0292382333793,5.351674734076482,10.166567239649664,-4.814892505573182
2024-01-12,610.8836669921875,613.6797175235832,598.8318265066497,601.4350358209014,16620797,47.65795617139845,610.1498752170139,615.6631179082962,583.3223278569241,5.1053302680469415,9.15431984532912,-4.048989577282178
2024-01-15,617.150634765625,622.3570534845726,613.2940457432574,615.9937051364175,16844018,51.41476832365921,610.2195095486111,616.4183640252976,584.7316834692862,5.354073995756039,8.394270675414504,-3.0401966796584645
2024-01-16,614.0654296875,621.7786079716733,610.7391097830742,617.054262733865,15025543,41.0590917129348,609.5178290473091,615.8972691127232,586.0644746668198,5.241830368831643,7.763782614097932,-2.521952245266289
2024-01-17,603.55615234375,613.968930423117,600.6637107190994,601.6278579273163,30016308,32.65024085236658,607.7234429253472,614.864251999628,587.0834458295037,4.255807336055227,7.0621875584893905,-2.8063802224341634
2024-01-18,605.773681640625,610.7390633220803,596.8553199279997,603.3633136101857,14695436,39.60690716440307,606.2611490885416,613.6200416201636,588.0315228630515,3.6116798629918776,6.372086019389888,-2.7604061563980107
2024-01-19,605.2434692382812,612.7156108338156,602.3028317345762,610.3052425771916,11675202,39.69698045124898,606.3414984809028,613.2206101190476,589.041041953891,3.0235666954419003,5.702382154600291,-2.6788154591583906
2024-01-23,583.405517578125,612.1371546825402,579.115109097921,604.5203673447073,30954343,30.20172919074807,604.1668090820312,611.4461204892114,589.5202804266238,0.7862788483126906,4.719161493342771,-3.9328826450300802
2024-01-24,596.1322021484375,600.0369865400962,581.4771529351829,588.0815965650563,19221835,36.89415766794948,603.7972140842014,610.5990455264136,590.2386642156863,0.039691653483487244,3.7832675253709143,-3.743575871887427
2024-01-25,590.7811889648438,601.435003614174,584.5142322479584,596.3250352913193,22684904,35.1189982741859,602.9991048177084,609.4374767485119,590.8889902152267,-0.9725551109968364,2.8321029980973647,-3.804658109094201
2024-01-29,600.6155395507812,606.9306922520184,593.5290219741044,596.8071461540897,19572140,41.37930044043449,601.8582017686632,608.2621343703497,591.7104061351102,-0.970036089292762,2.0716751806193394,-3.0417112699121014
2024-01-30,604.279296875,610.7872908979857,601.8207331245812,603.0259172029118,16966577,49.87380556278117,600.4280531141493,607.1304088774182,592.5686872893689,-0.6647424129282626,1.524391661909819,-2.1891340748380816
2024-01-31,617.5363159179688,620.1395252720102,599.6995917267393,603.9418631812425,23270745,56.789564710476846,600.813707139757,607.0592447916666,593.6235770431219,0.6395631821004599,1.3474259659479473,-0.7078627838474874
2024-02-01,624.4299926757812,629.5399613532924,610.5462486775638,619.7056475917949,26587707,61.29034928631587,603.1330227322048,607.3484903971354,594.8145823759191,2.204089492992921,1.518758671356942,0.6853308216359788
2024-02-02,626.3582763671875,636.8674459475857,623.5140302472481,628.623998836513,27471811,62.78766887945134,605.4201999240452,607.8167928059896,596.4517427332261,3.5585633416619658,1.9267196054179472,1.6318437362440186
2024-02-05,619.8984985351562,631.3236201370446,615.8490682349207,623.8996743944258,28339525,54.31077104659926,607.0485365125868,607.7938377743676,597.9490069221048,4.063897460523663,2.3541551764390904,1.7097422840845722
2024-02-06,626.9367065429688,631.5164056680424,614.836671150307,621.3446646438326,14079390,54.64530428358274,611.8853352864584,608.1381748744419,599.6268107096354,4.974954774095295,2.8783150959703314,2.0966396781249634
2024-02-07,651.0404663085938,653.6436757959015,631.516483424108,631.5646790198787,41696232,64.63181529005485,617.9862535264757,609.6670386904761,601.8254454369638,7.554858522167365,3.813623781209738,3.7412347409576268
2024-02-08,674.46923828125,693.1255240196265,654.1739491949825,656.0058526209428,74222434,75.45866976127786,627.284925672743,612.9979393368676,604.4645625095742,11.359017245430778,5.322702474053946,6.036314771376832
2024-02-09,699.247802734375,702.2366357119648,669.3110419771705,678.4222453850707,43235061,78.87998141398538,638.2440660264757,617.5822288876489,607.5819726083793,16.18667361182179,7.4954967016075145,8.691176910214274
2024-02-12,682.5198974609375,699.970940058633,679.2417731009738,699.970940058633,22873137,71.70323764870122,646.9374660915798,621.5375308082217,610.2938747032016,18.450142154995547,9.686425792285121,8.763716362710426
2024-02-13,687.8709106445312,692.2577691391986,676.9760578021069,683.1465652829623,23351472,82.3336609089676,654.7524210611979,625.8188040597098,613.0322433172488,20.440118365518174,11.837164306931733,8.602954058586441
2024-02-14,716.7471313476562,721.6642590731294,680.2541204805187,680.2541204805187,36782182,83.9392631017435,665.0098809136284,630.8599214099702,616.4095949659161,24.06979689577213,14.283690824699812,9.786106071072316
2024-02-15,734.3909912109375,736.6085181742852,715.0598501146139,720.8929293595762,33941282,87.79500352907122,677.0135158962673,636.4427955264136,620.0005720549939,28.046749842805298,17.03630262832091,11.010447214484387
2024-02-16,727.6419067382812,746.8284007926593,726.3402727045591,736.0781947745578,27365121,83.98245948622022,688.9850056966146,641.8511991954986,623.0253463445925,30.30458658305747,19.689959419268224,10.614627163789248
2024-02-19,732.02880859375,737.5726553496461,723.1104464212216,731.4985393690836,13979584,84.04419495539386,700.6619059244791,647.9689447312128,625.8799785539215,32.07814786280176,22.16759710797493,9.910550754826826
2024-02-20,732.8483276367188,736.1264519437863,726.967052738199,731.8359847570562,12528399,82.91139416912871,709.7516682942709,654.0201183500744,628.7468991747089,33.16750197585486,24.367578081550917,8.799923894303944
2024-02-21,743.839599609375,749.6244830800896,732.3662238537067,733.3786255385841,21465311,83.3019617856079,717.459486219618,660.6199340820312,631.7678928749234,34.5198039371669,26.398023252674115,8.121780684492784
2024-02-22,738.4403686523438,745.2857902765477,729.8594349797497,745.2857902765477,18799244,80.6647289481849,721.8142157660591,668.0025460379464,634.6367019952512,34.75520381413344,28.06945936496598,6.6857444491674585
2024-02-23,731.8359375,742.8754349674641,727.9311530180862,738.4403812825284,14143636,80.60093178531896,727.2937757703993,674.4646286737351,637.3741227692249,34.01671400969951,29.258910293912688,4.7578037157868245
2024-02-26,731.69140625,738.8742565255047,725.7136812472469,727.9312082579945,11355186,79.75900129938721,732.1627197265625,681.1746390206473,640.1436839384191,33.038940712667795,30.01491637766371,3.0240243350040856
2024-02-27,722.9658203125,735.0176614115741,715.590128867995,731.6914003457339,13969393,72.38895152241261,732.8536851671007,687.0008428664435,642.6013135723039,31.200308730376037,30.251994848206174,0.9483138821698631
2024-02-28,715.8793334960938,729.6184318157158,714.4331126203441,722.965792248516,11263318,64.35014312853988,730.7968343098959,692.3151303245908,644.8481541053922,28.838922232053733,29.96938032497569,-1.1304580929219554
2024-02-29,721.278564453125,726.8706658152877,710.7211987001107,717.2291929107045,19217113,58.81898782671244,730.0897962782118,697.2552373976935,646.7358039407169,27.090892291398404,29.393682718260234,-2.3027904268618293
2024-03-01,741.5738525390625,744.3216485578118,724.9905087033734,725.0387042946561,17348526,72.98308324971875,731.1503567165798,702.8335164388021,649.0166733685662,27.031622387012362,28.921270652010662,-1.8896482649983
2024-03-04,744.369873046875,749.1424137066598,741.4292357019581,746.635654393883,9789141,72.4348835574772,732.4305284288195,708.4531162806919,651.221923828125,26.90017754645544,28.517052030899617,-1.6168744844441783
2024-03-05,755.84326171875,758.7357035196916,741.525639495962,741.9113219415058,18088847,68.01418746874836,733.7642686631945,714.9266764322916,654.010389141008,27.405895043531018,28.294820633425896,-0.8889255898948782
2024-03-06,755.7950439453125,761.9655509647814,745.1894243197579,755.5540071356407,26710525,61.770921443052586,735.6925659179688,721.0627877371652,656.6599037320007,27.48594813146667,28.133046133034053,-0.6470980015673824
2024-03-07,759.7962646484375,764.9544879888422,754.9273325742631,761.6763636445312,15497868,68.23402203656516,738.7992689344618,726.2416352771577,659.5202074237899,27.554623306235726,28.01736156767439,-0.4627382614386626
2024-03-11,745.9607543945312,764.375943708488,742.9236669559873,761.6763431224929,16778340,57.13580987929887,740.384752061632,729.6459931873139,662.0846509746476,26.190728413720535,27.65203493688362,-1.4613065231630848
2024-03-12,732.4627075195312,749.8655543236582,730.1969260813347,742.3934128308799,21529705,49.825192432199124,741.4399617513021,731.2276553199405,664.1859250536152,23.746912682676225,26.871010486042145,-3.1240978033659204
2024-03-13,720.4590454101562,736.3192797248611,716.3614195245849,731.450347794911,27950252,39.49763038892547,741.9488186306423,733.0342814127604,665.9979547238818,20.604065059227878,25.617621400679294,-5.013556341451416
2024-03-14,714.4813232421875,723.8817591322932,707.7322923467271,723.0140618967187,19730882,39.29341941255567,741.1935696072048,734.3014439174107,667.8695343615962,17.430060565244048,23.980109233592245,-6.550048668348197
2024-03-15,705.659423828125,719.7841462932436,697.0784894237145,712.7458828582031,29792241,38.52981985808168,737.2030775282118,733.7734578450521,669.5813694374234,14.040930474929723,21.99227348185974,-7.951343006930017
2024-03-18,704.7434692382812,711.4443046336356,696.2107304639793,701.0314668855465,18145126,38.271086753818075,732.8001437717014,732.3616710844494,671.3111644071691,11.152550915807865,19.824328968649368,-8.671778052841503
2024-03-19,697.8497924804688,708.0215345586139,695.294837485665,703.8275174114212,15205043,38.8912675046473,726.3564249674479,730.9429989769345,672.8301690793505,8.212557948171252,17.501974764553747,-9.289416816382495
2024-03-20,709.8534545898438,712.4566640874273,693.9932196245381,699.1514430237444,25405455,47.44587145330349,721.2518039279514,729.8870297386533,674.5977735332414,6.773111341817184,15.356202080006435,-8.58309073818925
2024-03-21,717.61474609375,723.6888616581621,713.999194109353,715.3972193126948,15161161,48.47753947166856,716.5649685329861,729.16162109375,676.532683727788,6.187287695078567,13.522419203020862,-7.335131507942295
2024-03-22,719.9287719726562,721.9534576831707,714.8188032557894,717.1809169690966,15535921,39.425360908726034,713.6725260416666,728.0230102539062,678.7955944584866,5.842393310394641,11.98641402449562,-6.144020714100979
2024-03-26,713.5171508789062,721.0374875571446,712.0227344311277,716.4095925895269,14678342,35.441321577123205,711.5674641927084,726.8361903599331,680.9630342371323,4.994128582033795,10.587956936003255,-5.59382835396946
2024-03-27,707.0091552734375,719.1091912967626,704.0203223853061,716.3613952172508,30088789,25.82338486753443,710.0730319552952,725.6539626348587,683.0718694948682,3.7534642185564735,9.2210583925139,-5.467594173957426
2024-03-28,725.3761596679688,732.3180316341789,710.480131739764,711.299633363139,21705116,37.252516716295894,711.2835693359375,725.3532366071429,685.5701437557445,4.20383335307622,8.217613384626365,-4.013780031550144
2024-04-01,731.1128540039062,734.1981369990166,725.1351292346699,731.8359644474378,9949971,38.15212606699162,714.1117282443577,725.7411905924479,687.9275787951899,4.9664077689932355,7.56737226149974,-2.6009644925065043
2024-04-02,738.9224853515625,741.1882078791733,726.3403165012812,731.0164660314755,15713063,46.94049195159548,717.9093967013889,726.8384835379464,690.3152621400122,6.130259652285417,7.279949739656876,-1.149690087371459
2024-04-03,743.4057006835938,744.9001171021469,732.8965313153205,737.4762306009072,19136981,55.16139693097104,722.9711642795139,727.8921566917783,692.8513458850337,7.329884320641781,7.289936655853857,0.039947664787924
2024-04-04,732.0770263671875,747.5033830248789,730.9200378484845,747.2141506069232,15889530,55.5148782258658,725.4404500325521,727.4399268740699,695.3713630227481,7.282517841029517,7.28845289288899,-0.005935051859473184
2024-04-05,737.3316040039062,740.1758501398218,725.6171914639816,730.7754145215962,9939620,60.92166011544235,727.6312120225695,727.1047712053571,697.9509301279105,7.581584281401547,7.347079170591502,0.2345051108100451
2024-04-08,740.7543334960938,742.3933956194346,734.4873762603453,738.5850021452578,9797174,67.68704909167754,729.9451633029514,726.3862508138021,700.6080058976715,8.00253402430178,7.478170141333558,0.5243638829682231
2024-04-09,736.8013916015625,744.7556069687643,733.8124996099999,740.8990176998179,7465892,65.67659188874106,732.5323011610243,725.4817911783854,703.6157681334253,7.925806588841624,7.567697430835171,0.35810915800645304
2024-04-10,751.118896484375,752.7097629710994,736.2710642780829,739.0188603767406,14530669,74.28573972693462,737.4333835177952,725.0685831705729,706.6547229243259,8.917507060670232,7.837659356802184,1.0798477038680483
2024-04-12,738.8259887695312,751.5527435992136,737.3797679672235,749.3834123957522,14408722,63.17402661415032,738.9278089735243,724.7288324265253,709.5575621361826,8.612225537862741,7.992572593014296,0.6196529448484451
2024-04-15,730.341552734375,735.9335950981468,721.9052641714367,732.5590796729715,11356572,55.74916484968397,738.8421088324653,724.6278250558036,712.101209453508,7.598078729008421,7.913673820213122,-0.31559509120470075
2024-04-16,724.74951171875,727.8347947397396,717.7112484453821,724.315633679616,13338991,52.11506502145245,737.267333984375,724.8321329752604,714.4633705288757,6.270842729611104,7.585107602092719,-1.3142648724816146
2024-04-18,718.0968627929688,732.7037172254089,715.3972622519597,725.0869303823578,14589648,52.005075084094834,734.4552408854166,725.0043015252976,716.4351459577972,4.628827229113654,6.993851527496906,-2.3650242983832523
2024-04-19,723.5443115234375,725.0387279832828,705.8039786829678,708.166151201757,10886554,57.30722879217317,733.5071614583334,725.855962844122,718.378563974418,3.72415199521015,6.339911621039555,-2.615759625829405
2024-04-22,738.6331787109375,741.4292292520696,723.5443096786286,727.1116662441453,17452186,56.03335968493631,733.6517808702257,727.4697585332962,720.5800326478247,4.176590695910136,5.907247436013671,-1.7306567401035355
2024-04-23,745.2858276367188,749.8173315016863,738.1029188222026,742.7308138738571,12292429,56.39688511005916,734.1552802191841,729.7286173502604,723.0386077282476,5.014164627051855,5.728630874221309,-0.7144662471694536
2024-04-24,745.3822021484375,750.5886207443748,742.5862104814081,750.5886207443748,7842615,53.13374589168863,735.1087036132812,731.4204624720982,725.361068426394,5.620930036977484,5.707090706772544,-0.08616066979505987
2024-04-25,783.5625,785.2015621323537,742.0559716951439,743.0201189674838,36732974,64.68104552820203,738.7135484483507,734.5608317057291,727.9595396752451,9.077981625084021,6.381268890434839,2.696712734649182
2024-04-26,772.5711669921875,787.6118991537774,770.2572489382424,786.647751919581,14964358,64.84098181115382,742.4630126953125,737.0676124209449,729.8831069048713,10.80624355103896,7.266263822555663,3.5399797284832974
2024-04-29,796.86767578125,801.4473750673492,770.0643948867187,778.0668050277905,27302732,69.14728688257179,749.8548041449653,741.0366850353423,731.7972220626532,13.975329880176446,8.60807703407982,5.367252846096626
2024-04-30,796.6266479492188,804.9182905797428,790.5043365839119,796.8676847564651,27449073,68.34441518674826,757.8411526150173,745.3041846865699,734.0346093271293,16.279741964778054,10.142410020219467,6.137331944558587
2024-05-02,800.2904052734375,804.0024074577941,795.4214734778877,797.2533767737393,19943724,70.88484587597156,766.9737684461805,748.8715297154018,736.2389131433823,18.191934444790945,11.752314905133764,6.439619539657182
2024-05-03,801.6402587890625,806.2199583180101,790.6007607867497,804.8701286023054,22667634,68.1692107100054,775.6510959201389,752.2299775623139,737.9034842696844,19.590456076306282,13.319943139368268,6.2705129369380135
2024-05-06,778.838134765625,806.0270989146577,774.2102397469739,805.0629516671522,35283557,63.378465690334046,780.1183132595486,754.1307227725074,738.7749968884038,18.64393798999629,14.384742109493873,4.259195880502416
2024-05-07,773.1497192382812,785.4425969289771,764.7616262211365,782.8875831251004,16725013,64.58606721533556,783.2143012152778,755.5471046084449,739.6673069374234,17.236120723726003,14.9550178323403,2.2811028913857037
2024-05-08,781.7305908203125,792.5290519594521,770.8357384934087,773.8245714766452,27908322,69.0276665856844,787.2530110677084,757.9115600585938,740.6418516869638,16.62122093220944,15.288258452314128,1.3329624798953112
2024-05-09,790.4078979492188,809.5462560286481,774.7405052523084,782.7911700385396,49290254,73.82463851118733,788.0136108398438,760.4390026274182,741.7704707126992,16.642253049626788,15.559057371776662,1.0831956778501262
2024-05-10,788.0457153320312,802.2186913901453,786.3584576786101,797.3497596453622,20543142,71.69258180459678,789.7330050998264,762.6909731910342,742.6372572954963,16.280639678715033,15.703373833164338,0.5772658455506949
2024-05-13,779.8023071289062,790.456122787604,769.9679931182314,790.456122787604,15398505,64.5139453427087,787.8368530273438,764.7386358351935,743.4482756969976,15.154196187538219,15.593538304039116,-0.4393421165008977
2024-05-14,788.8652954101562,792.9147256484775,778.9345904580701,783.8517179173241,10912462,65.10695379511418,786.9744805230034,766.5360834030878,744.5664984011182,14.821931022441959,15.439216847719685,-0.617285825277726
2024-05-15,790.8900146484375,795.7107511254447,788.7206832337843,791.5649295245947,9755062,65.56729598407192,785.9299926757812,769.0153227306548,745.7272554285386,14.554214481646,15.262216374504948,-0.7080018928589489
2024-05-16,782.8394165039062,796.5303200119738,768.7628305348695,795.7107594941345,20536990,49.68842034612246,783.8410101996528,771.5152210053943,746.901247510723,13.536392103605067,14.917051520324973,-1.3806594167199062
2024-05-17,788.52783203125,792.9629448421255,782.1162879060583,785.297962171262,12492509,57.20507144605222,784.9176432291666,774.5522838774182,748.3257278741575,13.038468777080652,14.54133497167611,-1.5028661945954571
2024-05-21,800.8689575195312,806.3163543151672,790.2150830532505,791.5649127770058,14037801,52.025415868790546,787.99755859375,778.4938121977307,749.886323816636,13.484248616879427,14.329917700716774,-0.8456690838373468
2024-05-22,802.6334838867188,810.3780018937406,797.5358302513197,810.2799344229562,19239277,52.99442591826303,790.3201022677952,782.2599632626489,751.0835714901195,13.820599613342097,14.228054083241839,-0.40745446989974177
2024-05-23,815.7206420898438,819.0537392891404,805.8194777925474,808.4663420586099,17497488,57.031406014196925,793.1326293945312,785.9307948521206,752.4826061772366,14.970612591294753,14.376565784852422,0.5940468064423303
2024-05-24,812.28955078125,824.6905681013441,810.7210696223614,813.6620166705683,12252075,54.762442870774954,795.8263888888889,789.1214483351935,753.5893961588541,15.427309348933363,14.586714497668613,0.8405948512647505
2024-05-27,817.2891845703125,822.876995845969,806.7997949535047,816.2108014350272,12295193,70.45215487463445,799.9915974934896,792.5455903552827,754.7951636220895,16.008141591237177,14.870999916382326,1.1371416748548508
2024-05-28,814.7894287109375,824.151431802395,807.093914464433,819.2498532378913,13818893,72.9258757182136,802.872056749132,794.0325869605655,755.8734609566483,16.081369899516744,15.11307391300921,0.9682959865075347
2024-05-29,806.4567260742188,818.0244392460639,803.1726326134542,812.0935412900568,14518232,63.650951222750365,804.6016913519966,795.6461850120908,757.0596564797794,15.290762011627066,15.148611532732781,0.14215047889428511
2024-05-30,809.5936889648438,819.5439171556648,803.1726331596147,805.2313320096405,17818705,61.282405420033975,807.5743882921007,796.252185639881,758.5720286649816,14.747328233055327,15.068354872797292,-0.3210266397419641
2024-05-31,814.005126953125,818.5636189442075,801.0159437782618,814.3482733523172,22267336,64.90643327732718,810.4051988389757,797.0797322591146,760.406265557981,14.50540989012768,14.955765876263369,-0.4503559861356887
2024-06-03,887.8229370117188,894.0479177688353,839.8854753820721,846.5516101706216,64269020,85.38204718112755,820.0667521158854,801.2479480561756,763.8051207299326,20.039169143047957,15.972446529620287,4.06672261342767
2024-06-04,759.9407348632812,879.3431739398783,717.542081270305,879.3431739398783,122381193,44.67256809872173,815.3231133355034,799.2622564406622,764.8694601619945,13.944939678160836,15.566945159328398,-1.6220054811675624
2024-06-05,774.2042846679688,779.3509418310036,729.4038474915685,775.1846003180706,74256082,47.05933732120978,810.7101847330729,799.0415969122024,766.2314369351257,10.149174814840876,14.483391090430894,-4.334216275590018
2024-06-06,800.868896484375,816.9460375302097,780.3312712846982,784.2525339544707,40555649,52.981843957484685,809.4412231445312,800.3615577334449,768.2514193665747,9.186716393721213,13.424056151088958,-4.237339757367746
2024-06-07,813.613037109375,815.1325144961712,794.545884544975,803.7608761709042,25061284,54.054152162985204,809.0327623155382,801.8797694614956,770.2859209846048,9.344588206020944,12.608162562075357,-3.263574356054413
2024-06-10,815.4265747070312,828.8079077389773,812.877777859861,817.7303524667053,16725508,52.43561318404099,809.1035563151041,803.0711350213913,772.2037999770221,9.506455580074316,11.98782116567515,-2.481365585600834
2024-06-11,819.102783203125,823.0730498797147,812.730731059502,819.5439372413512,14754408,52.737939774720886,810.5086737738716,804.550043015253,774.1483884325214,9.818197869062942,11.553896506352709,-1.735698637289767
2024-06-12,822.5828857421875,828.905934018559,816.6029838634709,820.5242466911467,15071442,51.17845703685521,811.951917860243,806.5872134254092,776.2869322533701,10.228167125727737,11.288750630227716,-1.060583504499979
2024-06-13,827.2884521484375,829.2490835697314,819.6419417384134,828.3667754966601,12523972,52.564544083834676,813.4278428819445,808.4168875558036,778.6453498391544,10.808180619901236,11.19263662816242,-0.38445600826118387
2024-06-14,822.680908203125,833.1702976600134,818.6615781244269,828.3667270254315,12903496,50.923126118142754,806.1898396809896,809.9307396298364,780.5532860849418,10.771883634002052,11.108486029330347,-0.3366023953282955
2024-06-18,828.2687377929688,834.7387973148866,823.7102459704445,824.9846443812804,14929083,52.283667144746516,813.7818400065104,812.0940406436011,782.4583034141391,11.066442103681197,11.100077244200516,-0.03363514051931915
2024-06-19,835.817138671875,843.6596642417119,824.4455005291003,830.1313196004876,32925140,54.98750120529646,820.6277126736111,814.3459123883929,784.3581985772825,11.773259868229275,11.23471376900627,0.5385460992230051
2024-06-20,827.141357421875,836.3072851232247,825.7688915323681,836.209277488426,13985352,52.92579417989817,823.546875,815.5969790504092,786.0000741996017,11.500781152496415,11.2879272457043,0.21285390679211602
2024-06-21,819.8380126953125,831.3567222370788,812.2895697948148,828.2687636644131,18990090,50.96325157833922,824.238538953993,816.416242327009,787.7208778530944,10.57363464599996,11.145068725763432,-0.5714340797634723
2024-06-24,816.3088989257812,819.543928783181,804.8881970373593,815.1325081138934,12715254,34.61944182490659,824.3365749782986,816.4442545572916,789.2694522633273,9.44521580435503,10.805098141481752,-1.359882337126722
2024-06-25,825.6708984375,829.2000110244921,817.8773766546938,820.5242410117988,20917530,78.8387000716065,825.0663655598959,817.0814615885416,790.9344829484528,9.200315353239262,10.484141583833255,-1.2838262305939931
2024-06-26,828.7098388671875,832.0919399410025,819.5439111626723,823.3181026095383,16281760,76.5267088272949,825.7471381293403,817.6253022693452,792.7366093654258,9.146017480194928,10.21651676310559,-1.0704992829106619
2024-06-27,827.3864135742188,830.7195107377448,821.7495985528304,827.288405942117,20378887,67.13107869926777,825.7580227322048,818.2251586914062,794.2320508769914,8.893675904094948,9.951948591303461,-1.0582726872085129
2024-06-28,832.239013671875,846.992752780768,827.386439058991,830.2293784821371,23636388,63.399135902209416,826.8200344509548,819.452886672247,796.0636788162531,8.981721960193227,9.757903265081413,-0.7761813048881869
2024-07-01,825.3768310546875,833.7585184800706,823.4161996179325,832.6311314704473,10967797,56.673273422258454,826.4987114800347,820.2044648670014,797.9271156460632,8.400937528013628,9.486510117667857,-1.0855725896542285
2024-07-02,809.8878173828125,829.6411422984175,806.9468703630849,827.3864282167037,21142840,44.66515620295996,823.61767578125,820.0084025065104,799.5964941884957,6.614578975951076,8.912123889324501,-2.297544913373425
2024-07-03,823.4161987304688,827.2393941277866,808.760466789776,812.6817296590598,23598009,50.432152965627175,823.2037692599827,816.9414149693081,801.6615792068781,6.218817608467816,8.373462633153164,-2.1546450246853475
2024-07-04,822.7789306640625,828.2687343216311,817.8773523092979,826.4061106133324,13372587,47.55835118976017,823.5305379231771,819.9337100074405,803.6073560527726,5.787042245644216,7.856178555651374,-2.069136310007158
2024-07-05,842.826416015625,844.2968895533086,820.5242340274244,821.5045497192135,24873722,59.345161447415066,826.4769287109375,823.2014305478051,805.6503607058057,6.982037106284224,7.681350265777944,-0.6993131594937196
2024-07-08,839.3953247070312,847.9730871492928,836.6994565108919,842.8264296839359,10359800,55.26682252549078,828.0018649631077,825.0360223679315,807.4956449620864,7.565013976968771,7.65808300801611,-0.09306903104733877
2024-07-09,844.3458862304688,852.8256408262188,839.1502250746712,842.9734801738035,13585081,54.138915431473826,829.7392035590278,826.4994913736979,809.4361093558517,8.330467840748156,7.792559974562519,0.5379078661856367
2024-07-10,832.2880249023438,843.3165764690709,826.8962885808327,843.1695051813592,17343236,52.41824517128149,830.2838270399305,827.3024175734747,810.3915118049173,7.873367624192269,7.80872150448847,0.06464611970379952
2024-07-11,839.8364868164062,841.4049680302959,833.0232806157347,837.5817726337938,8501366,59.375012517947155,831.1279907226562,828.2897367931548,811.7104396446078,8.027672192694013,7.8525116421295795,0.17516055056443314
2024-07-12,842.7774047851562,846.0124345728623,838.4639918457344,839.8364577356562,11446064,62.47688240784324,833.0613878038195,829.2513805571057,812.6106304093903,8.291685784409765,7.9403464705856175,0.3513393138241474
2024-07-15,864.001220703125,869.8831149197468,842.7774216383809,842.7774216383809,25392820,66.25102603356385,839.073988172743,830.9996076311384,813.9317004633884,10.097109830812315,8.371699142630957,1.7254106881813573
2024-07-16,863.364013671875,870.6183136551655,857.0899695148005,864.9324947942838,11893692,64.99787621615681,843.5126342773438,832.9368983677456,815.1684378829657,11.34571774124663,8.966502862354092,2.3792148788925385
2024-07-18,875.9610595703125,877.2845216320075,860.2270049507774,863.315023261012,19435183,69.15345201450744,849.4217597113716,835.2079613095239,816.6257084865196,13.19956842375575,9.813115974634425,3.3864524491213253
2024-07-19,871.84375,881.3038205050954,865.912851939986,877.3825576774864,14562742,65.70761284875198,852.6459079318577,836.9235142299107,818.4493480009191,14.173146760012969,10.685122131710134,3.488024628302835
2024-07-22,859.540771484375,877.382528728047,850.914005515022,864.0992633045507,14614111,62.98916297310468,854.884290907118,838.4663434709821,820.1432902018229,13.792970284210014,11.30669176221011,2.4862785219999033
2024-07-23,846.8947143554688,867.0891928212089,832.385994861864,865.618719345537,18279212,64.38094352609566,855.167494032118,839.7547578357514,821.421018114277,12.329124097338081,11.511178229235705,0.8179458681023757
2024-07-24,835.2289428710938,850.9139934414429,830.5234396667329,847.1888058977289,19624845,54.65788133545506,855.4942626953125,840.6557123093378,822.2998621323529,10.11113036702011,11.231168656792587,-1.1200382897724772
2024-07-25,831.7978515625,834.0035618347636,824.6415590903446,830.8175358859385,9522375,53.47958487807819,854.6010810004341,840.9474719819568,823.1577471564798,7.9844541449513144,10.581825754424333,-2.5973716094730186
2024-07-26,845.4732666015625,847.2378228513442,827.386430415429,828.0236595382181,12081506,51.07398579840391,854.900621202257,841.7457304454986,824.4454130284927,7.318180194652086,9.929096642469885,-2.6109164478177984
2024-07-29,854.443115234375,871.5986394833856,846.208499495082,849.0023752250042,26582781,55.84315119627431,853.838609483507,843.0341448102679,825.7312526328891,7.428316105215913,9.428940535019091,-2.000624429803178
2024-07-30,855.6195068359375,863.2169532964333,851.8943192478578,857.4821305468374,13528447,54.50980277258124,852.9781087239584,844.1475016276041,827.0004583620557,7.523794953728498,9.047911418760972,-1.524116465032474
2024-07-31,855.2274169921875,857.727209991399,850.9140040978348,856.6488268509507,11636874,60.12111765615145,850.6743706597222,845.5689581008185,828.4198309206495,7.481581244044719,8.734645383817721,-1.2530641397730022
2024-08-01,845.6693725585938,864.0502921513843,842.5323503146797,860.5211196893349,11787203,52.52869341755431,847.7661064995659,847.2728416806176,829.5402532839307,6.600782556638023,8.307872818381782,-1.7070902617437582
2024-08-02,831.16064453125,841.4049555903533,829.494155703777,839.8364743996533,12609331,45.4229330224384,844.6127590603298,847.6416248139881,830.1342079312194,4.67808411211081,7.581915077127587,-2.9038309650167777
2024-08-05,795.6732788085938,814.9854506435058,784.2525767265245,813.6620483537691,27676951,25.798613227905108,838.9214884440104,846.3508794875372,829.9977333218444,0.28748397271544945,6.12302885624516,-5.83554488352971
2024-08-06,781.9978637695312,810.2799484288843,779.988228505242,806.4567530115417,17900930,23.617290679370555,833.0069240993923,843.4542817615327,829.3365023743872,-4.246637381467963,4.049095608702536,-8.2957329901705
2024-08-07,792.7322998046875,794.7419349850848,784.7917068840424,793.0753863597355,17692355,22.68339079967018,828.6663072374132,841.2322329566592,828.953026865043,-6.894308646112336,1.8604147577395616,-8.754723403851898
2024-08-08,792.1441040039062,801.7021822548979,786.9974464841414,796.01636305695,14769069,23.221333700827643,822.7408447265625,838.7464338030134,828.4599860696231,-8.937048947008634,-0.2990779832100776,-8.637970963798557
2024-08-09,808.07421875,813.6130263830515,793.6145621891944,799.9376104147318,15320885,33.11896410897036,817.5887451171875,837.5933954148065,828.3283152860754,-9.164861408740421,-2.0722346683161463,-7.092626740424275
2024-08-12,796.6044921875,806.799799123275,795.2320861451166,804.4470175738744,16120449,33.37652176684945,811.0315212673611,835.5347290039062,828.135134229473,-10.15386803293211,-3.688561341239339,-6.465306691692771
2024-08-13,781.8507690429688,803.8588683191833,779.3999798102883,797.4868163142143,17585172,32.7087880800987,802.8785603841146,832.6334606352307,827.5911554074755,-11.989952356487379,-5.348839544288947,-6.641112812198432
2024-08-14,787.1934814453125,793.2224467373169,784.6446846418667,785.183846292551,11788665,35.727716584641826,796.3812391493055,828.9759492420014,827.0654368681066,-12.865643046761193,-6.852200244783396,-6.013442801977797
2024-08-16,796.1143188476562,798.85925054641,787.1934703278642,787.1934703278642,11427335,33.710738544600346,792.4872029622396,825.7735828218006,825.2672286688113,-12.693474728734373,-8.020455141573592,-4.6730195871607805
2024-08-19,797.682861328125,809.1525664711355,796.6044782061931,798.9572597142997,10151482,30.30611959655033,792.7104899088541,822.0460495721726,826.0072703642004,-12.288804142337199,-8.874124941726315,-3.414679200610884
2024-08-20,804.1529541015625,806.7998184496117,797.3397480422,801.8492361476191,10347493,32.77558757563007,795.1721666124132,818.8226783389136,826.5944991766238,-11.315578428705294,-9.362415639122112,-1.9531627895831818
2024-08-21,799.4964599609375,804.8391925113443,795.2321105845307,804.1529595522029,14607257,31.86601886371274,795.9237399631077,815.9634254092261,826.5675886565564,-10.795585411536763,-9.649049593605042,-1.1465358179317207
2024-08-22,804.1529541015625,807.6821265102021,801.0159319051235,802.8785556624933,7832917,36.046109453332356,797.258056640625,813.9281034923736,826.3820968328738,-9.893698638588148,-9.697979402601664,-0.1957192359864841
2024-08-23,799.3003540039062,805.8194771135562,798.4671096216442,805.3293192807621,5537747,38.54825865189491,796.2831827799479,812.2172183082217,826.0658964269302,-9.461445492204007,-9.650672620522133,0.1892271283181266
2024-08-26,799.0062866210938,807.2409623037237,797.7808920155667,801.8982298568817,8523795,51.603742221814976,796.550048828125,810.6557152157739,825.6718474743413,-9.038421245749078,-9.528222345567523,0.489801099818445
2024-08-27,799.839599609375,803.3197083604263,795.0850325876467,801.702163529934,12833290,59.79547125452295,798.5488077799479,808.482683454241,825.2259006874234,-8.537514931133728,-9.330080862680765,0.7925659315470366
2024-08-28,793.467529296875,801.1139795760346,790.6245899129868,798.7121942115388,10371300,50.423963847280106,799.2459242078993,805.579084123884,824.5627453373928,-8.55608664767567,-9.175282019679747,0.6191953720040768
2024-08-29,798.4671020507812,799.937575535221,791.0657308125117,793.6145275853862,18247268,53.469585696717026,799.5073445638021,802.8575410388764,824.0879648246017,-8.074305560350808,-8.95508672781396,0.8807811674631516
2024-08-30,799.5454711914062,804.5451172254517,798.3200765507661,801.0650084127782,8911426,44.40874370290937,799.7143012152778,800.2060198102679,823.5247635186887,-7.518803118204801,-8.667830005892128,1.1490268876873273
2024-09-02,805.966552734375,809.1525786646832,797.04564422928,801.2119858304522,11813750,56.572637179183936,799.9158121744791,798.3154093424479,822.9394579120711,-6.485673012033544,-8.231398607120411,1.745725595086867
2024-09-03,808.5643920898438,809.6917790988241,800.3297759604034,805.966591337859,10548350,72.61409973690357,800.9233601888021,797.2393973214286,822.5752036898743,-5.395094740813192,-7.664137833858968,2.2690430930457754
2024-09-04,800.427734375,802.5354369721819,797.6338586845211,799.3984149013352,10789570,60.697279280737106,800.5094468858507,797.4657999674479,822.1946099973193,-5.128248622484875,-7.1569599915841495,2.028711369099274
2024-09-05,802.6334838867188,805.9665812189434,798.369134501237,802.2413336710257,8395074,55.91115066267314,800.8797946506077,798.4484485444568,821.9264646043964,-4.6847823451107615,-6.662524462289472,1.9777421171787104
2024-09-06,767.0970458984375,796.8986675256167,761.7053094735923,795.5262015930762,40220096,32.83833062098971,797.3343234592014,797.2277221679688,820.7779576918658,-7.11876498902393,-6.753772567636363,-0.3649924213875666
2024-09-09,768.8125610351562,772.6848198824725,755.8233784610844,769.5477977846319,21322103,29.052892967405228,793.8868747287327,796.1166963123139,819.6035012637867,-8.807755710653169,-7.164569196239725,-1.6431865144134434
2024-09-10,767.2440795898438,773.2729850328517,762.1954299786836,772.4887444671417,12824701,30.15683827025029,790.973158094618,794.1724039713541,818.4242398131128,-10.155786782089763,-7.762812713409733,-2.3929740686800294
2024-09-11,753.4706420898438,772.4887910829905,750.3336796377038,764.6952691046852,20060665,21.963155467289184,785.9735514322916,792.1184111095611,816.8797619389553,-12.194936775014867,-8.649237525730761,-3.5456992492841053
2024-09-12,772.24365234375,774.3513549221617,757.5389176117205,759.7446278215249,17578964,37.030082337444846,782.9400160047743,791.6609293619791,815.8379349054075,-12.156025703348178,-9.350595161254246,-2.805430542093932
2024-09-13,775.2826538085938,779.3509879306515,769.6458384870828,775.429725098296,12950936,38.91942373523019,779.5306939019097,791.0937470935639,815.1594022863052,-11.744582146261564,-9.829392558255709,-1.9151895880058554
2024-09-16,770.0869750976562,779.3509702962235,768.9596479590956,775.2826362662203,9553736,36.64758580225914,775.2554253472222,789.8543497721354,814.1137312346814,-11.702854787635943,-10.204085004131755,-1.498769783504187
2024-09-17,767.4891967773438,771.9986251303302,765.1854189481497,770.1360013393838,10665630,37.93261436726242,771.5955878363716,788.4165562220982,813.02961880553,-11.744026725516733,-10.512073348408752,-1.2319533771079811
2024-09-18,777.145263671875,779.1058950529456,766.6068699986203,768.3714262748396,18324412,40.50633668198863,768.7635633680555,787.1304757254464,811.7417530732996,-10.872164340810968,-10.584091546889196,-0.28807279392177243
2024-09-19,774.400390625,785.5759535812824,768.6165041254203,779.3999767062683,10645478,38.96774062245769,769.5750461154514,785.9354248046875,810.4673426011029,-10.284146198802887,-10.524102477271935,0.2399562784690481
2024-09-20,766.3128051757812,779.203920907502,764.1560986394321,779.203920907502,21372244,32.852895113148875,769.2972954644097,784.1335129510788,808.937282188266,-10.351413488633852,-10.48956467954432,0.13815119091046668
2024-09-23,786.0661010742188,789.1541193879206,769.0576480246257,770.5281215390131,17309545,41.528209729509086,771.3886311848959,783.5033104306176,808.0309699563419,-8.7103894589834,-10.133729635432136,1.4233401764487361
2024-09-24,782.5369873046875,788.4188813527027,780.8214348740164,783.5173029793567,15180653,43.02102440148645,774.6182250976562,782.7190580822173,806.9074503580729,-7.606947919260051,-9.628373292197718,2.021425372937667
2024-09-25,777.4883422851562,782.2919130531816,773.1749891911104,782.1939054186181,18465571,40.40400370071191,775.2009684244791,781.6547124953497,805.6272726619945,-7.058480242467681,-9.11439468225171,2.055914439784029
2024-09-26,786.0661010742188,787.193488035404,776.0178653925714,780.331278301596,23198842,59.114458541529444,776.3991292317709,781.302263532366,804.0991330614277,-5.86406492001322,-8.464328729804013,2.6002638097907926
2024-09-27,786.8504028320312,792.095067775522,782.7330650179391,786.0661024227028,15193681,58.745278652704144,778.261732313368,780.7490873790923,802.598866182215,-4.79887710641276,-7.731238405125763,2.932361298713003
2024-09-30,772.3907470703125,786.8013396781569,770.9692773696576,786.1151665701419,15484573,52.21800486618004,778.8063490125868,779.4560052780878,800.5680757410386,-5.063117004311266,-7.197614124962865,2.1344971206515986
2024-10-01,781.2625732421875,784.5956105690549,772.4887361629332,772.4887361629332,13280535,62.505527124242064,779.2638278537327,778.2796253022693,798.7919742359835,-4.504719201155467,-6.659035140201386,2.154315939045919
2024-10-03,778.4686889648438,788.1738385219239,768.861606879953,774.3514108096929,15944135,53.271532270739975,779.7158610026041,776.8464965820312,797.2023255591299,-4.238766172930809,-6.174981346747271,1.9362151738164615
2024-10-04,780.968505859375,793.9086248930724,769.7928832389414,776.4100140404223,20097454,53.00519829592413,781.3442721896702,775.9198666527158,795.9096548043045,-3.782677795436939,-5.6965206364852055,1.9138428410482664
2024-10-07,755.4802856445312,788.1737888998624,750.3336284408941,784.2525262685198,24267990,43.64334117437065,777.9458482530382,773.6744762602307,794.3459556429993,-5.415484493508416,-5.640313407889848,0.22482891438143238
2024-10-08,766.0676879882812,768.9596311652928,757.0487719081607,757.0487719081607,8560960,49.421598107788874,776.1159261067709,773.6254592168899,793.05712890625,-5.788454973196735,-5.669941720951226,-0.11851325224550902
2024-10-09,781.7037353515625,788.5168813576186,766.6558539907494,771.214345767345,18758697,51.76873577286217,776.5843031141493,774.2393246605283,791.8067459405637,-4.767382995560297,-5.489429975873041,0.7220469803127445
2024-10-10,781.4096069335938,788.6149631033948,779.3509679329196,783.2722306646576,10241015,52.7723768051145,776.0669148763021,774.9138735816592,790.3747163660386,-3.936531912571354,-5.178850363212704,1.24231845064135
2024-10-11,784.0074462890625,786.8993894424932,777.3903156076607,781.5076533317213,14322720,57.316555495827,775.7510308159722,776.3680071149554,788.9705583160999,-3.033484398538917,-4.749777170277947,1.7162927717390302
2024-10-14,789.3012084960938,793.3204789260238,785.036799307843,786.2131901126612,8967564,51.519366156809696,777.6299709743923,777.1802716936384,787.6778875612745,-1.8691044961174157,-4.173642635445841,2.304538139328425
2024-10-15,788.81103515625,791.6049109083206,785.821024467886,789.6442795500336,6252104,53.03318402587209,778.4686889648438,777.824480329241,786.5630182004443,-0.974642850434293,-3.5338426784435315,2.5591998280092385
2024-10-16,789.5952758789062,793.0753845737652,786.2621786357137,786.9974153952073,6494240,56.10480468687485,779.7049763997396,778.7534470331101,785.7480109719669,-0.2001862572748223,-2.8671113942097897,2.6669251369349674
2024-10-17,795.0850219726562,803.3687014528558,790.1344397449686,793.5655446321986,18580553,54.69388092206746,781.2734781901041,780.0675339471726,785.7364765242035,0.846791517007091,-2.1243308119664137,2.9711223289735047
2024-10-18,804.2510375976562,806.4076843065691,787.0955125621578,795.1340535689559,11704698,58.329428043525766,786.6924506293403,781.3582850864956,786.1728132659314,2.3886153328461432,-1.2217415830039025,3.610356915850046
2024-10-21,797.927978515625,810.1819248045383,793.0754038184709,808.4663723240905,10359618,63.2569814276408,790.2324829101562,782.4786464146206,786.274689319087,3.064972693892969,-0.3643987276245282,3.429371421517497
2024-10-22,774.841552734375,800.7708551163644,771.9986132726441,797.9769793065807,16645356,47.095369466397486,789.4700181749132,782.884777250744,785.9354236079197,1.718301644426674,0.05214134678571225,1.6661602976409617
2024-10-23,770.5281372070312,776.9981968684108,764.4501679238956,774.4493999917999,13866198,46.45670192043716,788.2609659830729,782.1448742094494,785.1992259306066,0.2995455762027177,0.10162219266911335,0.19792338353360436
2024-10-24,778.9097900390625,781.3115753553931,769.2047009756573,770.5771069894755,5607500,49.12716074940482,787.6945597330729,781.972150530134,784.8522709865196,-0.14680719237128415,0.05193631566103385,-0.198743508032318
2024-10-25,765.5775756835938,784.9878150281925,756.8037379978327,782.2919467905059,9717125,54.77295336046106,785.0586005316841,781.4049711681548,784.5331887637867,-1.5583792281020123,-0.27012679309157545,-1.288252435010437
2024-10-28,776.4590454101562,788.1248262816986,768.1263618829754,768.3714408102454,13757251,54.898340136743364,783.6861572265625,780.947492327009,784.3227096258425,-1.7785149562211018,-0.5718044257174808,-1.206710530503621
2024-10-29,816.3088989257812,818.4165417897631,774.9395642381633,780.3313006117369,28274791,63.28066550078166,786.6543375651041,782.3502778552827,784.7186817842371,1.2481877019830563,-0.2078060001773734,1.4559937021604297
2024-10-30,806.2606201171875,816.6029382811352,804.8881542706223,811.701360020144,15977682,58.8729441658658,787.8960706922743,783.963128952753,784.8868731330423,2.803739478500347,0.3945030955581707,2.4092363829421766
2024-10-31,804.054931640625,811.7013819677803,797.5358084437482,803.8588565381399,13402324,57.17796639801395,787.874281141493,785.0484793526786,784.8849511240043,3.814572821191291,1.0785170406847948,2.7360557805064962
2024-11-01,805.0352783203125,809.3486315724846,802.7805641392085,806.2116691468042,1637141,55.81311231869188,788.6639811197916,786.3135550362723,784.9935554055606,4.641269644514637,1.7910675614507632,2.8502020830638735
2024-11-04,813.5149536132812,821.0143925955531,791.2127716054617,806.5057323110566,14498161,58.61832246041524,792.9610256618923,787.8633858816964,785.1771240234375,5.912515958015888,2.615357240763788,3.2971587172521
2024-11-05,832.4840698242188,834.6407762413705,809.9858134770826,813.5149259169897,26254561,63.277692328041326,799.8450181749132,791.5302327473959,785.8277851179535,8.35433341182511,3.7631524749760525,4.591180936849057
2024-11-06,837.9738159179688,844.4439351874554,829.543125158185,832.48407214421,15002433,63.277692328041326,806.4076877170139,794.954334077381,786.5918543198529,10.610160639104947,5.132554107801832,5.477606531303115
2024-11-07,842.6793212890625,845.4242530166981,830.0332851169691,844.0517871528804,15283847,62.234687330089706,814.9745483398438,797.8579334077381,787.4318488625919,12.632001081658132,6.632443502573093,5.999557579085039
2024-11-08,826.55322265625,846.5026236103943,817.7793850018238,842.6793683716584,26139105,58.578163650078174,820.5405680338541,800.0076293945312,788.0805879480698,12.78569725162049,7.863094252382573,4.922602999237918
2024-11-11,830.964599609375,837.1895801654074,825.4257921537154,829.3470548242794,12621337,68.93816755846092,822.1689792209202,802.2436843145462,788.7177937825521,13.112313241422953,8.91293805019065,4.199375191232303
2024-11-12,810.427001953125,836.6014431355901,808.0742203373242,835.7191350712344,11350729,62.13479304119128,822.6319105360243,803.2496744791666,788.9311571308211,11.580454010240487,9.446441242200619,2.1340127680398684
2024-11-13,792.7322998046875,815.3775681145983,788.8110370785578,807.1428924562375,13756706,53.978578345324046,821.3738403320312,803.4364013671875,788.671661975337,8.836765221715268,9.32450603810355,-0.48774081638828193
2024-11-14,788.4188842773438,801.8982248540469,785.2818621400214,792.732297195377,9461484,56.93451648576451,819.527574327257,803.380382719494,788.2766520182291,6.242357493803752,8.70807632924359,-2.465718835439839
2024-11-18,798.2710571289062,800.623838726437,783.5173179107193,795.0360273075926,9322451,56.66367327698601,817.8338080512153,803.5320986793155,788.23436422909,4.924492208028482,7.951359505000569,-3.026867296972087
2024-11-19,787.1934814453125,804.1529305358586,784.3505420744752,802.8785321341356,13677029,39.20782205361939,812.8015204535591,802.7198341006324,787.9316190831802,2.9521758503049114,6.951522774061439,-3.9993469237565273
2024-11-21,765.3814697265625,782.7820731049121,746.5593966407021,782.7820731049121,29486577,36.06282014786108,804.7357042100695,801.1700003487723,787.897980334712,-0.3667188217752937,5.487874454894093,-5.8545932766693864
2024-11-22,799.9866333007812,803.8098885516449,768.6165301838633,770.5281578092952,20665405,48.863949735975474,799.9920722113716,802.3673851376489,788.5092366536459,-0.20228742421647894,4.349842079071978,-4.552129503288457
2024-11-25,827.8275756835938,832.8761654605977,809.3976531392633,810.721055354177,23434605,55.53439192960397,800.1336669921875,805.095929827009,789.6971483417586,2.149775740297059,3.9098288113169946,-1.7600530710199354
2024-11-26,822.8770141601562,830.0333067307656,819.1027628532369,827.3864424008906,8893744,52.312922133772744,799.2350463867188,807.1896071661087,791.0580575980392,3.57314481329945,3.842492011713486,-0.2693471984140361
2024-11-27,817.6812744140625,825.9159499554146,815.7206430788567,821.9946872850031,8375108,46.075873341425506,800.0410766601562,809.6707356770834,791.9489913641238,4.233125448432816,3.920618699057352,0.3125067493754634
2024-11-28,822.3377685546875,829.1509743675217,814.1521567162539,817.6812691634748,13505677,45.836590470513165,803.3305731879341,811.8554367792038,792.8716406728707,5.073421769815809,4.1511793132090435,0.9222424566067655
2024-11-29,822.4358520507812,827.4354380874087,815.181492082223,824.5434948634407,10822949,44.47418920265277,807.1102362738716,812.1471964518229,793.898089240579,5.681781140732369,4.457299678713708,1.2244814620186606
2024-12-02,819.93603515625,825.4257788732257,816.308855277593,822.4358281017708,6651119,48.04855290233117,809.5174560546875,812.7984066917783,794.9264586205576,5.894250740140478,4.744689890999062,1.149560849141416
2024-12-03,837.1405639648438,839.7383645454308,820.4261940455666,821.5045173305319,12186182,51.69354085556225,815.0671318901909,814.3739129929315,796.1028370576746,7.3659856219560425,5.268949037190459,2.0970365847655836
2024-12-04,842.7774047851562,846.9927502560289,833.562413429901,837.1405896069477,10749716,59.66040961540915,823.6666802300347,816.1711571103051,797.4435628255209,8.884773921044939,5.992114013961356,2.8926599070835834
2024-12-05,848.4142456054688,854.2961398822408,838.7580999342011,843.0715130039896,14716036,67.91796834644735,829.0475260416666,817.8330281575521,799.0533949908088,10.423119304332772,6.878315072035639,3.5448042322971327
2024-12-06,846.649658203125,858.2173712226388,840.1305350189066,848.2181393525192,14520568,69.05066276249616,831.1388685438368,818.507579985119,800.2413078756894,11.368828865361934,7.776417830700899,3.592411034661035
2024-12-09,841.1598510742188,849.7866170280626,840.0815277676334,842.0911629301171,9630346,64.44368711243831,833.1702948676216,818.6592959449405,801.390775792739,11.54227676910034,8.529589618380788,3.012687150719552
2024-12-10,850.423828125,851.8452977871689,841.1598332466929,844.8360169417576,7379849,71.55745666933855,836.8083563910591,819.028081984747,802.8208833582261,12.285639800079025,9.280799654720436,3.004840145358589
2024-12-11,844.6399536132812,852.7275578551114,844.0027843308235,850.4238399742597,7006973,80.33765116015022,839.286376953125,819.8893548874628,803.9693902707568,12.26664774307244,9.877969272390837,2.3886784706816027
2024-12-12,836.8955078125,847.2868300848979,834.3957147957527,844.5419581482005,8845103,67.78457406604628,840.8930053710938,820.1717790876116,804.9506668390012,11.4941865206481,10.201212722042289,1.2929737986058107
2024-12-13,844.5909423828125,845.91440442009,818.5635736543202,835.8171052852829,9379370,60.023415255097085,843.6324395073784,821.7986333937872,806.366356943168,11.371874799051056,10.435345137444044,0.9365296616070129
2024-12-16,844.0028076171875,849.3455401092758,840.9147892516194,842.8754206370667,6432713,63.32712908708252,844.3949110243055,824.2400861467634,807.5965576171875,11.099535778900417,10.568183265735318,0.5313525131650998
2024-12-17,833.8074951171875,845.6202871717958,830.37639021472,841.6500206085419,8791216,59.569528412457636,843.3982543945312,826.4014485677084,808.6816322476257,9.946373033438817,10.443821219276018,-0.4974481858372002
2024-12-18,821.651611328125,835.2289595659852,820.5242243623587,834.2486438857434,8295338,49.626103198444014,840.4246283637153,827.5148082914807,809.4793401979932,7.959848836203946,9.947026742661603,-1.9871779064576565
2024-12-19,816.4068603515625,821.5045136920517,804.0549071102052,808.3682600646816,9453398,46.88920115464146,837.0643174913195,828.9059215727307,810.673978917739,5.8943600130467075,9.136493396738624,-3.2421333836919164
2024-12-20,796.016357421875,819.5439344885314,794.0557259996536,818.4656111397987,10244198,39.58156103785623,832.0483737521702,830.3647257486979,811.2612077301624,2.582334518882476,7.825661621167394,-5.243327102284918
2024-12-23,804.9862670898438,807.780142922531,796.2124295415985,801.2120157160039,4933200,34.91262878862513,826.999755859375,830.6028035481771,811.7177279603247,0.6735627859264923,6.395241854119214,-5.721679068192722
2024-12-24,796.0653686523438,809.9368600271976,793.2714927831553,808.0252324059893,10602771,28.737171401741406,821.6025797526041,829.0903174990699,812.005095837163,-1.541228194006976,4.8079478444939765,-6.349176038500953
2024-12-26,796.45751953125,806.6527671299033,792.0951026058469,796.9966812110812,8318714,25.164010617583187,817.1094699435764,827.8322463262649,812.2492149203431,-3.227616746987678,3.2008349261976456,-6.428451673185323
2024-12-27,783.9094848632812,802.1923370345046,781.507699396533,800.2317056059302,10649800,22.812238651697996,810.3670857747396,826.2240658714658,812.1434948491116,-5.51306220506433,1.4580554999452509,-6.971117705009581
2024-12-30,772.7828369140625,792.0460639180922,769.5478071437691,786.2131736679016,21515438,21.749695252802738,802.4537556966146,823.8643072219122,811.8292164522059,-8.128422304007245,-0.4592400608452485,-7.6691822431619965
2024-12-31,779.3019409179688,783.4682824464205,770.5281038501324,771.4594156879419,9086044,19.93369865813061,796.3975830078125,821.8103114536831,811.6273863549326,-9.564819528747648,-2.280355954425729,-7.2844635743219195
